:02000004800179
:104000000D00400300000D008004911000F8D9FF5E
:104010006444DC0FFFFFFFFFDEC00D9002000000D4
:10402000FFFFFFFFFFFFFFFFFFFFFFFFFFFFFFFFA0
:10403000FFFFFFFFFFFFFFFFFFFFFFFFFFFFFFFF90
:10404000FFFFFFFFFFFFFFFFFFFFFFFFFFFFFFFF80
:10405000FFFFFFFFFFFFFFFFFFFFFFFFFFFFFFFF70
:10406000FFFFFFFFFFFFFFFFFFFFFFFFFFFFFFFF60
:10407000FFFFFFFFFFFFFFFFFFFFFFFFFFFFFFFF50
:10408000FFFFFFFFFFFFFFFFFFFFFFFFFFFFFFFF40
:10409000FFFFFFFFFFFFFFFFFFFFFFFFFFFFFFFF30
:1040A000FFFFFFFFFFFFFFFFFFFFFFFFFFFFFFFF20
:1040B000FFFFFFFFFFFFFFFFFFFFFFFFFFFFFFFF10
:1040C000FFFFFFFFFFFFFFFFFFFFFFFFFFFFFFFF00
:1040D000FFFFFFFFFFFFFFFFFFFFFFFFFFFFFFFFF0
:1040E000FFFFFFFFFFFFFFFFFFFFFFFFFFFFFFFFE0
:1040F000FFFFFFFFFFFFFFFFFFFFFFFFFFFFFFFFD0
:1041000000A03C00000000000000000000000000D3
:1041100000000D00400200800000000000000000D0
:1041200000A03C00000000000000000000000000B3
:1041300000000D00400200800000000000000000B0
:1041400000A03C0000000000000000000000000093
:1041500000000D0040020080000000000000000090
:1041600000A03C0000000000000000000000000073
:1041700000000D0040020080000000000000000070
:1041800000A03C0000000000000000000000000053
:1041900000000D0040020080000000000000000050
:1041A00000A03C0000000000000000000000000033
:1041B00000000D0040020080000000000000000030
:1041C0003B000FE07FEF03800080910001F5D9FFF5
:1041D0004854DC0F00000000000000000000000058
:1041E00000A03C00000000000000000000000000F3
:1041F00000000D00400200800000000000000000F0
:104200003B7A776D324B67555A21000474000000E9
:1042100003000006004001800040000000005080C4
:10422000A0A5030000006080000000000000000066
:10423000000000000000000000000000000000007E
:10424000000000008BCB349F00000000623A831D09
:10425000000000000000000000000000000000005E
:10426000000000000000000000000000000000004E
:10427000000000004C785F3F7A672E0003455358DA
:104280002D34434D2D4100000000000000000000CF
:104290000000000000000000000041707220203982
:1042A00020323032360031353A33313A3238004537
:1042B00053582D34434D2D4120464C4F52592038F0
:1042C000373732000000000000000000000000004E
:1042D00056322E3030723200000000000000000024
:1042E00000FF2000FFFFFFFFFFFFFFFFFFFFFFFFBB
:1042F000FFFFFFFFFFFFFFFFFFFFFFFFFFFFFFFFCE
:10430000FFFFFFFFFFFFFFFFFFFFFFFFFFFFFFFFBD
:10431000FFFFFFFFFFFFFFFFFFFFFFFFFFFFFFFFAD
:10432000FFFFFFFFFFFFFFFFFFFFFFFFFFFFFFFF9D
:10433000FFFFFFFFFFFFFFFFFFFFFFFFFFFFFFFF8D
:10434000FFFFFFFFFFFFFFFFFFFFFFFFFFFFFFFF7D
:10435000FFFFFFFFFFFFFFFFFFFFFFFFFFFFFFFF6D
:10436000FFFFFFFFFFFFFFFFFFFFFFFFFFFFFFFF5D
:10437000FFFFFFFFFFFFFFFFFFFFFFFFFFFFFFFF4D
:10438000FFFFFFFFFFFFFFFFFFFFFFFFFFFFFFFF3D
:10439000FFFFFFFFFFFFFFFFFFFFFFFFFFFFFFFF2D
:1043A000FFFFFFFFFFFFFFFFFFFFFFFFFFFFFFFF1D
:1043B000FFFFFFFFFFFFFFFFFFFFFFFFFFFFFFFF0D
:1043C000FFFFFFFFFFFFFFFFFFFFFFFFFFFFFFFFFD
:1043D000FFFFFFFFFFFFFFFFFFFFFFFFFFFFFFFFED
:1043E000FFFFFFFFFFFFFFFFFFFFFFFFFFFFFFFFDD
:1043F000FFFFFFFFFFFFFFFFFFFFFFFFFFFFFFFFCD
:10440000A0A55380000060800000000000000000B4
:10441000000000004C785F3F7A6731000345535835
:104420002D34434D2D41000000000000000000002D
:10443000000000000000000000004F6374203234D0
:1044400020323032340030373A34323A323000429F
:10445000494F53204170706C69636174696F6E20BD
:10446000436F7265000000000000000000000000C3
:1044700076322E307234726330000000000000008B
:10448000003C6261736564206F6E20706C617466BD
:104490006F726D206465706C6F796D656E742072DB
:1044A000656C6561736531395F76305F30307230CD
:1044B00030004C785F3F7A673200034553582D3403
:1044C000434D2D41000000000000000000000000EE
:1044D00000000000000000004F63742032382032DA
:1044E0003032340030383A31353A3539006F706542
:1044F0006E5359444520736572766572206C69620B
:104500007261727920000000000000000000763225
:104510002E30723200000000000000000000000099
:104520000000FFFF4DC0E1FF1607BF6F0380825FF1
:1045300053CF20F09130007FD977004660FF30F7ED
:104540004C708F1FC0F18FEFC0F196F2547E8FEE4A
:10455000C0E18F1E4FE1747E0D0080046C704C70C2
:104560000D00C0044C7196086C71910000A5D9AA89
:1045700028567B0000051B000001CD80E20F0D00D6
:10458000C0044C7096018FEFC0F196F2547E8FEE0E
:10459000C0E18F1E4FE1747E0D0080046C704C7082
:1045A0000D00C004820F910000F5D9FF306674FF42
:1045B0004D40E00F8FF047018F00C801CD40E00F64
:1045C0000D00C0044D40E00F8F005001CD40E00FC2
:1045D0000D00C0049100F109D900E0E49110051824
:1045E000D911000C91100588D988000C9100F1991F
:1045F000D999E0E4911000F8D9FF5EE42D0F200076
:104600004DC0E1FF1607BF6F0380825F53CF20F0DC
:104610009130007FD977004660FF30F74C708F1FD4
:10462000C0F18FEFC0F196F2547E8FEEC0E18F1E85
:104630004FE1747E0D0080046C704C700D00C0045E
:104640007B0001051B000001CD40E20F0D00C004FE
:104650007B0001051B000000CD00E20F0D00C0042F
:104660004C7096018FEFC0F196F2547E8FEEC0E150
:104670008F1E4FE1747E0D0080046C704C700D0035
:10468000C004913005F8D9FFDE0E2D0F00009130E7
:1046900005F8D9FFB6FE2D0F0000911000F8D9FFE4
:1046A0007CC42D0F0000912005F8D9FFF4132D0FC5
:1046B0000000911000F8D9FF7CC42D0F000091106C
:1046C00000F8D9FF7CC42D0F0000912005F8D9FF18
:1046D000AAC32D0F0000910005F8D9FFE8F32D0FB4
:1046E0000000911000F8D9FF7CC42D0F000091301C
:1046F00005F8D9FFD81E2D0F00008204200874A4ED
:1047000059A4040040A4910005F8D9FF20252D0FDD
:104710000000D9AA080089A23CF5910005F8D9FF4C
:10472000F4F32D0F000044A4913005F8D9FFEA837B
:104730002D0F200000A03C00821A3C03820A3C019D
:104740004DC0E1BF8F7B00B1BF6B0380825B9100E6
:1047500000F5D9FF306654FDC21D74FD821E26DEB1
:104760008FFD01E0912000F7D9FFF8FD821D0FBDFC
:1047700000D002DC49FC8008A6DC827D26DC5FDC00
:104780000E0076A7912005E8D9EE4CF62D0E00001C
:1047900054FCC6ECEFFCF7FF009074FE009089AB70
:1047A000BCF5911000F8D9FF4AF42D0F20009110AC
:1047B00000F8D9FF82142D0F2000911000F8D9FFC6
:1047C00096242D0F2000C4ABDC0B7B000000CD0035
:1047D000E00F0D00C0047B1000051B0008041BF057
:1047E00003008FF0C3017B4000251B02002C8FF2D9
:1047F000C321A20206A260033700640E8F000100ED
:10480000A004F4344034D9330010803137017013E0
:10481000A6011B610010CDC1E30FC2E260258041FB
:1048200037017013A60174314034D9330010FC589D
:10483000804137017013A601CD81E30F0D00C00444
:10484000DC0B820E820F911000D8D9DDB434C4DFA6
:1048500044D3DFF321008FD31F008F73001176073D
:104860001BF0FF0F600289FE4801FC2EDF01F17F83
:104870008FE11F008F310011760264FFDF01E97FB5
:104880008FF11F008F1100117602A4FFDF01E17F7D
:1048900034FF3CDEDC0B911000D8D9DD8464C4DF2A
:1048A000C4DE44D3DFF327008FD31F008F730011C2
:1048B00076091BF0FF0F600209FE480189EE4801EE
:1048C000FC2CDF01EE7F8FE11F008F31001176039A
:1048D00044FE64EEDF01E57F8FF11F008F110011B0
:1048E000760384FEA4EEDF01DC7F79FE000034EE67
:1048F0003CD7DC0B000010500010000048110050A5
:1049000018000000C872005018000000E07200504B
:1049100060040000E8CA0F9F1800000028C90F9F1C
:104920000000000004CC0FBF8403000088CF0FBF3D
:104930000000000028C90FBF30000000A0CF0F9F6B
:1049400000000000A0CF0F9F000000006060109FDB
:10495000C8E20200000000000000000000000000AB
:104960000000000000000000000000000000000047
:10497000000000004040015008000000FFFFFFFF62
:10498000FFFFFFFF004101800010105000010000F8
:10499000000050804011005008000000A80850801E
:1049A000401110506834000020005080306A0050E0
:1049B00088080000C00850800000000000000000CF
:1049C000C00850800000000000000000203D508022
:1049D000C072005008000000203D5080E07200507E
:1049E00000000000203D5080407700500000000093
:1049F000203D508020C90F9F08000000203D5080BE
:104A000060C90F9F88010000203D508040C90FBF42
:104A100000000000C03E508000CB0FBF040100002A
:104A2000C43F508088CF0FBF00000000203D508061
:104A300020000F9F0000000000405080A0CF0F9F7B
:104A40000000000000405080A0CF0F9F0000000039
:104A500000405080A84F109FA0100000A050508030
:104A60000000000000000000A05050800000000086
:104A700000000000A0505080000000000000000076
:104A8000A05050800000000000000000FFFFFFFF6A
:104A9000FFFFFFFFFFFFFFFFA0505080008013F0DB
:104AA00000000000A0505080008013F000000000C3
:104AB000A0505080000014F000000000A050508072
:104AC000000014F000000000A0505080008014F09E
:104AD00000000000A0505080008014F00000000092
:104AE000A0505080000015F000000000A050508041
:104AF000000015F000000000A0505080008015F06C
:104B000000000000A0505080008015F00000000060
:104B1000A0505080000016F000000000A05050800F
:104B2000000016F000000000FFFFFFFFFFFFFFFF87
:104B3000FFFFFFFFFFFFFFFFFFFFFFFFFFFFFFFF85
:104B4000FFFFFFFFFFFFFFFFFFFFFFFFFFFFFFFF75
:104B5000FFFFFFFFFFFFFFFFFFFFFFFFFFFFFFFF65
:104B6000FFFFFFFFFFFFFFFFFFFFFFFFFFFFFFFF55
:104B7000FFFFFFFFFFFFFFFFFFFFFFFFFFFFFFFF45
:104B8000FFFFFFFFFFFFFFFFFFFFFFFFFFFFFFFF35
:104B9000FFFFFFFFFFFFFFFFFFFFFFFFFFFFFFFF25
:104BA000FFFFFFFFFFFFFFFFFFFFFFFFFFFFFFFF15
:104BB000FFFFFFFFFFFFFFFFFFFFFFFFFFFFFFFF05
:104BC000FFFFFFFFFFFFFFFFFFFFFFFFFFFFFFFFF5
:104BD000FFFFFFFFFFFFFFFFFFFFFFFFFFFFFFFFE5
:104BE000FFFFFFFFFFFFFFFFFFFFFFFFFFFFFFFFD5
:104BF000FFFFFFFFFFFFFFFFFFFFFFFFFFFFFFFFC5
:104C0000FFFFFFFFFFFFFFFFFFFFFFFFFFFFFFFFB4
:104C1000FFFFFFFFFFFFFFFFFFFFFFFFFFFFFFFFA4
:104C2000FFFFFFFFFFFFFFFFFFFFFFFFFFFFFFFF94
:104C3000FFFFFFFFFFFFFFFFFFFFFFFFFFFFFFFF84
:104C4000FFFFFFFFFFFFFFFFFFFFFFFFFFFFFFFF74
:104C5000FFFFFFFFFFFFFFFFFFFFFFFFFFFFFFFF64
:104C6000FFFFFFFFFFFFFFFFFFFFFFFFFFFFFFFF54
:104C7000FFFFFFFFFFFFFFFFFFFFFFFFFFFFFFFF44
:104C8000FFFFFFFFFFFFFFFFFFFFFFFFFFFFFFFF34
:104C9000FFFFFFFFFFFFFFFFFFFFFFFFFFFFFFFF24
:104CA000FFFFFFFFFFFFFFFFFFFFFFFFFFFFFFFF14
:104CB000FFFFFFFFFFFFFFFFFFFFFFFFFFFFFFFF04
:104CC000FFFFFFFFFFFFFFFFFFFFFFFFFFFFFFFFF4
:104CD000FFFFFFFFFFFFFFFFFFFFFFFFFFFFFFFFE4
:104CE000FFFFFFFFFFFFFFFFFFFFFFFFFFFFFFFFD4
:104CF000FFFFFFFFFFFFFFFFFFFFFFFFFFFFFFFFC4
:104D0000FFFFFFFFFFFFFFFFFFFFFFFFFFFFFFFFB3
:104D1000FFFFFFFFFFFFFFFFFFFFFFFFFFFFFFFFA3
:104D2000FFFFFFFFFFFFFFFFFFFFFFFFFFFFFFFF93
:104D3000FFFFFFFFFFFFFFFFFFFFFFFFFFFFFFFF83
:104D4000FFFFFFFFFFFFFFFFFFFFFFFFFFFFFFFF73
:104D5000FFFFFFFFFFFFFFFFFFFFFFFFFFFFFFFF63
:104D6000FFFFFFFFFFFFFFFFFFFFFFFFFFFFFFFF53
:104D7000FFFFFFFFFFFFFFFFFFFFFFFFFFFFFFFF43
:104D8000FFFFFFFFFFFFFFFFFFFFFFFFFFFFFFFF33
:104D9000FFFFFFFFFFFFFFFFFFFFFFFFFFFFFFFF23
:104DA000FFFFFFFFFFFFFFFFFFFFFFFFFFFFFFFF13
:104DB000FFFFFFFFFFFFFFFFFFFFFFFFFFFFFFFF03
:104DC000FFFFFFFFFFFFFFFFFFFFFFFFFFFFFFFFF3
:104DD000FFFFFFFFFFFFFFFFFFFFFFFFFFFFFFFFE3
:104DE000FFFFFFFFFFFFFFFFFFFFFFFFFFFFFFFFD3
:104DF000FFFFFFFFFFFFFFFFFFFFFFFFFFFFFFFFC3
:104E0000FFFFFFFFFFFFFFFFFFFFFFFFFFFFFFFFB2
:104E1000FFFFFFFFFFFFFFFFFFFFFFFFFFFFFFFFA2
:104E2000FFFFFFFFFFFFFFFFFFFFFFFFFFFFFFFF92
:104E3000FFFFFFFFFFFFFFFFFFFFFFFFFFFFFFFF82
:104E4000FFFFFFFFFFFFFFFFFFFFFFFFFFFFFFFF72
:104E5000FFFFFFFFFFFFFFFFFFFFFFFFFFFFFFFF62
:104E6000FFFFFFFFFFFFFFFFFFFFFFFFFFFFFFFF52
:104E7000FFFFFFFFFFFFFFFFFFFFFFFFFFFFFFFF42
:104E8000FFFFFFFFFFFFFFFFFFFFFFFFFFFFFFFF32
:104E9000FFFFFFFFFFFFFFFFFFFFFFFFFFFFFFFF22
:104EA000FFFFFFFFFFFFFFFFFFFFFFFFFFFFFFFF12
:104EB000FFFFFFFFFFFFFFFFFFFFFFFFFFFFFFFF02
:104EC000FFFFFFFFFFFFFFFFFFFFFFFFFFFFFFFFF2
:104ED000FFFFFFFFFFFFFFFFFFFFFFFFFFFFFFFFE2
:104EE000FFFFFFFFFFFFFFFFFFFFFFFFFFFFFFFFD2
:104EF000FFFFFFFFFFFFFFFFFFFFFFFFFFFFFFFFC2
:104F0000FFFFFFFFFFFFFFFFFFFFFFFFFFFFFFFFB1
:104F1000FFFFFFFFFFFFFFFFFFFFFFFFFFFFFFFFA1
:104F2000FFFFFFFFFFFFFFFFFFFFFFFFFFFFFFFF91
:104F3000FFFFFFFFFFFFFFFFFFFFFFFFFFFFFFFF81
:104F4000FFFFFFFFFFFFFFFFFFFFFFFFFFFFFFFF71
:104F5000FFFFFFFFFFFFFFFFFFFFFFFFFFFFFFFF61
:104F6000FFFFFFFFFFFFFFFFFFFFFFFFFFFFFFFF51
:104F7000FFFFFFFFFFFFFFFFFFFFFFFFFFFFFFFF41
:104F8000FFFFFFFFFFFFFFFFFFFFFFFFFFFFFFFF31
:104F9000FFFFFFFFFFFFFFFFFFFFFFFFFFFFFFFF21
:104FA000FFFFFFFFFFFFFFFFFFFFFFFFFFFFFFFF11
:104FB000FFFFFFFFFFFFFFFFFFFFFFFFFFFFFFFF01
:104FC000FFFFFFFFFFFFFFFFFFFFFFFFFFFFFFFFF1
:104FD000FFFFFFFFFFFFFFFFFFFFFFFFFFFFFFFFE1
:104FE000FFFFFFFFFFFFFFFFFFFFFFFFFFFFFFFFD1
:104FF000FFFFFFFFFFFFFFFFFFFFFFFFFFFFFFFFC1
:10500000FFFFFFFFFFFFFFFFFFFFFFFFFFFFFFFFB0
:10501000FFFFFFFFFFFFFFFFFFFFFFFFFFFFFFFFA0
:10502000FFFFFFFFFFFFFFFFFFFFFFFFFFFFFFFF90
:10503000FFFFFFFFFFFFFFFFFFFFFFFFFFFFFFFF80
:10504000FFFFFFFFFFFFFFFFFFFFFFFFFFFFFFFF70
:10505000FFFFFFFFFFFFFFFFFFFFFFFFFFFFFFFF60
:10506000FFFFFFFFFFFFFFFFFFFFFFFFFFFFFFFF50
:10507000FFFFFFFFFFFFFFFFFFFFFFFFFFFFFFFF40
:10508000FFFFFFFFFFFFFFFFFFFFFFFFFFFFFFFF30
:10509000FFFFFFFFFFFFFFFFFFFFFFFFFFFFFFFF20
:1050A000FFFFFFFFFFFFFFFFFFFFFFFFFFFFFFFF10
:1050B000FFFFFFFFFFFFFFFFFFFFFFFFFFFFFFFF00
:1050C000FFFFFFFFFFFFFFFFFFFFFFFFFFFFFFFFF0
:1050D000FFFFFFFFFFFFFFFFFFFFFFFFFFFFFFFFE0
:1050E000FFFFFFFFFFFFFFFFFFFFFFFFFFFFFFFFD0
:1050F000FFFFFFFFFFFFFFFFFFFFFFFFFFFFFFFFC0
:10510000FFFFFFFFFFFFFFFFFFFFFFFFFFFFFFFFAF
:10511000FFFFFFFFFFFFFFFFFFFFFFFFFFFFFFFF9F
:10512000FFFFFFFFFFFFFFFFFFFFFFFFFFFFFFFF8F
:10513000FFFFFFFFFFFFFFFFFFFFFFFFFFFFFFFF7F
:10514000FFFFFFFFFFFFFFFFFFFFFFFFFFFFFFFF6F
:10515000FFFFFFFFFFFFFFFFFFFFFFFFFFFFFFFF5F
:10516000FFFFFFFFFFFFFFFFFFFFFFFFFFFFFFFF4F
:10517000FFFFFFFFFFFFFFFFFFFFFFFFFFFFFFFF3F
:10518000FFFFFFFFFFFFFFFFFFFFFFFFFFFFFFFF2F
:10519000FFFFFFFFFFFFFFFFFFFFFFFFFFFFFFFF1F
:1051A000FFFFFFFFFFFFFFFFFFFFFFFFFFFFFFFF0F
:1051B000FFFFFFFFFFFFFFFFFFFFFFFFFFFFFFFFFF
:1051C000FFFFFFFFFFFFFFFFFFFFFFFFFFFFFFFFEF
:1051D000FFFFFFFFFFFFFFFFFFFFFFFFFFFFFFFFDF
:1051E000FFFFFFFFFFFFFFFFFFFFFFFFFFFFFFFFCF
:1051F000FFFFFFFFFFFFFFFFFFFFFFFFFFFFFFFFBF
:10520000FFFFFFFFFFFFFFFFFFFFFFFFFFFFFFFFAE
:10521000FFFFFFFFFFFFFFFFFFFFFFFFFFFFFFFF9E
:10522000FFFFFFFFFFFFFFFFFFFFFFFFFFFFFFFF8E
:10523000FFFFFFFFFFFFFFFFFFFFFFFFFFFFFFFF7E
:10524000FFFFFFFFFFFFFFFFFFFFFFFFFFFFFFFF6E
:10525000FFFFFFFFFFFFFFFFFFFFFFFFFFFFFFFF5E
:10526000FFFFFFFFFFFFFFFFFFFFFFFFFFFFFFFF4E
:10527000FFFFFFFFFFFFFFFFFFFFFFFFFFFFFFFF3E
:10528000FFFFFFFFFFFFFFFFFFFFFFFFFFFFFFFF2E
:10529000FFFFFFFFFFFFFFFFFFFFFFFFFFFFFFFF1E
:1052A000FFFFFFFFFFFFFFFFFFFFFFFFFFFFFFFF0E
:1052B000FFFFFFFFFFFFFFFFFFFFFFFFFFFFFFFFFE
:1052C000FFFFFFFFFFFFFFFFFFFFFFFFFFFFFFFFEE
:1052D000FFFFFFFFFFFFFFFFFFFFFFFFFFFFFFFFDE
:1052E000FFFFFFFFFFFFFFFFFFFFFFFFFFFFFFFFCE
:1052F000FFFFFFFFFFFFFFFFFFFFFFFFFFFFFFFFBE
:10530000FFFFFFFFFFFFFFFFFFFFFFFFFFFFFFFFAD
:10531000FFFFFFFFFFFFFFFFFFFFFFFFFFFFFFFF9D
:10532000FFFFFFFFFFFFFFFFFFFFFFFFFFFFFFFF8D
:10533000FFFFFFFFFFFFFFFFFFFFFFFFFFFFFFFF7D
:10534000FFFFFFFFFFFFFFFFFFFFFFFFFFFFFFFF6D
:10535000FFFFFFFFFFFFFFFFFFFFFFFFFFFFFFFF5D
:10536000FFFFFFFFFFFFFFFFFFFFFFFFFFFFFFFF4D
:10537000FFFFFFFFFFFFFFFFFFFFFFFFFFFFFFFF3D
:10538000FFFFFFFFFFFFFFFFFFFFFFFFFFFFFFFF2D
:10539000FFFFFFFFFFFFFFFFFFFFFFFFFFFFFFFF1D
:1053A000FFFFFFFFFFFFFFFFFFFFFFFFFFFFFFFF0D
:1053B000FFFFFFFFFFFFFFFFFFFFFFFFFFFFFFFFFD
:1053C000FFFFFFFFFFFFFFFFFFFFFFFFFFFFFFFFED
:1053D000FFFFFFFFFFFFFFFFFFFFFFFFFFFFFFFFDD
:1053E000FFFFFFFFFFFFFFFFFFFFFFFFFFFFFFFFCD
:1053F000FFFFFFFFFFFFFFFFFFFFFFFFFFFFFFFFBD
:10540000FFFFFFFFFFFFFFFFFFFFFFFFFFFFFFFFAC
:10541000FFFFFFFFFFFFFFFFFFFFFFFFFFFFFFFF9C
:10542000FFFFFFFFFFFFFFFFFFFFFFFFFFFFFFFF8C
:10543000FFFFFFFFFFFFFFFFFFFFFFFFFFFFFFFF7C
:10544000FFFFFFFFFFFFFFFFFFFFFFFFFFFFFFFF6C
:10545000FFFFFFFFFFFFFFFFFFFFFFFFFFFFFFFF5C
:10546000FFFFFFFFFFFFFFFFFFFFFFFFFFFFFFFF4C
:10547000FFFFFFFFFFFFFFFFFFFFFFFFFFFFFFFF3C
:10548000FFFFFFFFFFFFFFFFFFFFFFFFFFFFFFFF2C
:10549000FFFFFFFFFFFFFFFFFFFFFFFFFFFFFFFF1C
:1054A000FFFFFFFFFFFFFFFFFFFFFFFFFFFFFFFF0C
:1054B000FFFFFFFFFFFFFFFFFFFFFFFFFFFFFFFFFC
:1054C000FFFFFFFFFFFFFFFFFFFFFFFFFFFFFFFFEC
:1054D000FFFFFFFFFFFFFFFFFFFFFFFFFFFFFFFFDC
:1054E000FFFFFFFFFFFFFFFFFFFFFFFFFFFFFFFFCC
:1054F000FFFFFFFFFFFFFFFFFFFFFFFFFFFFFFFFBC
:10550000FFFFFFFFFFFFFFFFFFFFFFFFFFFFFFFFAB
:10551000FFFFFFFFFFFFFFFFFFFFFFFFFFFFFFFF9B
:10552000FFFFFFFFFFFFFFFFFFFFFFFFFFFFFFFF8B
:10553000FFFFFFFFFFFFFFFFFFFFFFFFFFFFFFFF7B
:10554000FFFFFFFFFFFFFFFFFFFFFFFFFFFFFFFF6B
:10555000FFFFFFFFFFFFFFFFFFFFFFFFFFFFFFFF5B
:10556000FFFFFFFFFFFFFFFFFFFFFFFFFFFFFFFF4B
:10557000FFFFFFFFFFFFFFFFFFFFFFFFFFFFFFFF3B
:10558000FFFFFFFFFFFFFFFFFFFFFFFFFFFFFFFF2B
:10559000FFFFFFFFFFFFFFFFFFFFFFFFFFFFFFFF1B
:1055A000FFFFFFFFFFFFFFFFFFFFFFFFFFFFFFFF0B
:1055B000FFFFFFFFFFFFFFFFFFFFFFFFFFFFFFFFFB
:1055C000FFFFFFFFFFFFFFFFFFFFFFFFFFFFFFFFEB
:1055D000FFFFFFFFFFFFFFFFFFFFFFFFFFFFFFFFDB
:1055E000FFFFFFFFFFFFFFFFFFFFFFFFFFFFFFFFCB
:1055F000FFFFFFFFFFFFFFFFFFFFFFFFFFFFFFFFBB
:10560000FFFFFFFFFFFFFFFFFFFFFFFFFFFFFFFFAA
:10561000FFFFFFFFFFFFFFFFFFFFFFFFFFFFFFFF9A
:10562000FFFFFFFFFFFFFFFFFFFFFFFFFFFFFFFF8A
:10563000FFFFFFFFFFFFFFFFFFFFFFFFFFFFFFFF7A
:10564000FFFFFFFFFFFFFFFFFFFFFFFFFFFFFFFF6A
:10565000FFFFFFFFFFFFFFFFFFFFFFFFFFFFFFFF5A
:10566000FFFFFFFFFFFFFFFFFFFFFFFFFFFFFFFF4A
:10567000FFFFFFFFFFFFFFFFFFFFFFFFFFFFFFFF3A
:10568000FFFFFFFFFFFFFFFFFFFFFFFFFFFFFFFF2A
:10569000FFFFFFFFFFFFFFFFFFFFFFFFFFFFFFFF1A
:1056A000FFFFFFFFFFFFFFFFFFFFFFFFFFFFFFFF0A
:1056B000FFFFFFFFFFFFFFFFFFFFFFFFFFFFFFFFFA
:1056C000FFFFFFFFFFFFFFFFFFFFFFFFFFFFFFFFEA
:1056D000FFFFFFFFFFFFFFFFFFFFFFFFFFFFFFFFDA
:1056E000FFFFFFFFFFFFFFFFFFFFFFFFFFFFFFFFCA
:1056F000FFFFFFFFFFFFFFFFFFFFFFFFFFFFFFFFBA
:10570000FFFFFFFFFFFFFFFFFFFFFFFFFFFFFFFFA9
:10571000FFFFFFFFFFFFFFFFFFFFFFFFFFFFFFFF99
:10572000FFFFFFFFFFFFFFFFFFFFFFFFFFFFFFFF89
:10573000FFFFFFFFFFFFFFFFFFFFFFFFFFFFFFFF79
:10574000FFFFFFFFFFFFFFFFFFFFFFFFFFFFFFFF69
:10575000FFFFFFFFFFFFFFFFFFFFFFFFFFFFFFFF59
:10576000FFFFFFFFFFFFFFFFFFFFFFFFFFFFFFFF49
:10577000FFFFFFFFFFFFFFFFFFFFFFFFFFFFFFFF39
:10578000FFFFFFFFFFFFFFFFFFFFFFFFFFFFFFFF29
:10579000FFFFFFFFFFFFFFFFFFFFFFFFFFFFFFFF19
:1057A000FFFFFFFFFFFFFFFFFFFFFFFFFFFFFFFF09
:1057B000FFFFFFFFFFFFFFFFFFFFFFFFFFFFFFFFF9
:1057C000FFFFFFFFFFFFFFFFFFFFFFFFFFFFFFFFE9
:1057D000FFFFFFFFFFFFFFFFFFFFFFFFFFFFFFFFD9
:1057E000FFFFFFFFFFFFFFFFFFFFFFFFFFFFFFFFC9
:1057F000FFFFFFFFFFFFFFFFFFFFFFFFFFFFFFFFB9
:10580000FFFFFFFFFFFFFFFFFFFFFFFFFFFFFFFFA8
:10581000FFFFFFFFFFFFFFFFFFFFFFFFFFFFFFFF98
:10582000FFFFFFFFFFFFFFFFFFFFFFFFFFFFFFFF88
:10583000FFFFFFFFFFFFFFFFFFFFFFFFFFFFFFFF78
:10584000FFFFFFFFFFFFFFFFFFFFFFFFFFFFFFFF68
:10585000FFFFFFFFFFFFFFFFFFFFFFFFFFFFFFFF58
:10586000FFFFFFFFFFFFFFFFFFFFFFFFFFFFFFFF48
:10587000FFFFFFFFFFFFFFFFFFFFFFFFFFFFFFFF38
:10588000FFFFFFFFFFFFFFFFFFFFFFFFFFFFFFFF28
:10589000FFFFFFFFFFFFFFFFFFFFFFFFFFFFFFFF18
:1058A000FFFFFFFFFFFFFFFFFFFFFFFFFFFFFFFF08
:1058B000FFFFFFFFFFFFFFFFFFFFFFFFFFFFFFFFF8
:1058C000FFFFFFFFFFFFFFFFFFFFFFFFFFFFFFFFE8
:1058D000FFFFFFFFFFFFFFFFFFFFFFFFFFFFFFFFD8
:1058E000FFFFFFFFFFFFFFFFFFFFFFFFFFFFFFFFC8
:1058F000FFFFFFFFFFFFFFFFFFFFFFFFFFFFFFFFB8
:10590000FFFFFFFFFFFFFFFFFFFFFFFFFFFFFFFFA7
:10591000FFFFFFFFFFFFFFFFFFFFFFFFFFFFFFFF97
:10592000FFFFFFFFFFFFFFFFFFFFFFFFFFFFFFFF87
:10593000FFFFFFFFFFFFFFFFFFFFFFFFFFFFFFFF77
:10594000FFFFFFFFFFFFFFFFFFFFFFFFFFFFFFFF67
:10595000FFFFFFFFFFFFFFFFFFFFFFFFFFFFFFFF57
:10596000FFFFFFFFFFFFFFFFFFFFFFFFFFFFFFFF47
:10597000FFFFFFFFFFFFFFFFFFFFFFFFFFFFFFFF37
:10598000FFFFFFFFFFFFFFFFFFFFFFFFFFFFFFFF27
:10599000FFFFFFFFFFFFFFFFFFFFFFFFFFFFFFFF17
:1059A000FFFFFFFFFFFFFFFFFFFFFFFFFFFFFFFF07
:1059B000FFFFFFFFFFFFFFFFFFFFFFFFFFFFFFFFF7
:1059C000FFFFFFFFFFFFFFFFFFFFFFFFFFFFFFFFE7
:1059D000FFFFFFFFFFFFFFFFFFFFFFFFFFFFFFFFD7
:1059E000FFFFFFFFFFFFFFFFFFFFFFFFFFFFFFFFC7
:1059F000FFFFFFFFFFFFFFFFFFFFFFFFFFFFFFFFB7
:105A0000FFFFFFFFFFFFFFFFFFFFFFFFFFFFFFFFA6
:105A1000FFFFFFFFFFFFFFFFFFFFFFFFFFFFFFFF96
:105A2000FFFFFFFFFFFFFFFFFFFFFFFFFFFFFFFF86
:105A3000FFFFFFFFFFFFFFFFFFFFFFFFFFFFFFFF76
:105A4000FFFFFFFFFFFFFFFFFFFFFFFFFFFFFFFF66
:105A5000FFFFFFFFFFFFFFFFFFFFFFFFFFFFFFFF56
:105A6000FFFFFFFFFFFFFFFFFFFFFFFFFFFFFFFF46
:105A7000FFFFFFFFFFFFFFFFFFFFFFFFFFFFFFFF36
:105A8000FFFFFFFFFFFFFFFFFFFFFFFFFFFFFFFF26
:105A9000FFFFFFFFFFFFFFFFFFFFFFFFFFFFFFFF16
:105AA000FFFFFFFFFFFFFFFFFFFFFFFFFFFFFFFF06
:105AB000FFFFFFFFFFFFFFFFFFFFFFFFFFFFFFFFF6
:105AC000FFFFFFFFFFFFFFFFFFFFFFFFFFFFFFFFE6
:105AD000FFFFFFFFFFFFFFFFFFFFFFFFFFFFFFFFD6
:105AE000FFFFFFFFFFFFFFFFFFFFFFFFFFFFFFFFC6
:105AF000FFFFFFFFFFFFFFFFFFFFFFFFFFFFFFFFB6
:105B0000FFFFFFFFFFFFFFFFFFFFFFFFFFFFFFFFA5
:105B1000FFFFFFFFFFFFFFFFFFFFFFFFFFFFFFFF95
:105B2000FFFFFFFFFFFFFFFFFFFFFFFFFFFFFFFF85
:105B3000FFFFFFFFFFFFFFFFFFFFFFFFFFFFFFFF75
:105B4000FFFFFFFFFFFFFFFFFFFFFFFFFFFFFFFF65
:105B5000FFFFFFFFFFFFFFFFFFFFFFFFFFFFFFFF55
:105B6000FFFFFFFFFFFFFFFFFFFFFFFFFFFFFFFF45
:105B7000FFFFFFFFFFFFFFFFFFFFFFFFFFFFFFFF35
:105B8000FFFFFFFFFFFFFFFFFFFFFFFFFFFFFFFF25
:105B9000FFFFFFFFFFFFFFFFFFFFFFFFFFFFFFFF15
:105BA000FFFFFFFFFFFFFFFFFFFFFFFFFFFFFFFF05
:105BB000FFFFFFFFFFFFFFFFFFFFFFFFFFFFFFFFF5
:105BC000FFFFFFFFFFFFFFFFFFFFFFFFFFFFFFFFE5
:105BD000FFFFFFFFFFFFFFFFFFFFFFFFFFFFFFFFD5
:105BE000FFFFFFFFFFFFFFFFFFFFFFFFFFFFFFFFC5
:105BF000FFFFFFFFFFFFFFFFFFFFFFFFFFFFFFFFB5
:105C0000FFFFFFFFFFFFFFFFFFFFFFFFFFFFFFFFA4
:105C1000FFFFFFFFFFFFFFFFFFFFFFFFFFFFFFFF94
:105C2000FFFFFFFFFFFFFFFFFFFFFFFFFFFFFFFF84
:105C3000FFFFFFFFFFFFFFFFFFFFFFFFFFFFFFFF74
:105C4000FFFFFFFFFFFFFFFFFFFFFFFFFFFFFFFF64
:105C5000FFFFFFFFFFFFFFFFFFFFFFFFFFFFFFFF54
:105C6000FFFFFFFFFFFFFFFFFFFFFFFFFFFFFFFF44
:105C7000FFFFFFFFFFFFFFFFFFFFFFFFFFFFFFFF34
:105C8000FFFFFFFFFFFFFFFFFFFFFFFFFFFFFFFF24
:105C9000FFFFFFFFFFFFFFFFFFFFFFFFFFFFFFFF14
:105CA000FFFFFFFFFFFFFFFFFFFFFFFFFFFFFFFF04
:105CB000FFFFFFFFFFFFFFFFFFFFFFFFFFFFFFFFF4
:105CC000FFFFFFFFFFFFFFFFFFFFFFFFFFFFFFFFE4
:105CD000FFFFFFFFFFFFFFFFFFFFFFFFFFFFFFFFD4
:105CE000FFFFFFFFFFFFFFFFFFFFFFFFFFFFFFFFC4
:105CF000FFFFFFFFFFFFFFFFFFFFFFFFFFFFFFFFB4
:105D0000FFFFFFFFFFFFFFFFFFFFFFFFFFFFFFFFA3
:105D1000FFFFFFFFFFFFFFFFFFFFFFFFFFFFFFFF93
:105D2000FFFFFFFFFFFFFFFFFFFFFFFFFFFFFFFF83
:105D3000FFFFFFFFFFFFFFFFFFFFFFFFFFFFFFFF73
:105D4000FFFFFFFFFFFFFFFFFFFFFFFFFFFFFFFF63
:105D5000FFFFFFFFFFFFFFFFFFFFFFFFFFFFFFFF53
:105D6000FFFFFFFFFFFFFFFFFFFFFFFFFFFFFFFF43
:105D7000FFFFFFFFFFFFFFFFFFFFFFFFFFFFFFFF33
:105D8000FFFFFFFFFFFFFFFFFFFFFFFFFFFFFFFF23
:105D9000FFFFFFFFFFFFFFFFFFFFFFFFFFFFFFFF13
:105DA000FFFFFFFFFFFFFFFFFFFFFFFFFFFFFFFF03
:105DB000FFFFFFFFFFFFFFFFFFFFFFFFFFFFFFFFF3
:105DC000FFFFFFFFFFFFFFFFFFFFFFFFFFFFFFFFE3
:105DD000FFFFFFFFFFFFFFFFFFFFFFFFFFFFFFFFD3
:105DE000FFFFFFFFFFFFFFFFFFFFFFFFFFFFFFFFC3
:105DF000FFFFFFFFFFFFFFFFFFFFFFFFFFFFFFFFB3
:105E0000FFFFFFFFFFFFFFFFFFFFFFFFFFFFFFFFA2
:105E1000FFFFFFFFFFFFFFFFFFFFFFFFFFFFFFFF92
:105E2000FFFFFFFFFFFFFFFFFFFFFFFFFFFFFFFF82
:105E3000FFFFFFFFFFFFFFFFFFFFFFFFFFFFFFFF72
:105E4000FFFFFFFFFFFFFFFFFFFFFFFFFFFFFFFF62
:105E5000FFFFFFFFFFFFFFFFFFFFFFFFFFFFFFFF52
:105E6000FFFFFFFFFFFFFFFFFFFFFFFFFFFFFFFF42
:105E7000FFFFFFFFFFFFFFFFFFFFFFFFFFFFFFFF32
:105E8000FFFFFFFFFFFFFFFFFFFFFFFFFFFFFFFF22
:105E9000FFFFFFFFFFFFFFFFFFFFFFFFFFFFFFFF12
:105EA000FFFFFFFFFFFFFFFFFFFFFFFFFFFFFFFF02
:105EB000FFFFFFFFFFFFFFFFFFFFFFFFFFFFFFFFF2
:105EC000FFFFFFFFFFFFFFFFFFFFFFFFFFFFFFFFE2
:105ED000FFFFFFFFFFFFFFFFFFFFFFFFFFFFFFFFD2
:105EE000FFFFFFFFFFFFFFFFFFFFFFFFFFFFFFFFC2
:105EF000FFFFFFFFFFFFFFFFFFFFFFFFFFFFFFFFB2
:105F0000FFFFFFFFFFFFFFFFFFFFFFFFFFFFFFFFA1
:105F1000FFFFFFFFFFFFFFFFFFFFFFFFFFFFFFFF91
:105F2000FFFFFFFFFFFFFFFFFFFFFFFFFFFFFFFF81
:105F3000FFFFFFFFFFFFFFFFFFFFFFFFFFFFFFFF71
:105F4000FFFFFFFFFFFFFFFFFFFFFFFFFFFFFFFF61
:105F5000FFFFFFFFFFFFFFFFFFFFFFFFFFFFFFFF51
:105F6000FFFFFFFFFFFFFFFFFFFFFFFFFFFFFFFF41
:105F7000FFFFFFFFFFFFFFFFFFFFFFFFFFFFFFFF31
:105F8000FFFFFFFFFFFFFFFFFFFFFFFFFFFFFFFF21
:105F9000FFFFFFFFFFFFFFFFFFFFFFFFFFFFFFFF11
:105FA000FFFFFFFFFFFFFFFFFFFFFFFFFFFFFFFF01
:105FB000FFFFFFFFFFFFFFFFFFFFFFFFFFFFFFFFF1
:105FC000FFFFFFFFFFFFFFFFFFFFFFFFFFFFFFFFE1
:105FD000FFFFFFFFFFFFFFFFFFFFFFFFFFFFFFFFD1
:105FE000FFFFFFFFFFFFFFFFFFFFFFFFFFFFFFFFC1
:105FF000FFFFFFFFFFFFFFFFFFFFFFFFFFFFFFFFB1
:10600000FFFFFFFFFFFFFFFFFFFFFFFFFFFFFFFFA0
:10601000FFFFFFFFFFFFFFFFFFFFFFFFFFFFFFFF90
:10602000FFFFFFFFFFFFFFFFFFFFFFFFFFFFFFFF80
:10603000FFFFFFFFFFFFFFFFFFFFFFFFFFFFFFFF70
:10604000FFFFFFFFFFFFFFFFFFFFFFFFFFFFFFFF60
:10605000FFFFFFFFFFFFFFFFFFFFFFFFFFFFFFFF50
:10606000FFFFFFFFFFFFFFFFFFFFFFFFFFFFFFFF40
:10607000FFFFFFFFFFFFFFFFFFFFFFFFFFFFFFFF30
:10608000FFFFFFFFFFFFFFFFFFFFFFFFFFFFFFFF20
:10609000FFFFFFFFFFFFFFFFFFFFFFFFFFFFFFFF10
:1060A000FFFFFFFFFFFFFFFFFFFFFFFFFFFFFFFF00
:1060B000FFFFFFFFFFFFFFFFFFFFFFFFFFFFFFFFF0
:1060C000FFFFFFFFFFFFFFFFFFFFFFFFFFFFFFFFE0
:1060D000FFFFFFFFFFFFFFFFFFFFFFFFFFFFFFFFD0
:1060E000FFFFFFFFFFFFFFFFFFFFFFFFFFFFFFFFC0
:1060F000FFFFFFFFFFFFFFFFFFFFFFFFFFFFFFFFB0
:10610000FFFFFFFFFFFFFFFFFFFFFFFFFFFFFFFF9F
:10611000FFFFFFFFFFFFFFFFFFFFFFFFFFFFFFFF8F
:10612000FFFFFFFFFFFFFFFFFFFFFFFFFFFFFFFF7F
:10613000FFFFFFFFFFFFFFFFFFFFFFFFFFFFFFFF6F
:10614000FFFFFFFFFFFFFFFFFFFFFFFFFFFFFFFF5F
:10615000FFFFFFFFFFFFFFFFFFFFFFFFFFFFFFFF4F
:10616000FFFFFFFFFFFFFFFFFFFFFFFFFFFFFFFF3F
:10617000FFFFFFFFFFFFFFFFFFFFFFFFFFFFFFFF2F
:10618000FFFFFFFFFFFFFFFFFFFFFFFFFFFFFFFF1F
:10619000FFFFFFFFFFFFFFFFFFFFFFFFFFFFFFFF0F
:1061A000FFFFFFFFFFFFFFFFFFFFFFFFFFFFFFFFFF
:1061B000FFFFFFFFFFFFFFFFFFFFFFFFFFFFFFFFEF
:1061C000FFFFFFFFFFFFFFFFFFFFFFFFFFFFFFFFDF
:1061D000FFFFFFFFFFFFFFFFFFFFFFFFFFFFFFFFCF
:1061E000FFFFFFFFFFFFFFFFFFFFFFFFFFFFFFFFBF
:1061F000FFFFFFFFFFFFFFFFFFFFFFFFFFFFFFFFAF
:10620000FFFFFFFFFFFFFFFFFFFFFFFFFFFFFFFF9E
:10621000FFFFFFFFFFFFFFFFFFFFFFFFFFFFFFFF8E
:10622000FFFFFFFFFFFFFFFFFFFFFFFFFFFFFFFF7E
:10623000FFFFFFFFFFFFFFFFFFFFFFFFFFFFFFFF6E
:10624000FFFFFFFFFFFFFFFFFFFFFFFFFFFFFFFF5E
:10625000FFFFFFFFFFFFFFFFFFFFFFFFFFFFFFFF4E
:10626000FFFFFFFFFFFFFFFFFFFFFFFFFFFFFFFF3E
:10627000FFFFFFFFFFFFFFFFFFFFFFFFFFFFFFFF2E
:10628000FFFFFFFFFFFFFFFFFFFFFFFFFFFFFFFF1E
:10629000FFFFFFFFFFFFFFFFFFFFFFFFFFFFFFFF0E
:1062A000FFFFFFFFFFFFFFFFFFFFFFFFFFFFFFFFFE
:1062B000FFFFFFFFFFFFFFFFFFFFFFFFFFFFFFFFEE
:1062C000FFFFFFFFFFFFFFFFFFFFFFFFFFFFFFFFDE
:1062D000FFFFFFFFFFFFFFFFFFFFFFFFFFFFFFFFCE
:1062E000FFFFFFFFFFFFFFFFFFFFFFFFFFFFFFFFBE
:1062F000FFFFFFFFFFFFFFFFFFFFFFFFFFFFFFFFAE
:10630000FFFFFFFFFFFFFFFFFFFFFFFFFFFFFFFF9D
:10631000FFFFFFFFFFFFFFFFFFFFFFFFFFFFFFFF8D
:10632000FFFFFFFFFFFFFFFFFFFFFFFFFFFFFFFF7D
:10633000FFFFFFFFFFFFFFFFFFFFFFFFFFFFFFFF6D
:10634000FFFFFFFFFFFFFFFFFFFFFFFFFFFFFFFF5D
:10635000FFFFFFFFFFFFFFFFFFFFFFFFFFFFFFFF4D
:10636000FFFFFFFFFFFFFFFFFFFFFFFFFFFFFFFF3D
:10637000FFFFFFFFFFFFFFFFFFFFFFFFFFFFFFFF2D
:10638000FFFFFFFFFFFFFFFFFFFFFFFFFFFFFFFF1D
:10639000FFFFFFFFFFFFFFFFFFFFFFFFFFFFFFFF0D
:1063A000FFFFFFFFFFFFFFFFFFFFFFFFFFFFFFFFFD
:1063B000FFFFFFFFFFFFFFFFFFFFFFFFFFFFFFFFED
:1063C000FFFFFFFFFFFFFFFFFFFFFFFFFFFFFFFFDD
:1063D000FFFFFFFFFFFFFFFFFFFFFFFFFFFFFFFFCD
:1063E000FFFFFFFFFFFFFFFFFFFFFFFFFFFFFFFFBD
:1063F000FFFFFFFFFFFFFFFFFFFFFFFFFFFFFFFFAD
:10640000FFFFFFFFFFFFFFFFFFFFFFFFFFFFFFFF9C
:10641000FFFFFFFFFFFFFFFFFFFFFFFFFFFFFFFF8C
:10642000FFFFFFFFFFFFFFFFFFFFFFFFFFFFFFFF7C
:10643000FFFFFFFFFFFFFFFFFFFFFFFFFFFFFFFF6C
:10644000FFFFFFFFFFFFFFFFFFFFFFFFFFFFFFFF5C
:10645000FFFFFFFFFFFFFFFFFFFFFFFFFFFFFFFF4C
:10646000FFFFFFFFFFFFFFFFFFFFFFFFFFFFFFFF3C
:10647000FFFFFFFFFFFFFFFFFFFFFFFFFFFFFFFF2C
:10648000FFFFFFFFFFFFFFFFFFFFFFFFFFFFFFFF1C
:10649000FFFFFFFFFFFFFFFFFFFFFFFFFFFFFFFF0C
:1064A000FFFFFFFFFFFFFFFFFFFFFFFFFFFFFFFFFC
:1064B000FFFFFFFFFFFFFFFFFFFFFFFFFFFFFFFFEC
:1064C000FFFFFFFFFFFFFFFFFFFFFFFFFFFFFFFFDC
:1064D000FFFFFFFFFFFFFFFFFFFFFFFFFFFFFFFFCC
:1064E000FFFFFFFFFFFFFFFFFFFFFFFFFFFFFFFFBC
:1064F000FFFFFFFFFFFFFFFFFFFFFFFFFFFFFFFFAC
:10650000FFFFFFFFFFFFFFFFFFFFFFFFFFFFFFFF9B
:10651000FFFFFFFFFFFFFFFFFFFFFFFFFFFFFFFF8B
:10652000FFFFFFFFFFFFFFFFFFFFFFFFFFFFFFFF7B
:10653000FFFFFFFFFFFFFFFFFFFFFFFFFFFFFFFF6B
:10654000FFFFFFFFFFFFFFFFFFFFFFFFFFFFFFFF5B
:10655000FFFFFFFFFFFFFFFFFFFFFFFFFFFFFFFF4B
:10656000FFFFFFFFFFFFFFFFFFFFFFFFFFFFFFFF3B
:10657000FFFFFFFFFFFFFFFFFFFFFFFFFFFFFFFF2B
:10658000FFFFFFFFFFFFFFFFFFFFFFFFFFFFFFFF1B
:10659000FFFFFFFFFFFFFFFFFFFFFFFFFFFFFFFF0B
:1065A000FFFFFFFFFFFFFFFFFFFFFFFFFFFFFFFFFB
:1065B000FFFFFFFFFFFFFFFFFFFFFFFFFFFFFFFFEB
:1065C000FFFFFFFFFFFFFFFFFFFFFFFFFFFFFFFFDB
:1065D000FFFFFFFFFFFFFFFFFFFFFFFFFFFFFFFFCB
:1065E000FFFFFFFFFFFFFFFFFFFFFFFFFFFFFFFFBB
:1065F000FFFFFFFFFFFFFFFFFFFFFFFFFFFFFFFFAB
:10660000FFFFFFFFFFFFFFFFFFFFFFFFFFFFFFFF9A
:10661000FFFFFFFFFFFFFFFFFFFFFFFFFFFFFFFF8A
:10662000FFFFFFFFFFFFFFFFFFFFFFFFFFFFFFFF7A
:10663000FFFFFFFFFFFFFFFFFFFFFFFFFFFFFFFF6A
:10664000FFFFFFFFFFFFFFFFFFFFFFFFFFFFFFFF5A
:10665000FFFFFFFFFFFFFFFFFFFFFFFFFFFFFFFF4A
:10666000FFFFFFFFFFFFFFFFFFFFFFFFFFFFFFFF3A
:10667000FFFFFFFFFFFFFFFFFFFFFFFFFFFFFFFF2A
:10668000FFFFFFFFFFFFFFFFFFFFFFFFFFFFFFFF1A
:10669000FFFFFFFFFFFFFFFFFFFFFFFFFFFFFFFF0A
:1066A000FFFFFFFFFFFFFFFFFFFFFFFFFFFFFFFFFA
:1066B000FFFFFFFFFFFFFFFFFFFFFFFFFFFFFFFFEA
:1066C000FFFFFFFFFFFFFFFFFFFFFFFFFFFFFFFFDA
:1066D000FFFFFFFFFFFFFFFFFFFFFFFFFFFFFFFFCA
:1066E000FFFFFFFFFFFFFFFFFFFFFFFFFFFFFFFFBA
:1066F000FFFFFFFFFFFFFFFFFFFFFFFFFFFFFFFFAA
:10670000FFFFFFFFFFFFFFFFFFFFFFFFFFFFFFFF99
:10671000FFFFFFFFFFFFFFFFFFFFFFFFFFFFFFFF89
:10672000FFFFFFFFFFFFFFFFFFFFFFFFFFFFFFFF79
:10673000FFFFFFFFFFFFFFFFFFFFFFFFFFFFFFFF69
:10674000FFFFFFFFFFFFFFFFFFFFFFFFFFFFFFFF59
:10675000FFFFFFFFFFFFFFFFFFFFFFFFFFFFFFFF49
:10676000FFFFFFFFFFFFFFFFFFFFFFFFFFFFFFFF39
:10677000FFFFFFFFFFFFFFFFFFFFFFFFFFFFFFFF29
:10678000FFFFFFFFFFFFFFFFFFFFFFFFFFFFFFFF19
:10679000FFFFFFFFFFFFFFFFFFFFFFFFFFFFFFFF09
:1067A000FFFFFFFFFFFFFFFFFFFFFFFFFFFFFFFFF9
:1067B000FFFFFFFFFFFFFFFFFFFFFFFFFFFFFFFFE9
:1067C000FFFFFFFFFFFFFFFFFFFFFFFFFFFFFFFFD9
:1067D000FFFFFFFFFFFFFFFFFFFFFFFFFFFFFFFFC9
:1067E000FFFFFFFFFFFFFFFFFFFFFFFFFFFFFFFFB9
:1067F000FFFFFFFFFFFFFFFFFFFFFFFFFFFFFFFFA9
:10680000FFFFFFFFFFFFFFFFFFFFFFFFFFFFFFFF98
:10681000FFFFFFFFFFFFFFFFFFFFFFFFFFFFFFFF88
:10682000FFFFFFFFFFFFFFFFFFFFFFFFFFFFFFFF78
:10683000FFFFFFFFFFFFFFFFFFFFFFFFFFFFFFFF68
:10684000FFFFFFFFFFFFFFFFFFFFFFFFFFFFFFFF58
:10685000FFFFFFFFFFFFFFFFFFFFFFFFFFFFFFFF48
:10686000FFFFFFFFFFFFFFFFFFFFFFFFFFFFFFFF38
:10687000FFFFFFFFFFFFFFFFFFFFFFFFFFFFFFFF28
:10688000FFFFFFFFFFFFFFFFFFFFFFFFFFFFFFFF18
:10689000FFFFFFFFFFFFFFFFFFFFFFFFFFFFFFFF08
:1068A000FFFFFFFFFFFFFFFFFFFFFFFFFFFFFFFFF8
:1068B000FFFFFFFFFFFFFFFFFFFFFFFFFFFFFFFFE8
:1068C000FFFFFFFFFFFFFFFFFFFFFFFFFFFFFFFFD8
:1068D000FFFFFFFFFFFFFFFFFFFFFFFFFFFFFFFFC8
:1068E000FFFFFFFFFFFFFFFFFFFFFFFFFFFFFFFFB8
:1068F000FFFFFFFFFFFFFFFFFFFFFFFFFFFFFFFFA8
:10690000FFFFFFFFFFFFFFFFFFFFFFFFFFFFFFFF97
:10691000FFFFFFFFFFFFFFFFFFFFFFFFFFFFFFFF87
:10692000FFFFFFFFFFFFFFFFFFFFFFFFFFFFFFFF77
:10693000FFFFFFFFFFFFFFFFFFFFFFFFFFFFFFFF67
:10694000FFFFFFFFFFFFFFFFFFFFFFFFFFFFFFFF57
:10695000FFFFFFFFFFFFFFFFFFFFFFFFFFFFFFFF47
:10696000FFFFFFFFFFFFFFFFFFFFFFFFFFFFFFFF37
:10697000FFFFFFFFFFFFFFFFFFFFFFFFFFFFFFFF27
:10698000FFFFFFFFFFFFFFFFFFFFFFFFFFFFFFFF17
:10699000FFFFFFFFFFFFFFFFFFFFFFFFFFFFFFFF07
:1069A000FFFFFFFFFFFFFFFFFFFFFFFFFFFFFFFFF7
:1069B000FFFFFFFFFFFFFFFFFFFFFFFFFFFFFFFFE7
:1069C000FFFFFFFFFFFFFFFFFFFFFFFFFFFFFFFFD7
:1069D000FFFFFFFFFFFFFFFFFFFFFFFFFFFFFFFFC7
:1069E000FFFFFFFFFFFFFFFFFFFFFFFFFFFFFFFFB7
:1069F000FFFFFFFFFFFFFFFFFFFFFFFFFFFFFFFFA7
:106A0000FFFFFFFFFFFFFFFFFFFFFFFFFFFFFFFF96
:106A1000FFFFFFFFFFFFFFFFFFFFFFFFFFFFFFFF86
:106A2000FFFFFFFFFFFFFFFFFFFFFFFFFFFFFFFF76
:106A3000FFFFFFFFFFFFFFFFFFFFFFFFFFFFFFFF66
:106A4000FFFFFFFFFFFFFFFFFFFFFFFFFFFFFFFF56
:106A5000FFFFFFFFFFFFFFFFFFFFFFFFFFFFFFFF46
:106A6000FFFFFFFFFFFFFFFFFFFFFFFFFFFFFFFF36
:106A7000FFFFFFFFFFFFFFFFFFFFFFFFFFFFFFFF26
:106A8000FFFFFFFFFFFFFFFFFFFFFFFFFFFFFFFF16
:106A9000FFFFFFFFFFFFFFFFFFFFFFFFFFFFFFFF06
:106AA000FFFFFFFFFFFFFFFFFFFFFFFFFFFFFFFFF6
:106AB000FFFFFFFFFFFFFFFFFFFFFFFFFFFFFFFFE6
:106AC000FFFFFFFFFFFFFFFFFFFFFFFFFFFFFFFFD6
:106AD000FFFFFFFFFFFFFFFFFFFFFFFFFFFFFFFFC6
:106AE000FFFFFFFFFFFFFFFFFFFFFFFFFFFFFFFFB6
:106AF000FFFFFFFFFFFFFFFFFFFFFFFFFFFFFFFFA6
:106B0000FFFFFFFFFFFFFFFFFFFFFFFFFFFFFFFF95
:106B1000FFFFFFFFFFFFFFFFFFFFFFFFFFFFFFFF85
:106B2000FFFFFFFFFFFFFFFFFFFFFFFFFFFFFFFF75
:106B3000FFFFFFFFFFFFFFFFFFFFFFFFFFFFFFFF65
:106B4000FFFFFFFFFFFFFFFFFFFFFFFFFFFFFFFF55
:106B5000FFFFFFFFFFFFFFFFFFFFFFFFFFFFFFFF45
:106B6000FFFFFFFFFFFFFFFFFFFFFFFFFFFFFFFF35
:106B7000FFFFFFFFFFFFFFFFFFFFFFFFFFFFFFFF25
:106B8000FFFFFFFFFFFFFFFFFFFFFFFFFFFFFFFF15
:106B9000FFFFFFFFFFFFFFFFFFFFFFFFFFFFFFFF05
:106BA000FFFFFFFFFFFFFFFFFFFFFFFFFFFFFFFFF5
:106BB000FFFFFFFFFFFFFFFFFFFFFFFFFFFFFFFFE5
:106BC000FFFFFFFFFFFFFFFFFFFFFFFFFFFFFFFFD5
:106BD000FFFFFFFFFFFFFFFFFFFFFFFFFFFFFFFFC5
:106BE000FFFFFFFFFFFFFFFFFFFFFFFFFFFFFFFFB5
:106BF000FFFFFFFFFFFFFFFFFFFFFFFFFFFFFFFFA5
:106C0000FFFFFFFFFFFFFFFFFFFFFFFFFFFFFFFF94
:106C1000FFFFFFFFFFFFFFFFFFFFFFFFFFFFFFFF84
:106C2000FFFFFFFFFFFFFFFFFFFFFFFFFFFFFFFF74
:106C3000FFFFFFFFFFFFFFFFFFFFFFFFFFFFFFFF64
:106C4000FFFFFFFFFFFFFFFFFFFFFFFFFFFFFFFF54
:106C5000FFFFFFFFFFFFFFFFFFFFFFFFFFFFFFFF44
:106C6000FFFFFFFFFFFFFFFFFFFFFFFFFFFFFFFF34
:106C7000FFFFFFFFFFFFFFFFFFFFFFFFFFFFFFFF24
:106C8000FFFFFFFFFFFFFFFFFFFFFFFFFFFFFFFF14
:106C9000FFFFFFFFFFFFFFFFFFFFFFFFFFFFFFFF04
:106CA000FFFFFFFFFFFFFFFFFFFFFFFFFFFFFFFFF4
:106CB000FFFFFFFFFFFFFFFFFFFFFFFFFFFFFFFFE4
:106CC000FFFFFFFFFFFFFFFFFFFFFFFFFFFFFFFFD4
:106CD000FFFFFFFFFFFFFFFFFFFFFFFFFFFFFFFFC4
:106CE000FFFFFFFFFFFFFFFFFFFFFFFFFFFFFFFFB4
:106CF000FFFFFFFFFFFFFFFFFFFFFFFFFFFFFFFFA4
:106D0000FFFFFFFFFFFFFFFFFFFFFFFFFFFFFFFF93
:106D1000FFFFFFFFFFFFFFFFFFFFFFFFFFFFFFFF83
:106D2000FFFFFFFFFFFFFFFFFFFFFFFFFFFFFFFF73
:106D3000FFFFFFFFFFFFFFFFFFFFFFFFFFFFFFFF63
:106D4000FFFFFFFFFFFFFFFFFFFFFFFFFFFFFFFF53
:106D5000FFFFFFFFFFFFFFFFFFFFFFFFFFFFFFFF43
:106D6000FFFFFFFFFFFFFFFFFFFFFFFFFFFFFFFF33
:106D7000FFFFFFFFFFFFFFFFFFFFFFFFFFFFFFFF23
:106D8000FFFFFFFFFFFFFFFFFFFFFFFFFFFFFFFF13
:106D9000FFFFFFFFFFFFFFFFFFFFFFFFFFFFFFFF03
:106DA000FFFFFFFFFFFFFFFFFFFFFFFFFFFFFFFFF3
:106DB000FFFFFFFFFFFFFFFFFFFFFFFFFFFFFFFFE3
:106DC000FFFFFFFFFFFFFFFFFFFFFFFFFFFFFFFFD3
:106DD000FFFFFFFFFFFFFFFFFFFFFFFFFFFFFFFFC3
:106DE000FFFFFFFFFFFFFFFFFFFFFFFFFFFFFFFFB3
:106DF000FFFFFFFFFFFFFFFFFFFFFFFFFFFFFFFFA3
:106E0000FFFFFFFFFFFFFFFFFFFFFFFFFFFFFFFF92
:106E1000FFFFFFFFFFFFFFFFFFFFFFFFFFFFFFFF82
:106E2000FFFFFFFFFFFFFFFFFFFFFFFFFFFFFFFF72
:106E3000FFFFFFFFFFFFFFFFFFFFFFFFFFFFFFFF62
:106E4000FFFFFFFFFFFFFFFFFFFFFFFFFFFFFFFF52
:106E5000FFFFFFFFFFFFFFFFFFFFFFFFFFFFFFFF42
:106E6000FFFFFFFFFFFFFFFFFFFFFFFFFFFFFFFF32
:106E7000FFFFFFFFFFFFFFFFFFFFFFFFFFFFFFFF22
:106E8000FFFFFFFFFFFFFFFFFFFFFFFFFFFFFFFF12
:106E9000FFFFFFFFFFFFFFFFFFFFFFFFFFFFFFFF02
:106EA000FFFFFFFFFFFFFFFFFFFFFFFFFFFFFFFFF2
:106EB000FFFFFFFFFFFFFFFFFFFFFFFFFFFFFFFFE2
:106EC000FFFFFFFFFFFFFFFFFFFFFFFFFFFFFFFFD2
:106ED000FFFFFFFFFFFFFFFFFFFFFFFFFFFFFFFFC2
:106EE000FFFFFFFFFFFFFFFFFFFFFFFFFFFFFFFFB2
:106EF000FFFFFFFFFFFFFFFFFFFFFFFFFFFFFFFFA2
:106F0000FFFFFFFFFFFFFFFFFFFFFFFFFFFFFFFF91
:106F1000FFFFFFFFFFFFFFFFFFFFFFFFFFFFFFFF81
:106F2000FFFFFFFFFFFFFFFFFFFFFFFFFFFFFFFF71
:106F3000FFFFFFFFFFFFFFFFFFFFFFFFFFFFFFFF61
:106F4000FFFFFFFFFFFFFFFFFFFFFFFFFFFFFFFF51
:106F5000FFFFFFFFFFFFFFFFFFFFFFFFFFFFFFFF41
:106F6000FFFFFFFFFFFFFFFFFFFFFFFFFFFFFFFF31
:106F7000FFFFFFFFFFFFFFFFFFFFFFFFFFFFFFFF21
:106F8000FFFFFFFFFFFFFFFFFFFFFFFFFFFFFFFF11
:106F9000FFFFFFFFFFFFFFFFFFFFFFFFFFFFFFFF01
:106FA000FFFFFFFFFFFFFFFFFFFFFFFFFFFFFFFFF1
:106FB000FFFFFFFFFFFFFFFFFFFFFFFFFFFFFFFFE1
:106FC000FFFFFFFFFFFFFFFFFFFFFFFFFFFFFFFFD1
:106FD000FFFFFFFFFFFFFFFFFFFFFFFFFFFFFFFFC1
:106FE000FFFFFFFFFFFFFFFFFFFFFFFFFFFFFFFFB1
:106FF000FFFFFFFFFFFFFFFFFFFFFFFFFFFFFFFFA1
:10700000FFFFFFFFFFFFFFFFFFFFFFFFFFFFFFFF90
:10701000FFFFFFFFFFFFFFFFFFFFFFFFFFFFFFFF80
:10702000FFFFFFFFFFFFFFFFFFFFFFFFFFFFFFFF70
:10703000FFFFFFFFFFFFFFFFFFFFFFFFFFFFFFFF60
:10704000FFFFFFFFFFFFFFFFFFFFFFFFFFFFFFFF50
:10705000FFFFFFFFFFFFFFFFFFFFFFFFFFFFFFFF40
:10706000FFFFFFFFFFFFFFFFFFFFFFFFFFFFFFFF30
:10707000FFFFFFFFFFFFFFFFFFFFFFFFFFFFFFFF20
:10708000FFFFFFFFFFFFFFFFFFFFFFFFFFFFFFFF10
:10709000FFFFFFFFFFFFFFFFFFFFFFFFFFFFFFFF00
:1070A000FFFFFFFFFFFFFFFFFFFFFFFFFFFFFFFFF0
:1070B000FFFFFFFFFFFFFFFFFFFFFFFFFFFFFFFFE0
:1070C000FFFFFFFFFFFFFFFFFFFFFFFFFFFFFFFFD0
:1070D000FFFFFFFFFFFFFFFFFFFFFFFFFFFFFFFFC0
:1070E000FFFFFFFFFFFFFFFFFFFFFFFFFFFFFFFFB0
:1070F000FFFFFFFFFFFFFFFFFFFFFFFFFFFFFFFFA0
:10710000FFFFFFFFFFFFFFFFFFFFFFFFFFFFFFFF8F
:10711000FFFFFFFFFFFFFFFFFFFFFFFFFFFFFFFF7F
:10712000FFFFFFFFFFFFFFFFFFFFFFFFFFFFFFFF6F
:10713000FFFFFFFFFFFFFFFFFFFFFFFFFFFFFFFF5F
:10714000FFFFFFFFFFFFFFFFFFFFFFFFFFFFFFFF4F
:10715000FFFFFFFFFFFFFFFFFFFFFFFFFFFFFFFF3F
:10716000FFFFFFFFFFFFFFFFFFFFFFFFFFFFFFFF2F
:10717000FFFFFFFFFFFFFFFFFFFFFFFFFFFFFFFF1F
:10718000FFFFFFFFFFFFFFFFFFFFFFFFFFFFFFFF0F
:10719000FFFFFFFFFFFFFFFFFFFFFFFFFFFFFFFFFF
:1071A000FFFFFFFFFFFFFFFFFFFFFFFFFFFFFFFFEF
:1071B000FFFFFFFFFFFFFFFFFFFFFFFFFFFFFFFFDF
:1071C000FFFFFFFFFFFFFFFFFFFFFFFFFFFFFFFFCF
:1071D000FFFFFFFFFFFFFFFFFFFFFFFFFFFFFFFFBF
:1071E000FFFFFFFFFFFFFFFFFFFFFFFFFFFFFFFFAF
:1071F000FFFFFFFFFFFFFFFFFFFFFFFFFFFFFFFF9F
:10720000FFFFFFFFFFFFFFFFFFFFFFFFFFFFFFFF8E
:10721000FFFFFFFFFFFFFFFFFFFFFFFFFFFFFFFF7E
:10722000FFFFFFFFFFFFFFFFFFFFFFFFFFFFFFFF6E
:10723000FFFFFFFFFFFFFFFFFFFFFFFFFFFFFFFF5E
:10724000FFFFFFFFFFFFFFFFFFFFFFFFFFFFFFFF4E
:10725000FFFFFFFFFFFFFFFFFFFFFFFFFFFFFFFF3E
:10726000FFFFFFFFFFFFFFFFFFFFFFFFFFFFFFFF2E
:10727000FFFFFFFFFFFFFFFFFFFFFFFFFFFFFFFF1E
:10728000FFFFFFFFFFFFFFFFFFFFFFFFFFFFFFFF0E
:10729000FFFFFFFFFFFFFFFFFFFFFFFFFFFFFFFFFE
:1072A000FFFFFFFFFFFFFFFFFFFFFFFFFFFFFFFFEE
:1072B000FFFFFFFFFFFFFFFFFFFFFFFFFFFFFFFFDE
:1072C000FFFFFFFFFFFFFFFFFFFFFFFFFFFFFFFFCE
:1072D000FFFFFFFFFFFFFFFFFFFFFFFFFFFFFFFFBE
:1072E000FFFFFFFFFFFFFFFFFFFFFFFFFFFFFFFFAE
:1072F000FFFFFFFFFFFFFFFFFFFFFFFFFFFFFFFF9E
:10730000FFFFFFFFFFFFFFFFFFFFFFFFFFFFFFFF8D
:10731000FFFFFFFFFFFFFFFFFFFFFFFFFFFFFFFF7D
:10732000FFFFFFFFFFFFFFFFFFFFFFFFFFFFFFFF6D
:10733000FFFFFFFFFFFFFFFFFFFFFFFFFFFFFFFF5D
:10734000FFFFFFFFFFFFFFFFFFFFFFFFFFFFFFFF4D
:10735000FFFFFFFFFFFFFFFFFFFFFFFFFFFFFFFF3D
:10736000FFFFFFFFFFFFFFFFFFFFFFFFFFFFFFFF2D
:10737000FFFFFFFFFFFFFFFFFFFFFFFFFFFFFFFF1D
:10738000FFFFFFFFFFFFFFFFFFFFFFFFFFFFFFFF0D
:10739000FFFFFFFFFFFFFFFFFFFFFFFFFFFFFFFFFD
:1073A000FFFFFFFFFFFFFFFFFFFFFFFFFFFFFFFFED
:1073B000FFFFFFFFFFFFFFFFFFFFFFFFFFFFFFFFDD
:1073C000FFFFFFFFFFFFFFFFFFFFFFFFFFFFFFFFCD
:1073D000FFFFFFFFFFFFFFFFFFFFFFFFFFFFFFFFBD
:1073E000FFFFFFFFFFFFFFFFFFFFFFFFFFFFFFFFAD
:1073F000FFFFFFFFFFFFFFFFFFFFFFFFFFFFFFFF9D
:10740000FFFFFFFFFFFFFFFFFFFFFFFFFFFFFFFF8C
:10741000FFFFFFFFFFFFFFFFFFFFFFFFFFFFFFFF7C
:10742000FFFFFFFFFFFFFFFFFFFFFFFFFFFFFFFF6C
:10743000FFFFFFFFFFFFFFFFFFFFFFFFFFFFFFFF5C
:10744000FFFFFFFFFFFFFFFFFFFFFFFFFFFFFFFF4C
:10745000FFFFFFFFFFFFFFFFFFFFFFFFFFFFFFFF3C
:10746000FFFFFFFFFFFFFFFFFFFFFFFFFFFFFFFF2C
:10747000FFFFFFFFFFFFFFFFFFFFFFFFFFFFFFFF1C
:10748000FFFFFFFFFFFFFFFFFFFFFFFFFFFFFFFF0C
:10749000FFFFFFFFFFFFFFFFFFFFFFFFFFFFFFFFFC
:1074A000FFFFFFFFFFFFFFFFFFFFFFFFFFFFFFFFEC
:1074B000FFFFFFFFFFFFFFFFFFFFFFFFFFFFFFFFDC
:1074C000FFFFFFFFFFFFFFFFFFFFFFFFFFFFFFFFCC
:1074D000FFFFFFFFFFFFFFFFFFFFFFFFFFFFFFFFBC
:1074E000FFFFFFFFFFFFFFFFFFFFFFFFFFFFFFFFAC
:1074F000FFFFFFFFFFFFFFFFFFFFFFFFFFFFFFFF9C
:10750000FFFFFFFFFFFFFFFFFFFFFFFFFFFFFFFF8B
:10751000FFFFFFFFFFFFFFFFFFFFFFFFFFFFFFFF7B
:10752000FFFFFFFFFFFFFFFFFFFFFFFFFFFFFFFF6B
:10753000FFFFFFFFFFFFFFFFFFFFFFFFFFFFFFFF5B
:10754000FFFFFFFFFFFFFFFFFFFFFFFFFFFFFFFF4B
:10755000FFFFFFFFFFFFFFFFFFFFFFFFFFFFFFFF3B
:10756000FFFFFFFFFFFFFFFFFFFFFFFFFFFFFFFF2B
:10757000FFFFFFFFFFFFFFFFFFFFFFFFFFFFFFFF1B
:10758000FFFFFFFFFFFFFFFFFFFFFFFFFFFFFFFF0B
:10759000FFFFFFFFFFFFFFFFFFFFFFFFFFFFFFFFFB
:1075A000FFFFFFFFFFFFFFFFFFFFFFFFFFFFFFFFEB
:1075B000FFFFFFFFFFFFFFFFFFFFFFFFFFFFFFFFDB
:1075C000FFFFFFFFFFFFFFFFFFFFFFFFFFFFFFFFCB
:1075D000FFFFFFFFFFFFFFFFFFFFFFFFFFFFFFFFBB
:1075E000FFFFFFFFFFFFFFFFFFFFFFFFFFFFFFFFAB
:1075F000FFFFFFFFFFFFFFFFFFFFFFFFFFFFFFFF9B
:10760000FFFFFFFFFFFFFFFFFFFFFFFFFFFFFFFF8A
:10761000FFFFFFFFFFFFFFFFFFFFFFFFFFFFFFFF7A
:10762000FFFFFFFFFFFFFFFFFFFFFFFFFFFFFFFF6A
:10763000FFFFFFFFFFFFFFFFFFFFFFFFFFFFFFFF5A
:10764000FFFFFFFFFFFFFFFFFFFFFFFFFFFFFFFF4A
:10765000FFFFFFFFFFFFFFFFFFFFFFFFFFFFFFFF3A
:10766000FFFFFFFFFFFFFFFFFFFFFFFFFFFFFFFF2A
:10767000FFFFFFFFFFFFFFFFFFFFFFFFFFFFFFFF1A
:10768000FFFFFFFFFFFFFFFFFFFFFFFFFFFFFFFF0A
:10769000FFFFFFFFFFFFFFFFFFFFFFFFFFFFFFFFFA
:1076A000FFFFFFFFFFFFFFFFFFFFFFFFFFFFFFFFEA
:1076B000FFFFFFFFFFFFFFFFFFFFFFFFFFFFFFFFDA
:1076C000FFFFFFFFFFFFFFFFFFFFFFFFFFFFFFFFCA
:1076D000FFFFFFFFFFFFFFFFFFFFFFFFFFFFFFFFBA
:1076E000FFFFFFFFFFFFFFFFFFFFFFFFFFFFFFFFAA
:1076F000FFFFFFFFFFFFFFFFFFFFFFFFFFFFFFFF9A
:10770000FFFFFFFFFFFFFFFFFFFFFFFFFFFFFFFF89
:10771000FFFFFFFFFFFFFFFFFFFFFFFFFFFFFFFF79
:10772000FFFFFFFFFFFFFFFFFFFFFFFFFFFFFFFF69
:10773000FFFFFFFFFFFFFFFFFFFFFFFFFFFFFFFF59
:10774000FFFFFFFFFFFFFFFFFFFFFFFFFFFFFFFF49
:10775000FFFFFFFFFFFFFFFFFFFFFFFFFFFFFFFF39
:10776000FFFFFFFFFFFFFFFFFFFFFFFFFFFFFFFF29
:10777000FFFFFFFFFFFFFFFFFFFFFFFFFFFFFFFF19
:10778000FFFFFFFFFFFFFFFFFFFFFFFFFFFFFFFF09
:10779000FFFFFFFFFFFFFFFFFFFFFFFFFFFFFFFFF9
:1077A000FFFFFFFFFFFFFFFFFFFFFFFFFFFFFFFFE9
:1077B000FFFFFFFFFFFFFFFFFFFFFFFFFFFFFFFFD9
:1077C000FFFFFFFFFFFFFFFFFFFFFFFFFFFFFFFFC9
:1077D000FFFFFFFFFFFFFFFFFFFFFFFFFFFFFFFFB9
:1077E000FFFFFFFFFFFFFFFFFFFFFFFFFFFFFFFFA9
:1077F000FFFFFFFFFFFFFFFFFFFFFFFFFFFFFFFF99
:10780000FFFFFFFFFFFFFFFFFFFFFFFFFFFFFFFF88
:10781000FFFFFFFFFFFFFFFFFFFFFFFFFFFFFFFF78
:10782000FFFFFFFFFFFFFFFFFFFFFFFFFFFFFFFF68
:10783000FFFFFFFFFFFFFFFFFFFFFFFFFFFFFFFF58
:10784000FFFFFFFFFFFFFFFFFFFFFFFFFFFFFFFF48
:10785000FFFFFFFFFFFFFFFFFFFFFFFFFFFFFFFF38
:10786000FFFFFFFFFFFFFFFFFFFFFFFFFFFFFFFF28
:10787000FFFFFFFFFFFFFFFFFFFFFFFFFFFFFFFF18
:10788000FFFFFFFFFFFFFFFFFFFFFFFFFFFFFFFF08
:10789000FFFFFFFFFFFFFFFFFFFFFFFFFFFFFFFFF8
:1078A000FFFFFFFFFFFFFFFFFFFFFFFFFFFFFFFFE8
:1078B000FFFFFFFFFFFFFFFFFFFFFFFFFFFFFFFFD8
:1078C000FFFFFFFFFFFFFFFFFFFFFFFFFFFFFFFFC8
:1078D000FFFFFFFFFFFFFFFFFFFFFFFFFFFFFFFFB8
:1078E000FFFFFFFFFFFFFFFFFFFFFFFFFFFFFFFFA8
:1078F000FFFFFFFFFFFFFFFFFFFFFFFFFFFFFFFF98
:10790000FFFFFFFFFFFFFFFFFFFFFFFFFFFFFFFF87
:10791000FFFFFFFFFFFFFFFFFFFFFFFFFFFFFFFF77
:10792000FFFFFFFFFFFFFFFFFFFFFFFFFFFFFFFF67
:10793000FFFFFFFFFFFFFFFFFFFFFFFFFFFFFFFF57
:10794000FFFFFFFFFFFFFFFFFFFFFFFFFFFFFFFF47
:10795000FFFFFFFFFFFFFFFFFFFFFFFFFFFFFFFF37
:10796000FFFFFFFFFFFFFFFFFFFFFFFFFFFFFFFF27
:10797000FFFFFFFFFFFFFFFFFFFFFFFFFFFFFFFF17
:10798000FFFFFFFFFFFFFFFFFFFFFFFFFFFFFFFF07
:10799000FFFFFFFFFFFFFFFFFFFFFFFFFFFFFFFFF7
:1079A000FFFFFFFFFFFFFFFFFFFFFFFFFFFFFFFFE7
:1079B000FFFFFFFFFFFFFFFFFFFFFFFFFFFFFFFFD7
:1079C000FFFFFFFFFFFFFFFFFFFFFFFFFFFFFFFFC7
:1079D000FFFFFFFFFFFFFFFFFFFFFFFFFFFFFFFFB7
:1079E000FFFFFFFFFFFFFFFFFFFFFFFFFFFFFFFFA7
:1079F000FFFFFFFFFFFFFFFFFFFFFFFFFFFFFFFF97
:107A0000FFFFFFFFFFFFFFFFFFFFFFFFFFFFFFFF86
:107A1000FFFFFFFFFFFFFFFFFFFFFFFFFFFFFFFF76
:107A2000FFFFFFFFFFFFFFFFFFFFFFFFFFFFFFFF66
:107A3000FFFFFFFFFFFFFFFFFFFFFFFFFFFFFFFF56
:107A4000FFFFFFFFFFFFFFFFFFFFFFFFFFFFFFFF46
:107A5000FFFFFFFFFFFFFFFFFFFFFFFFFFFFFFFF36
:107A6000FFFFFFFFFFFFFFFFFFFFFFFFFFFFFFFF26
:107A7000FFFFFFFFFFFFFFFFFFFFFFFFFFFFFFFF16
:107A8000FFFFFFFFFFFFFFFFFFFFFFFFFFFFFFFF06
:107A9000FFFFFFFFFFFFFFFFFFFFFFFFFFFFFFFFF6
:107AA000FFFFFFFFFFFFFFFFFFFFFFFFFFFFFFFFE6
:107AB000FFFFFFFFFFFFFFFFFFFFFFFFFFFFFFFFD6
:107AC000FFFFFFFFFFFFFFFFFFFFFFFFFFFFFFFFC6
:107AD000FFFFFFFFFFFFFFFFFFFFFFFFFFFFFFFFB6
:107AE000FFFFFFFFFFFFFFFFFFFFFFFFFFFFFFFFA6
:107AF000FFFFFFFFFFFFFFFFFFFFFFFFFFFFFFFF96
:107B0000FFFFFFFFFFFFFFFFFFFFFFFFFFFFFFFF85
:107B1000FFFFFFFFFFFFFFFFFFFFFFFFFFFFFFFF75
:107B2000FFFFFFFFFFFFFFFFFFFFFFFFFFFFFFFF65
:107B3000FFFFFFFFFFFFFFFFFFFFFFFFFFFFFFFF55
:107B4000FFFFFFFFFFFFFFFFFFFFFFFFFFFFFFFF45
:107B5000FFFFFFFFFFFFFFFFFFFFFFFFFFFFFFFF35
:107B6000FFFFFFFFFFFFFFFFFFFFFFFFFFFFFFFF25
:107B7000FFFFFFFFFFFFFFFFFFFFFFFFFFFFFFFF15
:107B8000FFFFFFFFFFFFFFFFFFFFFFFFFFFFFFFF05
:107B9000FFFFFFFFFFFFFFFFFFFFFFFFFFFFFFFFF5
:107BA000FFFFFFFFFFFFFFFFFFFFFFFFFFFFFFFFE5
:107BB000FFFFFFFFFFFFFFFFFFFFFFFFFFFFFFFFD5
:107BC000FFFFFFFFFFFFFFFFFFFFFFFFFFFFFFFFC5
:107BD000FFFFFFFFFFFFFFFFFFFFFFFFFFFFFFFFB5
:107BE000FFFFFFFFFFFFFFFFFFFFFFFFFFFFFFFFA5
:107BF000FFFFFFFFFFFFFFFFFFFFFFFFFFFFFFFF95
:107C0000FFFFFFFFFFFFFFFFFFFFFFFFFFFFFFFF84
:107C1000FFFFFFFFFFFFFFFFFFFFFFFFFFFFFFFF74
:107C2000FFFFFFFFFFFFFFFFFFFFFFFFFFFFFFFF64
:107C3000FFFFFFFFFFFFFFFFFFFFFFFFFFFFFFFF54
:107C4000FFFFFFFFFFFFFFFFFFFFFFFFFFFFFFFF44
:107C5000FFFFFFFFFFFFFFFFFFFFFFFFFFFFFFFF34
:107C6000FFFFFFFFFFFFFFFFFFFFFFFFFFFFFFFF24
:107C7000FFFFFFFFFFFFFFFFFFFFFFFFFFFFFFFF14
:107C8000FFFFFFFFFFFFFFFFFFFFFFFFFFFFFFFF04
:107C9000FFFFFFFFFFFFFFFFFFFFFFFFFFFFFFFFF4
:107CA000FFFFFFFFFFFFFFFFFFFFFFFFFFFFFFFFE4
:107CB000FFFFFFFFFFFFFFFFFFFFFFFFFFFFFFFFD4
:107CC000FFFFFFFFFFFFFFFFFFFFFFFFFFFFFFFFC4
:107CD000FFFFFFFFFFFFFFFFFFFFFFFFFFFFFFFFB4
:107CE000FFFFFFFFFFFFFFFFFFFFFFFFFFFFFFFFA4
:107CF000FFFFFFFFFFFFFFFFFFFFFFFFFFFFFFFF94
:107D0000FFFFFFFFFFFFFFFFFFFFFFFFFFFFFFFF83
:107D1000FFFFFFFFFFFFFFFFFFFFFFFFFFFFFFFF73
:107D2000FFFFFFFFFFFFFFFFFFFFFFFFFFFFFFFF63
:107D3000FFFFFFFFFFFFFFFFFFFFFFFFFFFFFFFF53
:107D4000FFFFFFFFFFFFFFFFFFFFFFFFFFFFFFFF43
:107D5000FFFFFFFFFFFFFFFFFFFFFFFFFFFFFFFF33
:107D6000FFFFFFFFFFFFFFFFFFFFFFFFFFFFFFFF23
:107D7000FFFFFFFFFFFFFFFFFFFFFFFFFFFFFFFF13
:107D8000FFFFFFFFFFFFFFFFFFFFFFFFFFFFFFFF03
:107D9000FFFFFFFFFFFFFFFFFFFFFFFFFFFFFFFFF3
:107DA000FFFFFFFFFFFFFFFFFFFFFFFFFFFFFFFFE3
:107DB000FFFFFFFFFFFFFFFFFFFFFFFFFFFFFFFFD3
:107DC000FFFFFFFFFFFFFFFFFFFFFFFFFFFFFFFFC3
:107DD000FFFFFFFFFFFFFFFFFFFFFFFFFFFFFFFFB3
:107DE000FFFFFFFFFFFFFFFFFFFFFFFFFFFFFFFFA3
:107DF000FFFFFFFFFFFFFFFFFFFFFFFFFFFFFFFF93
:107E0000FFFFFFFFFFFFFFFFFFFFFFFFFFFFFFFF82
:107E1000FFFFFFFFFFFFFFFFFFFFFFFFFFFFFFFF72
:107E2000FFFFFFFFFFFFFFFFFFFFFFFFFFFFFFFF62
:107E3000FFFFFFFFFFFFFFFFFFFFFFFFFFFFFFFF52
:107E4000FFFFFFFFFFFFFFFFFFFFFFFFFFFFFFFF42
:107E5000FFFFFFFFFFFFFFFFFFFFFFFFFFFFFFFF32
:107E6000FFFFFFFFFFFFFFFFFFFFFFFFFFFFFFFF22
:107E7000FFFFFFFFFFFFFFFFFFFFFFFFFFFFFFFF12
:107E8000FFFFFFFFFFFFFFFFFFFFFFFFFFFFFFFF02
:107E9000FFFFFFFFFFFFFFFFFFFFFFFFFFFFFFFFF2
:107EA000FFFFFFFFFFFFFFFFFFFFFFFFFFFFFFFFE2
:107EB000FFFFFFFFFFFFFFFFFFFFFFFFFFFFFFFFD2
:107EC000FFFFFFFFFFFFFFFFFFFFFFFFFFFFFFFFC2
:107ED000FFFFFFFFFFFFFFFFFFFFFFFFFFFFFFFFB2
:107EE000FFFFFFFFFFFFFFFFFFFFFFFFFFFFFFFFA2
:107EF000FFFFFFFFFFFFFFFFFFFFFFFFFFFFFFFF92
:107F0000FFFFFFFFFFFFFFFFFFFFFFFFFFFFFFFF81
:107F1000FFFFFFFFFFFFFFFFFFFFFFFFFFFFFFFF71
:107F2000FFFFFFFFFFFFFFFFFFFFFFFFFFFFFFFF61
:107F3000FFFFFFFFFFFFFFFFFFFFFFFFFFFFFFFF51
:107F4000FFFFFFFFFFFFFFFFFFFFFFFFFFFFFFFF41
:107F5000FFFFFFFFFFFFFFFFFFFFFFFFFFFFFFFF31
:107F6000FFFFFFFFFFFFFFFFFFFFFFFFFFFFFFFF21
:107F7000FFFFFFFFFFFFFFFFFFFFFFFFFFFFFFFF11
:107F8000FFFFFFFFFFFFFFFFFFFFFFFFFFFFFFFF01
:107F9000FFFFFFFFFFFFFFFFFFFFFFFFFFFFFFFFF1
:107FA000FFFFFFFFFFFFFFFFFFFFFFFFFFFFFFFFE1
:107FB000FFFFFFFFFFFFFFFFFFFFFFFFFFFFFFFFD1
:107FC000FFFFFFFFFFFFFFFFFFFFFFFFFFFFFFFFC1
:107FD000FFFFFFFFFFFFFFFFFFFFFFFFFFFFFFFFB1
:107FE000FFFFFFFFFFFFFFFFFFFFFFFFFFFFFFFFA1
:107FF000FFFFFFFFFFFFFFFFFFFFFFFFFFFFFFFF91
:0200000480502A
:100000000000000000000000FFFFFFFFFFFFFFFFF8
:10001000FFFFFFFFFFFFFFFFFFFFFFFFFFFFFFFFF0
:100020000000000000000000000000F0000100F0EF
:10003000000200F0000000000000000000000000CE
:1000400000000000000000000000000000000000B0
:1000500000000000000000000000000000000000A0
:100060000000000000000000000000000000000090
:100070000000000000000000000000000000000080
:100080000000000000000000000000000000000070
:100090000000000000000000000000000000000060
:1000A0000000000000000000000000000000000050
:1000B0000000000000000000000000000000000040
:1000C0000000000000000000000000000000000030
:1000D0000000000000000000000000000000000020
:1000E0000000000000000000000000000000000010
:1000F0000000000000000000000000000000000000
:1001000000000000000000000000000000000000EF
:1001100000000000000000000000000000000000DF
:1001200000000000000000000000000000000000CF
:1001300000000000000000000000000000000000BF
:1001400000000000000000000000000000000000AF
:10015000000000000000000000000000000000009F
:10016000000000000000000000000000000000008F
:10017000000000000000000000000000000000007F
:10018000000000000000000000000000000000006F
:10019000000000000000000000000000000000005F
:1001A000000000000000000000000000000000004F
:1001B000000000000000000000000000000000003F
:1001C000000000000000000000000000000000002F
:1001D000000000000000000000000000000000001F
:1001E000000000000000000000000000000000000F
:1001F00000000000000000000000000000000000FF
:1002000000000000000000000000000000000000EE
:1002100000000000000000000000000000000000DE
:1002200000000000000000000000000000000000CE
:1002300000000000000000000000000000000000BE
:1002400000000000000000000000000000000000AE
:10025000000000000000000000000000000000009E
:10026000000000000000000000000000000000008E
:10027000000000000000000000000000000000007E
:10028000000000000000000000000000000000006E
:10029000000000000000000000000000000000005E
:1002A000000000000000000000000000000000004E
:1002B000000000000000000000000000000000003E
:1002C000000000000000000000000000000000002E
:1002D000000000000000000000000000000000001E
:1002E000000000000000000000000000000000000E
:1002F00000000000000000000000000000000000FE
:1003000000000000000000000000000000000000ED
:1003100000000000000000000000000000000000DD
:1003200000000000000000000000000000000000CD
:1003300000000000000000000000000000000000BD
:1003400000000000000000000000000000000000AD
:10035000000000000000000000000000000000009D
:10036000000000000000000000000000000000008D
:10037000000000000000000000000000000000007D
:10038000000000000000000000000000000000006D
:10039000000000000000000000000000000000005D
:1003A000000000000000000000000000000000004D
:1003B000000000000000000000000000000000003D
:1003C000000000000000000000000000000000002D
:1003D000000000000000000000000000000000001D
:1003E000000000000000000000000000000000000D
:1003F00000000000000000000000000000000000FD
:1004000000000000000000000000000000000000EC
:1004100000000000000000000000000000000000DC
:1004200000000000000000000000000000000000CC
:1004300000000000000000000000000000000000BC
:1004400000000000000000000000000000000000AC
:10045000000000000000000000000000000000009C
:10046000000000000000000000000000000000008C
:10047000000000000000000000000000000000007C
:10048000000000000000000000000000000000006C
:10049000000000000000000000000000000000005C
:1004A000000000000000000000000000000000004C
:1004B000000000000000000000000000000000003C
:1004C000000000000000000000000000000000002C
:1004D000000000000000000000000000000000001C
:1004E000000000000000000000000000000000000C
:1004F00000000000000000000000000000000000FC
:1005000000000000000000000000000000000000EB
:1005100000000000000000000000000000000000DB
:1005200000000000000000000000000000000000CB
:1005300000000000000000000000000000000000BB
:1005400000000000000000000000000000000000AB
:10055000000000000000000000000000000000009B
:10056000000000000000000000000000000000008B
:10057000000000000000000000000000000000007B
:10058000000000000000000000000000000000006B
:10059000000000000000000000000000000000005B
:1005A000000000000000000000000000000000004B
:1005B000000000000000000000000000000000003B
:1005C000000000000000000000000000000000002B
:1005D000000000000000000000000000000000001B
:1005E000000000000000000000000000000000000B
:1005F00000000000000000000000000000000000FB
:1006000000000000000000000000000000000000EA
:1006100000000000000000000000000000000000DA
:1006200000000000000000000000000000000000CA
:1006300000000000000000000000000000000000BA
:1006400000000000000000000000000000000000AA
:10065000000000000000000000000000000000009A
:10066000000000000000000000000000000000008A
:10067000000000000000000000000000000000007A
:10068000000000000000000000000000000000006A
:10069000000000000000000000000000000000005A
:1006A000000000000000000000000000000000004A
:1006B000000000000000000000000000000000003A
:1006C000000000000000000000000000000000002A
:1006D000000000000000000000000000000000001A
:1006E000000000000000000000000000000000000A
:1006F00000000000000000000000000000000000FA
:1007000000000000000000000000000000000000E9
:1007100000000000000000000000000000000000D9
:1007200000000000000000000000000000000000C9
:1007300000000000000000000000000000000000B9
:1007400000000000000000000000000000000000A9
:100750000000000000000000000000000000000099
:100760000000000000000000000000000000000089
:100770000000000000000000000000000000000079
:100780000000000000000000000000000000000069
:100790000000000000000000000000000000000059
:1007A0000000000000000000000000000000000049
:1007B0000000000000000000000000000000000039
:1007C0000000000000000000000000000000000029
:1007D0000000000000000000000000000000000019
:1007E0000000000000000000000000000000000009
:1007F00000000000000000000000000000000000F9
:1008000000000000000000000000000000000000E8
:100810000000000014615380000000000000000090
:100820000C61538000000000000000000461538050
:1008300000000000000000005845105058451050BE
:1008400058451050584510505845105058451050B4
:1008500058451050584510505845105058451050A4
:100860005845105058451050584510505845105094
:10087000584510505845105000000000000000007E
:100880000000000000000000000000000000000068
:100890000000000000000000000000000000000058
:1008A0000000000000000000910000F5D9FFB886AC
:1008B000C81F48A348424CFB5FF3FDFF00900000B7
:1008C000910001F5D9FF00512D0F0000910000F5B6
:1008D00019F4B4867B0000E8820F032468EE02FE60
:1008E000820F0334682E0090910001F5D9FF00516A
:1008F0002D0F0000910000F519F4B0867B0000E890
:10090000820F032468EE02FE820F0334682E0090EB
:100910000242405F4042BFB42D80804F1603024325
:100920006E138B4F00F160F20BF48030A00FB0F229
:1009300001F510300C3001F410302C30B01FFC29C0
:1009400001F41020305F80F48F340041DF04158003
:100950008FD31FF060F38F730021B0F309FE4801BD
:10096000892E4801FC3CBF42058044FFC2C2642F6F
:10097000820F60233C298F3400208B0400F110FF8C
:1009800044F59AC340F440238B02020106EF44462B
:100990008B0200110F1500100F0600700215A675CE
:1009A000643502659F0FF5FF8F330021C2C38F337B
:1009B000C0319A4310FF1022C2C401F400F63CD9A2
:1009C0001442C21F3452102510F4FC3B009000006A
:1009D000FF543880910001F5D9FF3C9101F402F6F3
:1009E000DC0F00001D0014001D001A001D000B008C
:1009F0001D0004001D001C00CC40C80FE814EC4092
:100A00003C22CC41C81FE804EC413C1D4C40B5548D
:100A100004006C50CC40E815F4453C154C41F454AE
:100A20006C51CC41E805B54504003C0DCC404C412F
:100A3000681F99420400EC20B5440400F4443C03D0
:100A400000A03C00008000900D02C003530423303E
:100A50009120F129D922446A012300F6B9FF1C0034
:100A60001384214F01240136C9342000A8D4FF4F3C
:100A70000480C21FA8EF01230026C92F2A00AC2F33
:100A80000D028003009000009120F1F9D9FF446A23
:100A9000804399F21430B7031028012203260C205A
:100AA000392401009130052880261B063855130F84
:100AB00021658F8400F06062D42310323BF0CDFFBB
:100AC0001928048019250480265F592F048080F599
:100AD0006F583200C2248F8400F0103237086283CE
:100AE0004C202E038F284081130223F5820260FFE1
:100AF000B9FF1800578F02F2A8CFDF081D00910040
:100B00000125D9221851370370F02D020000C84288
:100B100068B2BC27C8540BF810482D020000DC0B4B
:100B20008F2800817688910001F502F4D9FF20B169
:100B30002D0F0000DC0B00009120F1F980F21B4228
:100B400058FA1304232F602FB9FF1A006E0BC2FF4F
:100B5000370F70F0A8DFEE14912005F8D9FF34E4C8
:100B6000DC0FB9F21C00762C8CFFC2FF370F70F03F
:100B7000A8FFEE06C9FF2A00C2F2A8E2A8FF009073
:100B80009120F1F9910001C5820FD9FF446AD9CCB7
:100B900010F1370F704039F20130C21F7F240580F9
:100BA0002D0C00003CF7910001F5D9FF6041DC0FEE
:100BB000CC4E4045BCFB5944281099443400B954EC
:100BC0001400D9561C108215DC0F0090404F0D0FF9
:100BD000C003B9421600DF02268099441000BD040C
:100BE0002200D9FC1C109100012540C58204D922A5
:100BF000C8B32D020000DF021680C8349100012521
:100C000040C5D92278B12D020000F62CC8449100CD
:100C100001258214D922C0D32D020000B9F22E0082
:100C2000A8B20D0F80030090910001C5910001D57D
:100C30002018404F024FD9CC7491D9DDF8D38218D7
:100C4000C83440A52D0C0000DFA21A00DF021B8073
:100C5000C8E278037C24C8447C4D3CF3C8D4B9F482
:100C6000140040F540A682052D020000DF02EA7F55
:100C70003CF340A52D0D0000DF02E47FE9F81900E8
:100C80003CE0DF82DFFF0090910000F599FF88963D
:100C9000910001C5D9CC6411BD0F1B0039FF2C0098
:100CA000C2EF16FDEE13B9FF16006E07B9FF16006E
:100CB000C2FF370F70F0A8BFB9FF1600EE07C84299
:100CC0004C236E0440F42D0C0000C81F3CE600903D
:100CD000910001F5D9FF1851404C2D0F00009100F3
:100CE00001D514C4D9DD68D1022F7B0001B52D0DCB
:100CF00000007B0001C5910001E51B0B4CB182296E
:100D0000D9EE48111B4C46C1BF023800CCC201F2DB
:100D100002F6C80FC83239F82C00192A1C001BF83B
:100D2000FF2F8FF20F21FF520D8082130F2300300F
:100D30008F530121762660B240F402F42D020000A8
:100D40006F1A1800C83259291C00DF380F00DF481D
:100D50000400DF280F8040F402F42D0E000040F460
:100D600060CF2D0F00003C0540F402F42D0E000072
:100D700014C42D0D00003CC9DC0B00004C472E456F
:100D8000DA106C4782A2009082826F3F2700DA0956
:100D90006C474C40370F64FC2C584C446C544C4509
:100DA0006C55194218007B0000F2262F6E07821F37
:100DB0002C544C46B70F83FE3C052C544C46370F41
:100DC0006BF96C504C4219421C008F0F1FF08FC200
:100DD00001216C53ABA2BF22009000004C40404F59
:100DE000160FDF1F3980804FB70F0EF060FC4C41AB
:100DF0008F8F1E801B0808208F5200308F580020D4
:100E000001C3002601C200C619C21C016F420A00BC
:100E1000912005F8D9FF3EE52D0F000082A2009039
:100E2000402491000125D92254812D020000DF8247
:100E30001800370F683416FF5F38060019CF1C0101
:100E40008F8F1EF0B04F3B80013057F028C349FC14
:100E500040080090910001F5D9FF5481DC0F00900B
:100E60004C4782A28F8F10F1EE324C47D94F1800B9
:100E70008F0F0231DA306C470C5454526E064C46D8
:100E8000B7FF81FE6C463C074C468F220120B70F0E
:100E900081FE6C46820F57203DCF49FC40083B80C5
:100EA00001200C5857F024C2494C40084C547B8018
:100EB00000206C444C551B0204206C458F0301F04C
:100EC000A62F6C477B0010F06C4782020090000058
:100ED000913005F880F2A0031B0238F51304212F8E
:100EE0007B20F1F91B4FA6FA602F1304224FC8058F
:100EF0008202A07FD95500500134004601351020F0
:100F000054234C40263F0F0FB0F18B0FA23242F218
:100F1000F63B7B0000388B0F00410F4300408F04ED
:100F200060F16C200090B043FDF0E87F82F2009009
:100F3000B7F481FC194724006C490D03C003194222
:100F400028002624DF041F80B9422000910000F50C
:100F50008FB21F60D9FF989601F602F68FF2012139
:100F60008206576021C249FC40088212594504108C
:100F7000F9422C00ADC08F005944041019442800D8
:100F800026F4D94F2800B70401FD8202022C02FD8D
:100F900049FC40080D0380037B002020B70481FC3E
:100FA0000B241021594724002B4F402200900000B1
:100FB000910001F5D9FF9C510D000002DC0F00905B
:100FC000910000F5B9F28C9600900000910000F5B8
:100FD000D9FF8C9609F2400989424009009000002F
:100FE0004DC0E2FFBBF00F28262FBB0000285F2F6B
:100FF0004480910000F599FFAC96BD0F3E00C9FFFB
:1010000020005EF2009082244D40E0FF370F62F531
:101010003E43ADD08F004DC0E22F022F16FF8B7FD5
:1010200063F26E088FF2CFF19637CDCFE20F0D004D
:10103000C004B9FF2000910000258FBF1F30D922C6
:10104000989601230226161F8203573021CF492C80
:101050004008821FF9FF2C00ADC08F0082244D4054
:10106000E0FF370F62F53E43ADD08F00CDC2E20FF7
:101070000D00C00400900090910000F5910001C5A2
:10108000D9FFAC96D9CCB811C80399320400993471
:1010900008002D0200002D0C00003CF7823FA03F0D
:1010A00090425422762A0F02B0218BF20121130FB5
:1010B00022F2370F70200090C2FFFCF3BBF0FF2F2D
:1010C000009000000D00400391000045910001F5E3
:1010D000D9FFB441D94498962D0F0000BBF0FFFF13
:1010E0009120F1F9D9FF90AA5FF20900910000F573
:1010F000D9FFB09601F202F6C80F910000C599C45D
:10110000AC96BD041900910000259922A896BC2830
:10111000B944200040F5B9F520002D02000099C225
:10112000AC96B92F2C005E34822FF92F2C004D0085
:10113000E0FF6C2799C4AC969100012540F5D922B7
:10114000F021823F2D020000F9FF2C004CF7B5CFB3
:10115000AC96B70F81FBCD0FE00F0D00C0040D0062
:1011600040020080DC0B000099423800B94F20009B
:10117000D92F08008FBF1F2001F202F68FFF012137
:10118000820F57F021C249FC40086C4E594F0410A1
:101190004C49B71F02FC6C490090000082C2DFF48A
:1011A000430091000025992FAC96BBF0FF3FB9FF9B
:1011B00020005F3F39004892E8E4B722022CD9446E
:1011C000080068928FBF1F200142024659F40410A4
:1011D000161F8212572021CF494C4008992FAC96F8
:1011E000B9FF2000910000F58FBF1F30D9FF9896FE
:1011F00001F302F6161F8203573021CF49FC400845
:10120000992FAC96F9F22C00ADC08F009924AC96C2
:1012100082024C4E6E08910001F5D9FF80812D0F9E
:10122000000082C200900000B94F2E006F0F19809D
:10123000B94F2000910000F58FBF1F20D9FF98966D
:1012400001F202F6161F8212572021CF49FC4008F6
:10125000B94F2C009E39822FF94F2C000090CC4EB4
:101260009602F94F2E008202BCFFB94F2000D9FF31
:1012700008008FBF1F2001F202F6161F82025720BE
:1012800021CF49FC40080090910000F599FF949609
:1012900082244D40E0FF370F62F53E43ADD08F0012
:1012A0004DC0E2BF02BF16FF8B7FA3F2EE088FFB9B
:1012B000CFF19637CDCFE20F0D00C004910001C5EC
:1012C000820AD9CC80B1BD0F3000B9F41610820F5C
:1012D000820319F2181013CF205260525422762A3A
:1012E000C2F27422F627192204007422192208007F
:1012F000A623C21F7FF4EFFF19F204107628B7F37C
:1013000081FCC2F259F204102B3F50324CF90238E2
:10131000023949F8680826F3763540F42D0C0000B0
:10132000A62AC80F3CD176A7914000FF824FD9FF73
:101330006808283F82244D40E0FF370F62F53E43A6
:10134000ADD08F00CDCBE20F0D00C00400900000A7
:101350000D08C00302420243494268087B00D0F0F6
:1013600019422400C2FF262F26F48283DF041800CE
:10137000910001F5D9FF80B12D0F00008203762F77
:1013800082244D40E0FF370F62F53E43ADD08F0021
:10139000914000FF824FD9FF6808283F0D08800365
:1013A0000232009082244D40E0FF370F62F53E4349
:1013B000ADD08F004DC0E22F022F16FF8B7FA3F21E
:1013C000EE088FF2CFF19637CDCFE20F0D00C004BB
:1013D00000900000024282244D40E0FF370F62F58A
:1013E0003E43ADD08F00CDC2E20F0D00C00400908F
:1013F0004D40E0FF9120F129D9228CAAAE9C9100AA
:1014000000F599FFAC96BCF7C9FF20001EF4C83266
:10141000D9220800009000007D4520004D00003CCE
:10142000CC5480FFCC5380F27FF30780CD0F000CAB
:10143000CD42000C3C05CD42000CCD0F000C0D0040
:10144000C0044D00004C4D40005C0B2510310BF4E6
:101450008032763300A03C00009000000D02C003F3
:10146000009000000D048003009000004C422E19F3
:1014700099441410910001F582F5D9FF0864DC0F3E
:101480009942180099451C00DC0200007BE000F640
:1014900054431BAF1CFC3B60FF2F5FF318804C4292
:1014A000DF140500DF2406003C068292AE0F3C03E9
:1014B00082922E0CAE2A404F4884D94424006D00FD
:1014C000D500ABC2BF2200908202009020080248E3
:1014D0008224404F405C994D3C005CD9022FDF02D2
:1014E0002A80D9F4001040C502846D00B712022F83
:1014F00048226F220680D9F424006D00C300EE1943
:1015000048226F121800481439D50300821F0F5F5C
:1015100000509B041040D9A404006D00D300022F9A
:1015200092628F22C02137025020ABEF9FF23C0223
:1015300082AF02F200900000820F6C6002488214B9
:10154000404F405D406C5CA3022FDF021180D9F454
:10155000001040D5028440C66D00B612022F48220A
:101560006F220680D9F424006D008C0002F20090F6
:10157000820F6C6002488214404F405D0259406CFB
:101580005C86022FDF021280D9F40010028440D55D
:10159000029540C66D00CE12022F48226F220680AF
:1015A000D9F424006D006E0002F2009002488234EB
:1015B000404F6DFF6DFF022FF62ED9F4001002840C
:1015C0006D00EA12022F48226F220680D9F424000F
:1015D0006D00580002F200908234404F405C6DFF75
:1015E00057FF022FDF02168099F2001019220C001B
:1015F00019241000A22419F2081006124B241142DB
:1016000074C548226F220680D9F424006D003A0088
:1016100002F200908234404F405C6DFF39FF022F90
:10162000DF02198099F2001019F608101924100031
:1016300019230C008F160020A2344B2411420B56A4
:10164000802074C248226F220680D9F424006D00E5
:10165000190002F200900000CC414045D95510001D
:10166000D9F414001D00BC00CC414045D9551000F0
:10167000D9F41400910001F5D9FF2C22DC0F0000F1
:1016800099420400404F4844910001F5D9241400C8
:10169000D9FF2842DC0F0000024282244D40E0FFC7
:1016A000370F62F53E43ADD08F008F2200F060F21D
:1016B000824FD92FA0F8114F00FF283F0090000063
:1016C0009120F1F9820F20087BE0002619F3ACBAD3
:1016D00078011B020C2C3B60FFFF5F2373808F752A
:1016E0000081D9AE0800404D024B89E838F50F085B
:1016F000B0818BF801818BF81F929120F129AB8981
:10170000BF99D20ED92FACBADF09448057E021C867
:1017100049EC4008534821A001FA00261922101074
:10172000DF022E0080F319F41C201388212360228D
:10173000D92C080040C46DFF99FFDF0220801B0AEE
:1017400005A001FA004602B46D007411022AF629C0
:101750008212D9A20400572021C8492C40083C021B
:1017600082AF40C46DFF8EFFF6AA9100012502846E
:10177000D922F0C12D0200003C0282CF54A80F08EC
:10178000B0818BF801818BF83F22AB899F923CBDE1
:101790006E146DFF65FE9120F129D92FACBA39F393
:1017A00018208BF30F42F644C2138FF30F3102243B
:1017B000E9F318206DFF58FEBCD419A2040074D2BE
:1017C00002F20090820F6C4000900000821C820D9B
:1017D0000D008004494CC00802C20090405F404C9C
:1017E0006DFF3EFE910001E5680240C4D9EE24126F
:1017F0002D0E0000DA1E762E48046DFF35FE60FDCA
:101800000000FCDF6DFF2CFE40C468022D0E0000BE
:101810003CF30090405F404C024A6DFF21FE7B008C
:1018200001B560B26802D92D241240C42D0D00000C
:1018300080DBF62382020090DFFA2600910001E5AA
:10184000D9EE00612D0E0000131A40823BE001C06A
:1018500048046DFF09FE60CD0000FCDFF6AB6DFFB4
:10186000FFFD60B2680240C42D020000DF02F2FFFB
:101870003CE22D0E00003A930B2830F20B39A0F217
:101880006EEF3C0448046DFFEFFD82C20090000043
:10189000024F0D008004910001F5D9FF1C122D0F9D
:1018A000000002F41DFFE0FDCC404C414812422FE5
:1018B00048220B2F00210090404F0D0AC003D44254
:1018C000821C820D0D008004492CC00802C2DA0976
:1018D000DF0218800B4510885CE8DA0AF62FC8038F
:1018E0004CF119320800C2FF262FD0328928500946
:1018F000C8024C22C21F6C22820FC80F82026802EB
:101900000D0A800302F20090D4424C4119220400D7
:10191000C2FF262FC22FD022009000004C41C21FD0
:101920006C4100902008F9A60400CC4819A70400D7
:101930008206D9AA0800DC0F014403C601C402C60E
:101940002008404F820F40C4E9A406002CA75CDDAC
:10195000D4C4092840095CE3C8820B89104840F4CC
:101960008216B9A70600DC02024F014403C6926248
:10197000910001E501C402C6014202D6404FD9EEF2
:101980001072D4C219230400192208005F23090031
:1019900054D2F62640F402F42D0E00003CF30090E1
:1019A00082145CE3DC0B0000014403F601F402F650
:1019B0000B67104840F45C81DF021780B9FF080014
:1019C0006E1382244D40E0FF370F62F53E43ADD0E9
:1019D0008F00B9FF0800062F60F2824FD92F000850
:1019E000114F00FF283F00902008910001250B4572
:1019F0001088404F027440A4D9229C63026F2D02CC
:101A00000000910001C5820BD9CCA0730B8910682E
:101A100040F402F46DFFCAFF821A762A8B922032BC
:101A2000820AF63640A42D0C0000AB8BA0228B025C
:101A300000323F3AEDFF009091000025192FE0267B
:101A40008FF40F41910000F5A2F4D9FFF01601F4D4
:101A500002F6C812009000002008F9A40400370420
:101A600068F48FF40F410252DF041880910000F5F2
:101A7000D9FFF016B9F324007F3F108048A3138FDD
:101A800021436044BC4A0B67104839A6080002276E
:101A9000D9AA08001DFFAAFF82720090910000F5EC
:101AA000D9FFF016B9F224008FF40F41025F7F24B2
:101AB0000D8048A2138421326034BC470B67104864
:101AC00014A602F71DFF92FF82720090CC407DF5B4
:101AD00007804C556C40EE0D6C413C0BCC417DF5C4
:101AE0000780820F6C65B54604003C034C556C655D
:101AF000820F6C550090000020103B1020F08F05E5
:101B00000150F9A60C00A6F58047B4A602563B008A
:101B100071526DFFC5FF022F82026E0816FD8B8F7A
:101B200000F23B900130ABA3812F009020188F056D
:101B30000150F9A60C008F1550518047370468FCFE
:101B40003704644AE9AF1700E9A41600B4A6B9A4A3
:101B5000160002563B803E506DFF80FF022F82022E
:101B60006E0816FD8B8F00F23B900130ABA3802FE7
:101B700000900000804F9120F1F999FF484B4812E6
:101B80007F242F80482213042132603FBD0F29009B
:101B9000C8028024C81F80F20BF250310B4F503224
:101BA000DF031F005AF28B0F61F2EE1A910001253C
:101BB000B9440600D922F873404F2D02000040249A
:101BC000910001258234D922FC632D020000BC283B
:101BD000D423993304009924040040F5DC038202E5
:101BE000009000009120F1F999FF484BB94F040093
:101BF00020084822130F2132603F0CF92CA6820FD7
:101C00002CA7B9A2060000902010F9A60400404FAE
:101C10008FF60F9137066884DF051D005CACDA2172
:101C2000DF02410048320803370261F96F131A805E
:101C30009100012540F4D9227C122D020000F9A266
:101C40000C008FF20FF1370268247FF91780823F72
:101C50003C2919420C001443370261F96F13050047
:101C60003702E1283CF391000125D9227C122D0294
:101C70000000F9A20E003CE67623DF08EA7F91001F
:101C80000125B9F40600D922F8732D020000D423EF
:101C9000993314009924040040F582042D030000B8
:101CA000820F02F200900000910000459100012592
:101CB000D944EC56D9220054DC0200004045910082
:101CC00001F591000045D944EC56D9FF1854DC0FBA
:101CD0002008910000F5F9A50400D9FFD45619F2A7
:101CE0000010DA198B0200223F4219800C4019447F
:101CF0000C0040422E0399421C00404FB9F50400ED
:101D0000402419A604006DFF13FF022FF6270802D6
:101D10006F02050040F46DFFD3FF02F20090000057
:101D20002008F9A504008FF50F51DF05320091005E
:101D300000F50C4119F2E0265F2F2B00910000E521
:101D4000D9EED456CCE1405D404C6DFFAFFF80F33F
:101D5000802F8B032022B5E204008B0F002476270E
:101D600091200528D9220AE72D0200004CC09601D7
:101D7000680F4CC1681F09C2480989F2480980CF21
:101D80001B8F01F0686F80CF687FECD03C02F45469
:101D9000820200900D0FC003820259521400CC4100
:101DA000BCF3E8553C02F445B54504000D0F800333
:101DB000009000002010F9A504000C40404F6F4F28
:101DC0002D008F4F01218B420122F62499420800F9
:101DD0003C0540422E0399421C000C206F3F1E0020
:101DE0000D08C0034C246E0A60F360F4D43240F551
:101DF0002D0200000D0880033C0E0D0880032CAE60
:101E00002CAF40F4912005F8B9A40E00D9FF6A5711
:101E10002D0F00008202009082156D00D10EBC2CA7
:101E2000D423993304009924040019A4040040F534
:101E3000D9AA1000DC033BA0002000902010F9A6D6
:101E4000040014408F851E208F2000F13705E139F2
:101E50008FFF0FB1372508FC3705647A673F13F011
:101E60008FF60F81377F04FA404F370668643700DA
:101E70006192372F08FC82013F3807807B200010D9
:101E800026F1AB1680118F1100A1BA0B0BA930F20D
:101E90006E6491000025192FE0268B0700120BF2CB
:101EA0000012025F673F13F0377F04FA372F08FCF8
:101EB0008F2040016824683F2800DF011A80E9A8CC
:101EC0000E00E9A60F0040F48214B9A50E006DFFC4
:101ED00001FF8B9221F2EE3B40F4912005F8B9A46A
:101EE0000E00D9FF46472D0F000082020090822489
:101EF0004D40E0FF370F62F53E43ADD08F004DC03F
:101F0000E29F029F16FF8B7FA3F2EE088FF9CFF1BD
:101F10009637CDCFE20F0D00C00437358559E9A8BB
:101F20000400E9A605003725084C40F419A5040073
:101F30006DFF42FF82244D40E0FF370F62F53E43C4
:101F4000ADD08F00CDC9E20F0D00C004762B0CF090
:101F50008F2FC0F1280F0090823276148262AB82FC
:101F6000802900902010F9A50400144002428F82BD
:101F70001E308F2000F13704E1698FFF0FA1373247
:101F800008FC3704644A676F13F08FF50F71374F01
:101F900004FA404F3705685437006182373F08FC28
:101FA00082013F6707807B20001026F1AB1580116E
:101FB0008F110091BA0A0B9830F26E6F820FA84F02
:101FC0008CF591000025B71F01F01921E026675F0D
:101FD00001F0677F02F08F8FCFF1A85F022F676F4C
:101FE00013F0374F04FA373F08FC8FE04001683F99
:101FF000BA04E84528B128000B1300F2EE19E9A74E
:102000000E00E9A50F0040F48214B9A50E006DFF83
:1020100061FE8B9221F2EE3B40F4912005F8B9A4C9
:102020000E00D9FF46472D0F000082020090822447
:102030004D40E0FF370F62F53E43ADD08F004DC0FD
:10204000E28F028F16FF8B7FA3F2EE088FF8CFF19D
:102050009637CDCFE20F0D00C00437628529E9A77E
:102060000400E9A505003732084C40F419A5040026
:102070006DFFA2FE82244D40E0FF370F62F53E4324
:10208000ADD08F00CDC8E20F0D00C004762B0CF050
:102090008FEFC0F1280F0090823276148262AB82FB
:1020A000802800902010F9A404001443826F6F432D
:1020B0004400DA086F1341804C43910000F5370F5C
:1020C000645A19F6E0268B0500428F2340518F8F0A
:1020D0001E2034450B6200426F030700CC47080303
:1020E0008F2340312803404FDF041A80C9A5040024
:1020F0008214F9A50E0037057050820F6DFFEAFDBE
:102100008B922122DF02198040F4912005F8B9A4B6
:102110000E00D9FF46472D0F00003C0E0D08C003EE
:10212000B70F0C4A3724084C19A504006DFF44FE74
:10213000022F0D08800302F20090000002422010DE
:1021400037026724F9A70400026F8F041F40DF12D3
:102150002880605C3707705040C4D9A50C00F9A7EF
:102160000A006DFFDFFDF62B99A40C00B9A50A004B
:1021700019440C006DFF20FEDF023A009120F12986
:10218000D92F9CEA6E280D0FC003821319249CEAF4
:102190000B34303059239CEA2842E82C3C26DF22BD
:1021A0002780605C026540C419A604006DFF2EFD07
:1021B000DF021E009120F1F9D9FF9CEA6E0C0D0F91
:1021C000C003821348640B3430306863E9F21C00AA
:1021D000E88C3C0B0D0FC003821348940B34303055
:1021E0006893E9F22800E8BC0D0F8003009000001E
:1021F0000D02C003D442BC284C256C40820F6C25D4
:102200004C40EE026C410D028003009082244D4050
:10221000E0FF370F62F53E43ADD08F004DC0E28F37
:10222000028F16FF8B7FA3F2EE088FF8CFF196375F
:10223000CDCFE20F0D00C004CC40A006BCFD7D5FF9
:10224000098040F56DFF44FC820F685F82123C05F7
:1022500040F6C85F3CF4820282244D40E0FF370F15
:1022600062F53E43ADD08F00CDC8E20F0D00C00433
:1022700000900000144237026122009014428F4205
:1022800001218B42002200902010404CF9A4040050
:102290008FF40F81370468F46DFFF2FF8259DF027B
:1022A000768019C20C0014C4370261393702E12864
:1022B0006F140F80910001F540C4D9FF7C122D0FDF
:1022C0000000F9A20A008FF20F31370268243F386C
:1022D00004807624EE0382393C5980C2602F14C2F8
:1022E0008F4201218B022122DF0244009100002550
:1022F00008141922E0265F242A000802E9A80E002B
:102300002CAF40F46F020300C874B9F50400B9A6FD
:102310000E006DFFF3FB02298B922122F6980CF040
:102320006F0F350040F46DFFCBFC3C30DF022F8097
:10233000E9A80C002CAD40F4912005F819A40C007C
:10234000D9FF78472D0F00003C1291000125B9F408
:102350000600D922F8732D020000D423993314000B
:102360009924040040F582042D03000082093C0EEC
:10237000E9A804002CA540F4912005F819A4040054
:10238000D9FF6A57D9AA1000DC0F02920090000012
:10239000404F6DFF71FFA002762C0CF08F4F012192
:1023A0008B420122F623C822009040F22E02C8720E
:1023B00000900000820FE94F18000090394F1A007A
:1023C00082A2EE07821FE9441B00E94F1A00820235
:1023D00000900000994208007B504040404F4C2D37
:1023E00019291C000F4F80508FF900918208DF05DA
:1023F00036003B000180570F61683B200150570FAA
:1024000061553BA00180570F61F8062F132520FF6F
:1024100012680282028349424C0859243C003C1E47
:10242000192F0810C8D216FF8FFF07218B690032C1
:102430002BF240F3BC27C8C4B9F4040002F52D0206
:102440000000C8A240F402F42D02000076278F8815
:102450004081028A028B49FA4C08C8224C24370F6B
:1024600065F8EEDF768B99F20410BC2899F4001021
:10247000B9F4040002852D020000DC0B994208002B
:10248000404F4C2FB71F81FF6C2F99423C00BC2C52
:10249000394F18006E0999443800B9F4040039F531
:1024A00019002D020000C89240F42D02000039FFEF
:1024B0001800EE06C8BFBCF482142D0F0000DC0B20
:1024C000404F99441000200891000125D9A507002C
:1024D000D922C8C32D020000F62B821FE9FF180085
:1024E0000CA7E9FF1900C82F59FF04100090820FB4
:1024F000E9FF180000900000200899441400D9A5B5
:102500000800910001F589543FF4D9FFF8D3DC0F9E
:102510000C4382826E1ECC4382034CF44822E94372
:102520000300AC503B10013057026123E952020016
:102530003BF00120570F6122E95203008F0F1F204B
:10254000E95204003B800120570F66F282022C55AD
:1025500000900000CC43200882824CF86F0F2400CA
:10256000821F68AF4CF3994310007801820FD9A401
:1025700008009042543348328F1F80F15922F8FFEF
:1025800019A4040054A25F42F4FF4CF28FF2002120
:10259000B453068F8F031F30E9520500F953020030
:1025A0002C54820200900000910000F580F2200877
:1025B0001B02E4F613C4222F3B0000F2602FC83246
:1025C0006C2AC8324C2BB7FF81F66C2B4CF86E137B
:1025D000910001256024D9A50200D922EC722D02B8
:1025E0000000F629C8824874B9F50000D9A4020099
:1025F0002D0200000090000053C422F0910000F56D
:10260000D9FFC09610F23B007E2199230C00265280
:102610000256593228006FD50C0099220C00FBD0CD
:102620000020D9222C00573021C2492C400810FF2D
:10263000C8A2BC27370670604894B9F50000DC02D8
:102640000090000053C422F0910000F5D9FFC0961D
:1026500010F4200899420C0040FC5925280039420A
:102660000300762E394204008BF20F22F62C3942F9
:102670000400C2128FF20F21E94204003C048212CE
:10268000E942030010C219220800F6251922180099
:10269000DF022C00910001F5D9A50200D9FFE86204
:1026A0002D0F0000DF02228010CFC824BD041400CB
:1026B00091000125D9A50200D922FC932D0200002A
:1026C000762A08428BF20F22F6260842C2128FF2B7
:1026D0000F21284210CFC862BC284854B9F5000029
:1026E000D9A402002D02000000900000910001F525
:1026F000D9FF1851DC0F00009100F1FB99F2C00CDA
:10270000009000009120F1F999FFDCBAC80FDC0FAE
:102710009120F1F999FFDCBAC81FDC0F9120F1F983
:1027200099FFDCBAC82FDC0F9120F1F999FFDCBAD0
:10273000C83FDC0F9120F1F999FFDCBAC84FDC0FDC
:102740009120F1F999FFDCBAC85FDC0F8C40C21F01
:10275000370F70F00B4F3041AB0F80F4AC4000905E
:10276000994F0010821FDF140700BA458B15E0F463
:102770008F1F80F1C81FC80F3BB00020D9FF000198
:1027800057F021C249FC400800900000994F00100A
:10279000821FDF1405009AF58B2FA0F2C81FC80F07
:1027A0003BE00020D9FF000157F021C249FC40085E
:1027B0000090000099420410992C3400D4C2992250
:1027C0001800404F40C42D020000022FDF12358058
:1027D000D4C299221C0040C42D02000002251B0215
:1027E000FC2F8F02C42137027020F627DA40E9F26D
:1027F0003400F9FF36003C1791000125F9F5360049
:1028000040F48204D9222403E9FF34002D020000A1
:102810009100012540F48204B9F53600D922F8F27E
:102820002D02000099F23010BC2799F4341040F5C5
:1028300039F43400DC020090910001F5D9FF0C134B
:102840002D0F0000DC0B0000994F0410B94F16103B
:10285000C89348B29945001013CF20326032B9F3C3
:102860002800B92F0400B9220000C85F6E37480461
:10287000BF043400122582043F350900A223370328
:102880007030A23F370F7040023F01320046804354
:10289000682380326832D9F30400820257F02DC2D7
:1028A000493C4008DA1057402DCF493C40080C26DF
:1028B00082121E128202DA19572021CF49FC4008E9
:1028C000821F3BF0012057F021C249FC4008CC5147
:1028D000C80F59FF0402009000A000909942041014
:1028E000B94F1610404C19222C00B924300013CFD8
:1028F0002032603FBC534CF26C5082FF8202A80F22
:10290000A81F820F682FA8222862910001F5D9C460
:102910001610D9FFE4F22D0F0000B9CF3E006E046F
:10292000C2FFF9CF3E000090994D001099D20400EB
:10293000D4227B2000807B0001C57B0001D5192FAC
:1029400014022010404F1B1807881B0C0EC31B4D90
:1029500017D33B80009099D204000F8F8020D4229F
:10296000DF029100592214028F1F0221DF023D0075
:102970006F0F340060D240F4D9A504002D0200008E
:1029800099F22810BC2899F42C1040F5D9A604001F
:102990002D02000099F20410992214003B900120AE
:1029A0005423570361228FF20F21DF12178099F30E
:1029B0003810BD03130019221C0099F43C1059A2D1
:1029C00008001922180040F559A20C00D9A60800E9
:1029D000D9A704002D030000B9F23E00762560C29D
:1029E00040F42D0200006F6F3E0099FC0C1099FE20
:1029F00010103BF000A040C23B0001B054C257028F
:102A000061498FF40F41BF022E007DEC0680B9F3BF
:102A10003800DF032880DF1422805702613A570212
:102A20006E2B370270203732812F59221400C9F2E1
:102A30003800C212F9F2380019C20C00602C99F368
:102A40002010B5FC0C1040C2BD03DA7F99F42410AD
:102A500040F52D03000040C23CD219C20C00602C8E
:102A60003CCE2E49B9FF3A00BBF0FF2F3E24C21FD7
:102A7000F9FF3A0099D20400D422192F14021DFF45
:102A80006CFF192F38012E9C192F68C12E1999F24D
:102A90000020BC2699F4042040F52D020000DC0B38
:102AA000994F10103B8000503BF0013082144CF0E5
:102AB000570F61F5574021C349FC40084832602F49
:102AC00016FFDF1FF6FFB54F1010994F0010C81FFB
:102AD000C80F59FF080200900B650020A242370280
:102AE00070207F5406800B45804037047020009092
:102AF000994F0410B9421410405C4CFBB9F6280001
:102B000013C2203FB9421610603FB9433E00DF03B5
:102B1000160013C2203FB9FF04006032B92500003F
:102B2000EE04B94418103C03B9F40200910001F519
:102B3000D9FF30D32D0F00003C0688220B268020C1
:102B400037027020B4C2009099420410B95F0000AF
:102B5000405FB92228001243406C992D24003703AE
:102B600070A0024982083F230B000BF280903709C6
:102B700070900B94808037087080028A910001E584
:102B800010D440C50294D9EE28612D0E000076873E
:102B900001C9005640D402842D0E0000A80A0090FE
:102BA000994204102010805F99AD1000994C1010CC
:102BB000BBF0FF9FB92A2000404FB5A50800406E2A
:102BC0002A49820B54C23B800040570261C4DA0993
:102BD0005702614F4CC260F5DA1057026E2F370270
:102BE00070204BA2112237037080B9F308102BA874
:102BF0004088763982020B3A8080F9F20810370853
:102C000070803C1D8FF40F21DF121A8019C214004E
:102C1000FF0216009100012540F4D92238C32D028D
:102C20000000C9FF3C003B50FF2FC21FF9FF3C00D2
:102C3000C9FF3800C2FFF9FF38003C4C3F890880CB
:102C4000A289D21E3709709078033C088212F9F9E4
:102C500008100298820E59A20C0058026E1060B241
:102C600010240153005691000125B5A704000284E9
:102C7000D92228612D02000099A7040080D48FFC7E
:102C80000FF18B042022428B8B1F0024370B70B076
:102C90008B1F003276274CC76CD019C2180059D24E
:102CA0000400DF1E14808212DA1F572021CF49CC86
:102CB00040084CC360FCB5FC10107638347EC9FF68
:102CC0003800C2FFF9FF38003C045803DF0F7C7F57
:102CD0008202B4EB0090000099423000404F4C2D2E
:102CE000594F24104C2D2E5FDA206C2F91000125B6
:102CF000D92200612D0200009120F129D922503BF8
:102D000089224009C8C24C2D6F6F27009100012510
:102D1000D92200612D0200009120F129D922503BD7
:102D200009244009C8C20B42C020DA400B53D030FE
:102D30006C2F8BA26FF28B0300F4EE0E821FC8A2E1
:102D4000E9FF2110822FE9FF2210BC26B9F42C00E4
:102D500048952D02000039FF2210DF2F4A80C8D489
:102D6000D9FC0C10910001E540C5D9EEC8C32D0E69
:102D70000000C8C27BC021F06C2F19FF2410EF3F68
:102D80000600821FF9FF1E103C0FEF4FFCFFEF9F64
:102D90000600823FF9FF1E103C077B400020262FD3
:102DA000EEF9F9FF1E10B9FF1E106E22C88D99F2C0
:102DB000081040F440C52D020000BD0D1280C8D49B
:102DC000820FE9FF2E0040C52D0E0000DF021180AA
:102DD00099F2001040F440C52D0200003C09B9F4FE
:102DE0002C00485540C42D0D0000DF02EA7FDC0BAB
:102DF00099423000404FD94C0C104C2D40C5594FD2
:102E00002410823F6C2F9944340091000125D9226F
:102E1000C8C32D02000019FF24102E14820FE9FFF1
:102E20002E00F62899F2001040F440C52D02000053
:102E3000DC0B820FE9FF2E00C8CF19FF001096604F
:102E400059FF0010DC0B000099423000821F404FF8
:102E50006C2F994230004C2D594F24107B0040F0CC
:102E60001B8F00F06C2F194F2410EFAF0700394271
:102E70002010C212E9422010EF8F0500822FF9FFC7
:102E80001E1091000125D92218512D020000C8C240
:102E900059F210108203192F081019221C008FF309
:102EA0000FF18FF200213FF20B80023F16FF192233
:102EB000081010F3C213E93214103CF0C862D9FCB8
:102EC0000C107C2899F2041040F440C52D0200003B
:102ED0003C09B9F42C00485540C42D020000DF0223
:102EE000F37FC8D491000125D922C8C340C52D0263
:102EF0000000C8C2192F00109601592F0010820F30
:102F0000E9FF2E00F62899F2001040F440C52D028A
:102F10000000DC0BC8CF19FF0010966159FF0010AC
:102F2000DC0B0000404F9944380091000125D92264
:102F3000F8D32D020000F624F9F21E10009039FF9C
:102F400020108BFF0F32F637C21FE9FF2010823F9F
:102F5000F9FF1E1000900000404F99443C00910082
:102F60000125D922F8D32D020000762C39FF20103C
:102F70008BFF0F32F637C21FE9FF2010823FF9FFA7
:102F80001E10009080424D0010F83B00B031263FEB
:102F90008F421E20570F61228FF20F2100900000F8
:102FA000604F4822370241208F92C02100900000DC
:102FB000604F8F2640F18F1540516805A6F76807CE
:102FC0004CF08FCF8FF1C6F68F36C061766848051A
:102FD000913005F88204D9FF927DDC0F54FF0D007B
:102FE000C00400908F0401200625A6520090000026
:102FF000910001C5604F026914A8D9CC8813DF077E
:103000005700481A8F0A50A182244D40E0FF370F25
:1030100062F53E43ADD08F0080F4025682072D0C3E
:103020000000DA08D9F204008213573021CF492C6E
:1030300040083B0001404CF04825570F7044822265
:10304000570F6E228FF28321370270206F751D009B
:103050008F1200F0B70F12F7370F70F03BD00060FF
:10306000570261663BC00070570261773BB0005069
:1030700057026155570261330F67C020C652C632EE
:10308000A6F23702702006228F04015080F4A62594
:103090000B9810682D0C00004CF15FFA0C004815DD
:1030A000913005F88214D9FF927DDC0F02872D0C38
:1030B000000080F4910001F5D9FFB803DC0F000097
:1030C0004D00E0EF8FCE00F837EF10F360FF0D00FA
:1030D0008004374022C549FC44080080009000006D
:1030E0004D00E0EF8FCE00F837EF10F360FF0D00DA
:1030F000800449F4440800800090000049444008DE
:10310000008000904DC0E1FF9120F1F919F35C3B84
:10311000B70F10F882B23F431780910000F5D9FF36
:10312000B88690FF4B046141C80F4CF59120F1F92E
:103130006C4019FF583B4BF441404B042141820243
:1031400059440400009000004DC0E1FF910000F5DB
:10315000B70F10F8D9FFB88690FF5442C80F4CF54E
:10316000A22F194204000BF250F18202CAA2009071
:10317000910001C5404FD9CCA07340F42D0C000044
:10318000DF02FD7F009000007B0000558042822F0F
:103190001B45035713CF2045370F5030604FC87F72
:1031A00048143F42088048243F240580B4538202DB
:1031B00000909F0FF1FF82B200900000CC401942B6
:1031C00004004CFC422F68CFCC43BCF32D0F000011
:1031D000DC0B0000404C8208B9CF04003708702097
:1031E0007FF21B80B70810F854C2130F2132603FE2
:1031F0004CF2EE044CF1EE043C0DC2FF682F4CF291
:10320000EE094CF16E02682FC802BC2448342D022E
:103210000000C2183CE28CC3C21FACC3DC0B000030
:1032200020104DC0E1FF910000F5B70F10F8D9FF55
:10323000B88690FF19430400C80F19460C008FF39D
:103240001FF048408B0F00510B6080600B368020D0
:103250000B5240410B2F4042B9471000B94F260096
:10326000B9423200DF041F00FE7D5FF21C80CC40BB
:1032700059400C004CFD42F368D3914000FF824F4F
:10328000D9FF0019283F914000FFD9FF0419283FBA
:10329000914000FFD9FF0819283FC212F9421000DF
:1032A000DC0B913005F859A60800780059A20400FB
:1032B0003B0001403B0020508246D9FF0A082D0FF9
:1032C000000000A03C00000054428B0220F28B342E
:1032D00060F482B26E3D0D05C00353C420409100DE
:1032E0000035D933340701340026CC27B923180020
:1032F000B9F200003F2305803B60FF2F3C27820F7F
:10330000A00FD9221400370F70607F260B8054263F
:10331000130F2176C21F607F4806DF06F6FF3C05CB
:103320003B60FF2FBD0F130040F20946480189267C
:103330004801094648018926480101340026C21384
:10334000F92318008202BC52EC500D058003009056
:10335000200891000125405CD922A083D9A5060050
:10336000404F02482D020000DF0221800D03C00300
:103370004CF0BCC56E17E80C68383C16B9A40600C2
:103380006E116802683268126822910000F580F5BB
:103390001B4503F713C4205F605F8CFCC2FFA8CFFE
:1033A0003C033B60FF2F0D0380030090910000F56C
:1033B000D9FF340748224B2411220090CC414863A6
:1033C00082244D40E0FF370F62F53E43ADD08F00C1
:1033D0009120F129D922603B19220C0019F4001028
:1033E0007B8003F0264F6E0419F210203CF859221E
:1033F0000C00DA1CD9F210008272572024CF492C1D
:103400004008DA5559F3201059FF2410DC0B000056
:10341000910001E5D9EE0051406C0258805F404DAB
:10342000024A2D0E0000133840627B504ADD60F2E4
:103430001B0D00D119CB040054C919CE1000CCC308
:1034400099CC08000BD640D0392804008B87AEC039
:103450000FB9A0F06E423AC30B2D30F20B3CA0F234
:10346000EE3EDF09240019DF00103B000120570F5A
:1034700063F2FF4F1A80BA198B0E20F46E088F1A70
:1034800040A159DA2010820E82193C0EDF18060086
:10349000DF28078044CF3C0509CFC2003C0204CF9F
:1034A00059DF2410C2F92D0E0000DF0BD37F19DF86
:1034B00000103B300140570F63F46ECB19DF102032
:1034C000BCFADF180600DF28068064FF3C04A4FF76
:1034D0003C0224FFC2FB3CBD820200903B40FF2F18
:1034E00000900000804F910000F5D9FF3C77482202
:1034F000A002A22F39F214008B02003148420F3F84
:1035000000307F230380D442009000009100012509
:10351000D922FC5380482D020000802F2A8F60F2B0
:103520000090000091000125D922FC5380490248F7
:103530002D020000820FBC250C203A8FAB0980FFC2
:1035400060F2009091000125D922FC53404C405D6F
:103550002D020000A00F7DD20380CCC140F200906C
:10356000910000F5D9FF3C7739FF14000FF40040BB
:103570004CF2424F60F20090913000FFD9FF0006FC
:1035800019F224403702E12100900000910001F57A
:10359000D9FFD083024F2D0F0000762B3BD014F0C3
:1035A00060FD0000FCDF2D0F0000DF02FBFFDC0BE5
:1035B000910000F599FF2087BCF502F42D0F000063
:1035C000DC0B00A03C0000000D0FC00319421400EA
:1035D00059421C0059422000820259420C000D0F32
:1035E00080030090404F0D08C00399421000994499
:1035F0001C0048242D0200004CF748627E244853EA
:1036000068733C044823423F687F4CF348137F3F74
:103610000680C21F683F82023C094CF87E234CF5AD
:103620003C034822422F688F82A20D08800300903D
:10363000404F0D0FC00319430C0082827F34178066
:10364000994220006043FD300A00C843405448249A
:1036500040252D03000082023C09C8647D4204809D
:10366000C8523CF2C82430423CEF0D0F800300905A
:10367000404F0D08C0034C4382826E144054C84230
:10368000C88548242D0200004CF848627E24485228
:1036900068823C044822422F688F4CF38202C2FFAA
:1036A000683F0D08800300900D02C0034C430BF4EB
:1036B00090419F0405800D02800300904C481943FF
:1036C00018007E3619431400594320003C05194365
:1036D0000800423F6C484C43C2FF6C433CEB000087
:1036E0000D08C00319430C004C4182A27FF31780E0
:1036F000404F9942100099441C0048242D020000BC
:103700004CF748627E24485268723C044822422F9B
:10371000687F4CF38202C21F683F0D08800300904F
:103720000D0FC00319440C001943040082A27F341A
:103730001C8019422000194314005F320580194291
:1037400018003C0419430800A23259422000404F9F
:10375000994210009944200048242D02000048326C
:10376000C212683282020D0F800300900D02C00366
:10377000D442BC2B4C21194314006C404C44C21F52
:103780006C440B3FB0F16C450D02800300900000CB
:10379000404F0D04C003C873D94418007D4307008F
:1037A000913005F8D9FF106FDC0F820F6C504CF090
:1037B0006C514CF4E805C2FF684F0D048003009083
:1037C00080544C41A2F44C424BF411420D000005D0
:1037D0004C438B0500220BF4304126420090000040
:1037E0004C40404FEE3039461C00821F9130052876
:1037F0001944040039451D000F6F0060D9223C7F39
:103800002D020000BD02200088D2481448284B84B5
:1038100011820D000005028F6F02090040249130D3
:103820000528D922008F2D0200004025913005285F
:1038300002F540F44824D922325F2D0200004CF3F7
:1038400042F86838C802BC2B4C214852680F4CF42F
:10385000C21F684F0B2FB0F1685F0090E802009024
:10386000820F6C504C406C514C44F445C2FF6C4488
:1038700000900000D442BC2C4C21194218006C402E
:103880004C45C21F6C450B2FB0F16C460090F442C2
:1038900000900000820F6C504C406C514C45F44538
:1038A000C2FF6C45009000000D0FC0039100012580
:1038B000D9220C442D0200000D0F8003009000005F
:1038C0000D0FC00399422000D94F1C007DF2090062
:1038D00040F4913005F802F4D9FF106FDC0F91002D
:1038E00001F5D9FF2C442D0F00000D0F800300902F
:1038F000B94F000020188B0F24F202433B60FF2FCA
:10390000DF0F978082244D40E0FF370F62F53E4382
:10391000ADD08F004DC0E2BF02BF16FF8B7FA3F278
:10392000EE088FFBCFF19637CDCFE20F0D00C0042C
:10393000404CCC4180FFD9AE180089EF2CF5023CF9
:10394000025D49EC4008910001F5D9A40800D9C5F1
:1039500008003B000140D9FF28612D0F00009100B5
:1039600001D5D9A40800D9DDB4412D0D0000910086
:1039700001E50228820A8209BBF0FFEFD9EE80B18F
:1039800019A304005FE8260091000025D922B09613
:10399000012802F6C80FC8F2802F19F2001026F392
:1039A0006F0205005FF305803C2FDF032E80370890
:1039B000F0F2D9A20800902F8FF80181820F57F002
:1039C00021C849FC400840242D0D000002283CD9A4
:1039D0000F93E09059A90400609FECC176A7914035
:1039E00000FF824FD9FF6808283F82244D40E0FF46
:1039F000370F62F53E43ADD08F00CDCBE20F0D0007
:103A0000C00482020090910001258F2200210F390D
:103A1000A0F059F3001040F4D92280812B9F4092EE
:103A20002D02000040F42D0E0000A62A3CC100909B
:103A3000CC40194508009943040048334CF44253E4
:103A400082A25FF30A00C2F5265F903282027424DC
:103A50004CF4C21F684F009019430C00CC404C41FD
:103A60003B60FF2F3F432E8019430800DF032A00ED
:103A7000484048368F1300200B6080604B2611624F
:103A800082A25F371F004B30112219421000404CB8
:103A9000E232062260231032C242742460221024D3
:103AA00091000125D92228612D0200004CF419C291
:103AB0000800C21F06123F2F0380820F684F820248
:103AC0000090000019430800404FD44C4C413B602B
:103AD000FF2FDF032E0019C50C0019C610008282CB
:103AE0005F5627004B35112219421000E2328F2217
:103AF00000306033103282A254283F841A801B4366
:103B00000020602240541025910001250284D92212
:103B10002861406D2D0200004CC34822C21F0612CE
:103B20000B2F3021AB0F80F26CC374D8820200904F
:103B3000194608000257CC404C413B60FF2FDF067E
:103B40002900483548428F160030A2524B321122CC
:103B500082827F341F8042544B641142194210000C
:103B6000E2528F2200306032102F82A248083F8735
:103B700011801B4300206022405410259100012534
:103B80000284D9222861406F2D0200006808820259
:103B900000900000CC404C423B60FF2F4835061F90
:103BA0007FF50D804842A2524BF211220B34904116
:103BB00042544BF411428202683500903704704041
:103BC00091000125D922F873025F2D0200004024E4
:103BD0009100012502F4D922FC63DC023704704015
:103BE00091000125D922F873404F2D020000402496
:103BF0009100012540F5D922DC73DC021DFFF0FFA6
:103C00009120F12985FF14031922644B2008262FE7
:103C1000D9AE08007B300598404F89EF3CF51BC9B1
:103C20001196820858016E1E0F0FB0F18BFF01F143
:103C30008F6F002060234812D93200431102002FF9
:103C40001925200026257659138F2129C8236022A3
:103C5000392414002D030000578021CF49EC40087F
:103C60003CE2DC0B911000F0B0EF194F10012E0474
:103C7000FCFD82920090820200900000CC41C80FAF
:103C800006658FB4004019FF100191000125163C14
:103C90009601A6F5A65459F4100140F4D9227C34BB
:103CA000405C2D020000F62419FF1401ACC0009006
:103CB000910000F5D9FF0897160F90FFD4FFDC0F95
:103CC000008000000C502C4000900000820F104239
:103CD000105F9F04038000900802C21F34223CF84A
:103CE000B95F0000AC40009006F49F040380009090
:103CF000095FC200A44F3CFA4C506C400090000099
:103D000006E49F0403800090445F644F3CFB000086
:103D1000FFFFFFFFFFFFFFFFFFFFFFFFFFFFFFFFB3
:103D20000000000000000000000000000000000093
:103D30000000000000000000000000000000000083
:103D40000000000000000000000000000000000073
:103D50000000000000000000000000000000000063
:103D60000000000000000000000000000000000053
:103D70000000000000000000000000000000000043
:103D80000000000000000000000000000000000033
:103D90000000000000000000000000000000000023
:103DA0000000000000000000000000000000000013
:103DB0000000000000000000000000000000000003
:103DC00000000000000000000000000000000000F3
:103DD00000000000000000000000000000000000E3
:103DE00000000000000000000000000000000000D3
:103DF00000000000000000000000000000000000C3
:103E000000000000000000000000000000000000B2
:103E100000000000000000000000000000000000A2
:103E20000000000000000000000000000000000092
:103E30000000000000000000000000000000000082
:103E40000000000000000000000000000000000072
:103E50000000000000000000000000000000000062
:103E60000000000000000000000000000000000052
:103E70000000000000000000000000000000000042
:103E80000000000000000000000000000000000032
:103E90000000000000000000000000000000000022
:103EA0000000000000000000FFFFFFFFFFFFFFFF1A
:103EB000FFFFFFFFFFFFFFFFFFFFFFFFFFFFFFFF12
:103EC0006440538008CC0FBF060000001CB9119F4E
:103ED00004CC0FBFEC41538024CC0FBF0000000086
:103EE0000000000000000000D4475380ACCC0FBF9E
:103EF00000000000000000000000000000000000C2
:103F000000000000000000000000000000000000B1
:103F100000000000000000000000000000000000A1
:103F20000000000000000000000000000000000091
:103F30000000000000000000000000000000000081
:103F40000000000000000000000000000000000071
:103F50000000000000000000000000000000000061
:103F60000000000000000000000000000000000051
:103F70000000000000000000000000000000000041
:103F80000000000000000000000000000000000031
:103F90000000000000000000000000000000000021
:103FA0000000000000000000000000000000000011
:103FB0000000000000000000000000000000000001
:103FC00000000000FFFFFFFF02000000FFFFFFFFF7
:103FD000000000000000000002000000FFFFFFFFE3
:103FE00000000000000000006D00B0346D013B7F58
:103FF000009000006D0084340090FFFFFFFFFFFF82
:1040000000000000000000000000000000000000B0
:1040100000000000000000000100000027F307007E
:104020000000050000000600000000000000000085
:104030000000000000000000000000000000000080
:1040400000000000000000000276538003001E0004
:10405000000000000000000001000000000000005F
:10406000B4EF07000000050000000600000000009B
:104070000000000000000000000000000000000040
:10408000000000000000000000000000E803000045
:1040900000000000384A000010765380030015002D
:1040A000000000000000000001000000000000000F
:1040B000B3EF07000000050000000600000000004C
:1040C00000000000000000000000000000000000F0
:1040D000000000000000000000000000E8030000F5
:1040E00000000000881300001E76538003001400B7
:1040F00000000000000000000100000000000000BF
:10410000B2EF0700000005000000060000000000FC
:10411000000000000000000000000000000000009F
:10412000000000000000000000000000E8030000A4
:1041300000000000881300002A7653800300190055
:10414000000000000000000001000000000000006E
:10415000B1EF0700000005000000060000000000AD
:10416000000000000000000000000000000000004F
:10417000000000000000000000000000E803000054
:1041800000000000384A000033765380030000002E
:10419000000000000000000001000000000000001E
:1041A000B0EF07000000050000000600000000005E
:1041B00000000000000000000000000000000000FF
:1041C000000000000000000000000000E803000004
:1041D00000000000E02E000043765380040013002E
:1041E00000000000000000000100000000000000CE
:1041F000AFEF07000000050000000600000000000F
:1042000000000000000000000000000000000000AE
:10421000000000000000000000000000E8030000B3
:1042200058020000002D31014D765380030001003B
:10423000000000000000000001000000000000007D
:10424000AEEF0700000005000000060000000000BF
:10425000000000000000000000000000000000005E
:10426000000000000000000000000000E803000063
:1042700000000000E02E0000587653800400120079
:10428000000000000000000001000000000000002D
:10429000ADEF070000000500000006000000000070
:1042A000000000000000000000000000000000000E
:1042B000000000000000000000000000E803000013
:1042C000F401000040420F006476538003001800A0
:1042D00000000000000000000100000000000000DD
:1042E000ACEF070000000500000006000000000021
:1042F00000000000000000000000000000000000BE
:10430000000000000000000000000000E8030000C2
:1043100000000000384A00007476538003001C003F
:10432000000000000000000001000000000000008C
:10433000ABEF0700000005000000060000000000D1
:10434000000000000000000000000000000000006D
:10435000000000000000000000000000E803000072
:1043600000000000384A00008376538001001A00E4
:10437000000000000000000001000000000000003C
:10438000AAEF070000000500000006000000000082
:10439000000000000000000000000000000000001D
:1043A000000000000000000000000000E803000022
:1043B000F4010000941100008E76538001001B0070
:1043C00000000000000000000100000000000000EC
:1043D000A9EF070000000500000006000000000033
:1043E00000000000000000000000000000000000CD
:1043F000000000000000000000000000E8030000D2
:10440000F4010000941100009B765380030010001B
:10441000000000000000000001000000000000009B
:10442000A8EF0700000005000000060000000000E3
:10443000000000000000000000000000000000007C
:10444000000000000000000000000000E803000081
:1044500000000000384A0000A776538003001100D6
:10446000000000000000000001000000000000004B
:10447000A7EF070000000500000006000000000094
:10448000000000000000000000000000000000002C
:10449000000000000000000000000000E803000031
:1044A00000000000384A0000B47653800300020088
:1044B00000000000000000000100000000000000FB
:1044C000A6EF070000000500000006000000000045
:1044D00000000000000000000000000000000000DC
:1044E000000000000000000000000000E8030000E1
:1044F00000000000E02E0000BF76538003001D0086
:1045000000000000000000000100000000000000AA
:10451000A5EF0700000005000000060000000000F5
:10452000000000000000000000000000000000008B
:10453000000000000000000000000000E803000090
:1045400000000000384A0000CC76538001001600BD
:10455000000000000000000001000000000000005A
:10456000A4EF0700000005000000060000000000A6
:10457000000000000000000000000000000000003B
:10458000000000000000000000000000E803000040
:10459000F401000094110000D97653800200050058
:1045A000000000000000000001000000000000000A
:1045B00022F00700000005000000060000000000D7
:1045C00000000000000000000000000000000000EB
:1045D00000000000000000000000000000000000DB
:1045E000E776538001001400000000000000000086
:1045F000010000000000000021F00700000005009D
:1046000000000600000000000000000000000000A4
:10461000000000000000000000000000000000009A
:104620000000000000000000F5765380010001004A
:104630000000000000000000010000000000000079
:1046400020F0070000000500000006000000000048
:10465000000000000000000000000000000000005A
:10466000000000000000000000000000000000004A
:1046700003775380010002000000000000000000EA
:1046800001000000000000001FF00700000005000E
:104690000000060000000000000000000000000014
:1046A000000000000000000000000000000000000A
:1046B00000000000000000000F77538001000A0096
:1046C00000000000000000000100000000000000E9
:1046D0001EF00700000005000000060000000000BA
:1046E00000000000000000000000000000000000CA
:1046F00000000000000000000000000000000000BA
:104700001A7753800200060000000000000000003D
:1047100001000000000000001DF00700000005007F
:104720000000060000000000000000000000000083
:104730000000000000000000000000000000000079
:1047400000000000000000002677538002000400F3
:104750000000000000000000010000000000000058
:104760001CF007000000050000000600000000002B
:104770000000000000000000000000000000000039
:104780000000000000000000000000000000000029
:104790003177538002000300000000000000000099
:1047A00001000000000000001BF0070000000500F1
:1047B00000000600000000000000000000000000F3
:1047C00000000000000000000000000000000000E9
:1047D00000000000000000003C7753800100120040
:1047E00000000000000000000100000000000000C8
:1047F0001AF007000000050000000600000000009D
:1048000000000000000000000000000000000000A8
:104810000000000000000000000000000000000098
:104820004977538001000B000000000000000000E9
:10483000010000000000000019F007000000050062
:104840000000060000000000000000000000000062
:104850000000000000000000000000000000000058
:1048600000000000000000005477538001000000A9
:104870000000000000000000010000000000000037
:1048800018F007000000050000000600000000000E
:104890000000000000000000000000000000000018
:1048A0000000000000000000000000000000000008
:1048B0006377538001001300000000000000000037
:1048C000010000000000000017F0070000000500D4
:1048D00000000600000000000000000000000000D2
:1048E00000000000000000000000000000000000C8
:1048F00000000000000000007077538001001B00E2
:1049000000000000000000000100000000000000A6
:1049100016F007000000050000000600000000007F
:104920000000000000000000000000000000000087
:104930000000000000000000000000000000000077
:104940007C77538001001700000000000000000089
:10495000010000000000000015F007000000050045
:104960000000060000000000000000000000000041
:104970000000000000000000000000000000000037
:10498000000000000000000087775380010016003F
:104990000000000000000000010000000000000016
:1049A00014F00700000005000000060000000000F1
:1049B00000000000000000000000000000000000F7
:1049C00000000000000000000000000000000000E7
:1049D00092775380010015000000000000000000E5
:1049E000010000000000000013F0070000000500B7
:1049F00000000600000000000000000000000000B1
:104A000000000000000000000000000000000000A6
:104A100000000000000000009D7753800100190095
:104A20000000000000000000010000000000000085
:104A300012F0070000000100000002000000030067
:104A40000000040000000000000000000000000062
:104A5000000000000000000000000000E80300006B
:104A6000AB77538001001A00000000000000000036
:104A7000010000000000000011F00700000001002C
:104A8000000002000000030000000400000000001D
:104A90000000000000000000000000000000000016
:104AA00000000000E8030000B877538001000E000A
:104AB00000000000000000000100000000000000F5
:104AC00010F00700000001000000020000000300D9
:104AD00000000400000000000000000000000000D2
:104AE000000000000000000000000000E8030000DB
:104AF000C877538001000D00000000000000000096
:104B000001000000000000000FF00700000001009D
:104B1000000002000000030000000400000000008C
:104B20000000000000000000000000000000000085
:104B300000000000E8030000D7775380020009005E
:104B40000000000000000000010000000000000064
:104B50000EF0070000000500000006000000000045
:104B60000000000000000000000000000000000045
:104B70000000000000000000000000000000000035
:104B8000E0775380010010000000000000000000EA
:104B900001000000000000000DF00700000005000B
:104BA00000000600000000000000000000000000FF
:104BB00000000000000000000000000000000000F5
:104BC0000000000000000000EE77538003000700A3
:104BD00000000000000000000100000000000000D4
:104BE0000CF00700000005000000060000000000B7
:104BF00000000000000000000000000000000000B5
:104C000000000000000000000000000000000000A4
:104C1000FB77538002000800000000000000000045
:104C200001000000000000000BF00700000005007C
:104C3000000006000000000000000000000000006E
:104C40000000000000000000000000000000000064
:104C500000000000000000000A78538001001100ED
:104C60000000000000000000010000000000000043
:104C70000AF0070000000500000006000000000028
:104C80000000000000000000000000000000000024
:104C90000000000000000000000000000000000014
:104CA0001D78538001001800000000000000000083
:104CB000010000000000000009F0070000000500EE
:104CC00000000600000000000000000000000000DE
:104CD00000000000000000000000000000000000D4
:104CE00000000000000000002B78538001000C0041
:104CF00000000000000000000100000000000000B3
:104D000008F0070000000500000006000000000099
:104D10000000000000000000000000000000000093
:104D20000000000000000000000000000000000083
:104D300040000000F447119F1C60109F000000001D
:104D400000000000000000001C50119FBD01050084
:104D50000000000000000000010000000000000052
:104D6000000000000A000000000000000000000039
:104D70001C50119FBD010500000000000000000054
:104D8000B4C2119F000000000000000000000000FD
:104D90000000000000000000F60600006E19000090
:104DA000010000003043139F3043139FF88F1E9F74
:104DB000A8CF0F9FA8CF0F9FA84F109FC07700507C
:104DC000C0770050C03F0150A0000F9FA0000F9F70
:104DD000A0C80F9F010400010203000000000000B2
:104DE0003000000074535380545353809D0018606A
:104DF000010001020101000000000000010E001886
:104E00001818000000B503F00213000000000000B5
:104E10000000000000000800000000000300000087
:104E2000010000001400000009000000899D53806B
:104E3000939D538001000102010100000000000069
:104E4000010E00181818000000B503F0021300004E
:104E50000000000000000000140014003C020000EC
:104E60000000000000000000E0F01EBFC0F01EBF08
:104E700040000000C0901EBF00010000C0D01EBF57
:104E80000020000000901EBF10000000385E109F40
:104E9000D058538000000000000000000000000017
:104EA0000000000034595380070000009C5E109FF2
:104EB000C0B4119F00000000345953800600000068
:104EC0009C5E109FC8B4119F00000000545953808D
:104ED000040000009C5E109F000000000000000025
:104EE00054595380020000009C5E109F0000000097
:104EF00000000000F80D5380FC0D5380000E53801D
:104F00005A0E538000000000050100000000000060
:104F1000686353806A6E5380050000000000000043
:104F20005000000044B5119F500000003E6F5380B8
:104F3000C85F109F785F109F285F109F00000000DF
:104F40000000000000000000000000000000000061
:104F50000000000000000000000000000000000051
:104F60000000000000000000000000000000000041
:104F70000000000000000000000000000000000031
:104F80000208020002000000D142139F2143139F38
:104F9000D142139FD142139FD142139F745F109F40
:104FA000545F109F0000000000000000000000009F
:104FB00000000000000000000000000000000000F1
:104FC00000000000000000000000000000000000E1
:104FD0000208010001000000C45F109FC55F109F20
:104FE000C45F109FC45F109FC45F109FC45F109F79
:104FF000A45F109F000000000000000000000000FF
:1050000000000000000000000000000000000000A0
:105010000000000000000000000000000000000090
:1050200001000000000000001460109F1560109F38
:105030001460109F1460109F1460109F1460109FE4
:10504000F45F109F0000000000000000000000005E
:105050000000000000000000000000000000000050
:105060000000000000000000000000000000000040
:10507000407153806400F401E8030A00000000005E
:10508000000000000000000000000000000000C060
:1050900000C0F6FF01544A41313130580000000091
:1050A00020408212913005F859A2280019F2D4A3A9
:1050B000820F913005F8ACAE59A210007B2005F8A4
:1050C00059A2300019F2D8A31BCFB1F3780859A226
:1050D0001400820F59A23400D9A41C007B00402088
:1050E000A005D9A618007809780B59A23800F9AFA5
:1050F0003C00F9AF3E006D016707DF021B000B208B
:10510000C07119A210003707707074A219A21400A0
:10511000913005F859A2040078023B6001403B0041
:1051200020508206D9FF0A082D0F000000A03C0085
:10513000913005F8D9FF74E92D0F00000000000040
:10514000910000D5910001E5D9DDF016D9EE10727D
:10515000910000F5D9FFF4E609F240098B12808036
:105160008B03A09089F84009820A82128FFA0FF10E
:105170008B2F60322623DF0329008B1F00F116FFDF
:105180009264062453CF20B0604CD2128F1380312A
:105190002623DF03190099D404008212014B00F684
:1051A000B9F30800F63EC80F481448235F340A00DC
:1051B00001C410F04803F63502F42D0E00008202FF
:1051C00082133CE5C21A3CD3DF02D07F3CC2000010
:1051D00000000000000000000000000000000000CF
:1051E0002008D9AE0800820889E83CF56D0000432C
:1051F0009100F1F9D9FF2816C88240E4022F142942
:105200006D00BB3419A204004B82012037026131CA
:10521000DF190B8039F20A10F6278212E9F2081022
:10522000E9F20A103C1019F214107B90004052224F
:105230001B047C420B4250212632762539F20A109B
:10524000DF02ED7F39F20810FF52EA809100052855
:10525000D92220950122022639F20910DC02000031
:105260001D000A001D002E001D0061001D00C10070
:105270001D007E00762F9100F149D9440C367B80C9
:105280003C4459FF14106D007F3939FF0810E9FFC5
:10529000091019F204107BC05BFC1B0F00F84B2FA8
:1052A00041F07B802C244B2F51F07BC061241B02EA
:1052B00000246B0221FF68AF820FE9FF0A10009003
:1052C0008B3200328B02E034DF031A0048A47BC02B
:1052D00061841B0800846B0431487B0002244B244A
:1052E00051409100F149D9440C3659FF0C106D0022
:1052F0004B3939F2081068A8E9F2091019F20C10BC
:105300007BC0513452224B0261211B0300344B32CB
:1053100001206F228A0039F2081059FF1C10E9F2AF
:1053200009108222E9F208100090DF1211804892E1
:1053300059FF1C104B8201803708E1807B00F82365
:10534000AB02802868928222E9F2091019F21C103F
:10535000A22F4B0F61F17BC04B241B0200284B2F67
:1053600001F087FFA2F06E60824F3C56DF2227805B
:1053700019F304107BC05B2C1B0200284B32412028
:105380007B802C344B3251209100F149D9440C36AA
:1053900059FF10107BC061441B0400446B042122A0
:1053A0007B0002346B02314468A24B3451406D00E3
:1053B000EB3839F20810E9F2091019F21010A22F97
:1053C0004B0F61F17BC051241B0200244B2F01F0D5
:1053D0006F2F2B0048924B8201F0160D6E1D7B0043
:1053E000F8F34BF201F0160DEE1F823F3C15DF4241
:1053F0000780823259FF1810E9F2091019F21810CB
:10540000A22F4B0F61F17BC061241B0200244B2FA4
:1054100001F02E2A821FE9FF08100090821F6D0004
:10542000012BE9FF0B1000909100F1F9C2F4D9FFB4
:1054300018A6FF44168091000528D922481501249A
:10544000022640F4DC0200001D000C001D000A00D2
:105450001D0008001D0002007BA04F443C0640F4E4
:105460007BC04B441B0400486D008E389100F1C98D
:10547000D9CC1C9619C4243040F46D00E8374CCFC9
:10548000820259CF2830009020083B0071426D0104
:1054900064299110F1E97B20F1D9D9EE182A7B001B
:1054A00005E8022A820BD2081B2D91DB1BCE4DE5AD
:1054B00040EC3BC06AC260DF8FFB0F210CF07FF233
:1054C0008E8002BF16FF530F25F010EF0842C2F284
:1054D000FF42828060E2012202F6DC0F1D0008001C
:1054E0001D0021001D003A001D00550010CF82054F
:1054F000B9F4060082066D01322939FF1100022835
:105500008B0F20228B080024DF026600B9F406000E
:10551000B9F5041019F6081019F70C106D013729A8
:105520003C5910CF8205B9F4060082066D01492965
:1055300039FF110002288B0F20228B080024DF0284
:105540004B00B9F40600B9F5041019F6081019F764
:105550000C106D014E293C3E10CF8205B9F40600B7
:1055600082063B0071726D015E2939FF110002282D
:105570008B0F20228B080024DF022E00B9F40600D6
:10558000B9F5041019F6081019F70C106D0165290A
:105590003C2110CF8205B9F4060082063B4006701C
:1055A0006D01752939FF110002288B0F20228B080D
:1055B0000024DF021100DA64B9F40600B9F5041022
:1055C000780059AC040019F6081019F70C106D0199
:1055D00078290229C21B1DFF70FF2B8A50282B2916
:1055E000402900909110F1D92010820F9120F1E90B
:1055F000D9DD182A7B0005B878012CA3780278033E
:10560000820A8208D9EE924B40DF1BCB64B50CE0D6
:105610008FFA0F417FF4678002AF16FF530F25907A
:1056200001D90026392F11006E036D00594301F98D
:10563000002639220400C2F2FF423F8060B301F924
:1056400000C601320226B9C40600DC021D000800B3
:105650001D000B001D0015001D001C00D9A4040036
:105660006D0159293C06D9A404006D015A2902286C
:10567000DF081D8019A204004B0241213C19D9A466
:1056800003006D014229022839A20300768C3C0EEA
:10569000D9A40800D9A50C006D0149290228F626D5
:1056A00019A208004B0261213C0319C20C0001F948
:1056B00000265922080001F900267B6058334C224D
:1056C00019220C001BD37B336B02312F6C23B702E2
:1056D000812FC21A4B32012037026121E9221000CA
:1056E0003C970282009000002030404F6D002B510B
:1056F000F62E0CF108029120F129134220FFD92245
:10570000AB6C10220C20EE063B60FF2F02291D001F
:105710001301D9F20400B5A20800C8828203D20C9A
:10572000192B1400820E59A304008289080408155D
:10573000D9A41C006D00166FDF029E80C8829922DA
:1057400008007C23820A3C1F99A50800D9A41C00EC
:1057500008042D020000DF029500DF82E9FF3CF320
:10576000B70A10F84862C883134F213299320C00EF
:1057700099331000603D39D30B00B5A30C00DF1343
:105780000A00C21AB9F20A00370A70303F23EAFF52
:105790003CCE48428205138F2132F9A51200D9A4CC
:1057A0001C00603C603599CE100040D6D9A714008B
:1057B0002D0200000228DF022080B9C30C00DF03A5
:1057C0001200C87440C5D9A61400D9A712006D00F4
:1057D000F55699CE10000228B9A31200F62D01E368
:1057E00003E699A20C00D9A41C0040C540D640E7AE
:1057F0002D02000002288BA81F228B08E0247629A6
:10580000C87440C5D9A61400B9A412006D00E855AB
:10581000DFD8B97F1BB80080FFC82B809100053806
:10582000D933AC0501380226DC0200001D001E0041
:105830001D001F001D0017001D001B001D0019008A
:105840001D000E001D0015001D0013001D0011009D
:105850001DFF6EFF1D000D001D001400821E1DFFA8
:1058600067FF821C1DFF64FF821D1DFF61FF82F91F
:105870001DFF5EFFDF820B008299DF02597F3C062D
:10588000821359A304001DFF53FF6D00B56E8208FB
:1058900082048276B9F30A00370470507F35338072
:1058A0004CF4B70410381383215F60520C265E2538
:1058B000B9250A00DF0525004CF61343215F60532C
:1058C0000C3BDE1EB9230C00820FAB138033370F65
:1058D00070507F35168099231000D033393505007C
:1058E000DF350D005437B9250A000B7280707F75C3
:1058F0000680E93605003B40FF8FC21F3CE9C21419
:105900003CCA76B660B2820408052D020000DF8929
:10591000138002CF8B0800F5EE0ADF1E0C00580141
:10592000AA098B1D20F2AB599F9F3C053B70FF9F3E
:105930003C0282A902920090807280638B0220F266
:105940008B0320F4203882B2DF0F14030C70407FE9
:105950008B1F0322406C405D404EDF0245828B2F3F
:10596000A322F62B8B2F0222DF0216808BEF02F28E
:10597000DF0FD6801D00E5028BBF0B22DF02DA812C
:105980008BCF0B22DF0203828BAF0BF2DF0FD9022A
:105990001D000001B96F0000DF3F2A820C713972CF
:1059A00002008F8F00F0422F6D00775C370F70F090
:1059B000BB40813A5F3FAB00BB50813A7F3F1080D4
:1059C000BB00803A5F3F34003F3FD2821B0F7F35E0
:1059D0009BF3FF3FBF3311801D00CA02BBB0813A69
:1059E0005F3F7D00BBC0813A5F3F8200BB70813A60
:1059F0005F3FBE823C63BF52D28140D46D001259DA
:105A0000BB00812A99241C0082043E28BB10814AD5
:105A10000B4F00418212AB228044D9A514006D00C7
:105A20002C78B9AF14008F8F1F203C53BFB2B781C1
:105A3000D9F20300820FA073242FFC3F0CFA9602C8
:105A400028AF6D00E1690CFAE9A212008B12002266
:105A50000622A6F228A26D00B47480A3A0051B83C1
:105A600003F060F208A389221AF48B120022064286
:105A7000A632402428A2802F6D009A7539A2120008
:105A800008A38B1200220652A63260F428A2D9A5E0
:105A900014006D00987539AF140008A2BA1F066F84
:105AA0000F2FA03039AF1200BA1F8F7F00200F23B5
:105AB000A0F028AFDA0B1D006701BF52708140D4FF
:105AC0006D00B058820FBC2499221C000C20820269
:105AD000284F2832825F1D0057019120F1498B72B7
:105AE0006122D944987CDF025A813C098B326122C1
:105AF000DF0255819120F149D944877CD9F5030013
:105B00006D008857C2321D00BB01BF624881D9F4C5
:105B100003006D00A675826F1D003601B96F00008D
:105B2000BF3F66816D00B95BBF3239810CF108223D
:105B30008F8F00F0422F370F70F01B0F7F259BF2E5
:105B4000FF2FFF321582B9C20000BF5251810839C0
:105B500008428F8900904229BB00812A3709709042
:105B600082083E28BB10818A0B8F00818212AB22F3
:105B7000808840D46D00565899241C000B89104829
:105B80006D006E77AB22A2F28232B4C21D00C30157
:105B9000B96200008208DA13BF22B1806D007D5B1C
:105BA00040D4022A6D003E580CF119291C00FF7FD9
:105BB000968091000528D92284F59022B9C300006F
:105BC000DC0200001D000E001D002C001D002A003C
:105BD0001D0028001D0045001D0043001D00410060
:105BE000DF230500DF5307003C7660946D000177EA
:105BF0003C77D9F40200D9A51000D9A61200D9A784
:105C000014006D00F256609439A41000B9A512007A
:105C1000B9A614006D00FF760228DF0260803C60A8
:105C20008208DA13DF536B80DA14BF8A6880D9F4F4
:105C30000200D9A51000D9A61200D9A714006D0042
:105C4000D45608176094C2F739A41000B9A5120001
:105C5000B9A614008FF70F716D00C1763C2F8B939E
:105C600020328208DA13DF034A80DA14BF8A4780C1
:105C7000085208848F8201300862D9F402008F0232
:105C800001F0423F42F40CF7D9A510008F8F00F0CD
:105C9000D9A61200D9A71400424F6D00A6560817C6
:105CA0006094C2C739A41000B9A51200B9A61400A7
:105CB00078008FF70F716D003D070228DFA20A0000
:105CC0008B921F22DA22AB1F83F2DF0818803C0878
:105CD000DA703C148208DA133C11DA313C0F0CF113
:105CE000EE06B9CF00005E23821F3C4D0CF2281F48
:105CF0000CF3282F0CF4283F3C748B0820228B1FB8
:105D000003248B1F0392080440E440D502F5F626D5
:105D10008B2F02228B0FE7247628D9F602008236D9
:105D20006D00A2591D00F5006D0092591D00F10093
:105D3000B96F0000DF4F5C80D9740100D9A50F0056
:105D4000D9A61000D9A712006D004F566D00A55AB4
:105D5000C2C237027020F9A21400DF02200039A469
:105D60000F00B9A51000B9A61200D9A41400D9F5E6
:105D700004006D00FB74DFB21200DF022F8094C2BA
:105D80008CAA422FACC01D00C700B96F0000BF5FD6
:105D90002F806D00825AFF420580DA141D00CA0070
:105DA000D9F40100D9A51000D9A61200D9A7140072
:105DB0008CC06D001A56C2CF370F70F039A4100096
:105DC000B9A51200B9A6140002F7D9F404006D00B9
:105DD000FA74DFB20D007625DFA238801D00C800FE
:105DE000824F3CD1B9620000FF420580DA131D00EA
:105DF000A1000C72397303008F8F00F0423F370F00
:105E000070F03B2021305F3F3D003B3021305F3F51
:105E100064003B1021305F3FAB8039730100DA1220
:105E2000DF138880DF52E4FF6D00375A8BB26222A5
:105E3000DF02B5FF0844D9A414008FF401416D00BE
:105E40002D75DFA295007623DA223C73821F285F2E
:105E500039AF3500D9A41400286F39AF3600D9F511
:105E60000B00287F39AF3700288F822F289F6D00C5
:105E7000D155022F16FF28A21BBF0020B4C23C4BF5
:105E800039730100DA12DF1355808B922022DF0272
:105E9000AFFF6D00025ABF6282FF085208848F82F2
:105EA00001300862D9A414008F0201F0423F42F48D
:105EB0000CF78F8F00F0424F08448FF401416D00C2
:105EC0001475DF0255808262B4C219A214000BF26D
:105ED00010F1285F3C2039730100DA12DF132A80A9
:105EE000DF6286FF6D00D959BF7259FF084408551B
:105EF000827FACC08FF401418FF507516D000575AD
:105F0000DFA23600820F7622821F286F3C04DF0951
:105F10002F80EE0F0CF040E41B0F04F0280F40D54B
:105F2000B9C4000040F66D005B58AB72BF22009010
:105F300008048BA42B22DF02118082D20090DA1198
:105F400040E440D540C640F76D00B45DDF8212806A
:105F500008048BA40B32F63D40E440D502F56D00F9
:105F60007758DF02EC7F3B70FF2F0090DA313CE97D
:105F700000900000820220103442024C404C6D0020
:105F8000CC5E0228DF024E819120F1F9D9FF838C8B
:105F900001FC00F69110F129D9224C560803012C7E
:105FA000022682028FF20F417F3431815424134242
:105FB0002254C212605F39F41500DF04F57F39F214
:105FC00020009120F1D9D9DDBF7CDF02BD8039F2FC
:105FD0001800FF42158191000528D922E4F501221D
:105FE0000226DC021D001C001D0050001D000400E4
:105FF0001D000F006D0033734873A2323B903E309A
:106000003F32FE808232E9F218001D00F900820260
:10601000E9F215003B40FF8F1D00F5003B8000209A
:106020008219C81534A2E9A90100B9F210004CF395
:1060300037026434910001251B030130D9A40A0002
:106040008264D92228617801E9A30800E9A2090045
:106050002D02000001DC00D640A414D46D000560C0
:10606000DF02CE8039F21400E9F91500C212E9F21C
:1060700014008892C262A8928222E9F218006D0090
:10608000EE7268721D00BF00910001E501DC00D6D0
:10609000821AD9EE2861822BB9F21200888948143D
:1060A000A22937097090E9AA01008B7920931B1966
:1060B000003034A348331A2459A3040039F31400E0
:1060C00060F58FF300311B030230D9A4090002945C
:1060D000E9A308002D0E000014D440A46D00C55F94
:1060E000B9F310000228DF0225808892422937097F
:1060F0007090A8995F930580E9F815003C1B39F270
:10610000140082048BF20052F6551B1200408FF4EB
:106110000F4139F21900E9F41400DF120680E9FB9F
:10612000180082E83C027626C2F2E9F219003C022D
:1061300082E8B9F412000B3430218B080024DF020E
:10614000ADFF3C60DF225E80B9F210008B02B032FE
:10615000DF0358808FF20F41B9F21200C815602298
:106160000B2480908212E9A201004832302559A206
:10617000040039F31400910001251B03FE2FE9A24E
:1061800008008FF90F91D9222861F63B8B69209383
:106190001B29002034A2E9A40900D9A40A003C0864
:1061A0008B7920931B19002034A2D9A409000294F2
:1061B0002D02000001DC00D640A414D46D00555F10
:1061C000DF021E808213E9F31500889342393709F4
:1061D0007090B9F31000A8995F930580E9F215005B
:1061E0003C1139F2140082138BF20042F6451B1267
:1061F00000308FF30F31E9F314003C0482E83C02D5
:10620000828839F2150034C23C0282E89120F1F90B
:10621000D9FFBF7C01FC00F608046D00B9623C02A6
:106220008288028200900000D9AAF8BF024F6D0058
:1062300052638288DF02E7829110F1F9D9FF646628
:1062400090FF9120F1D9C80CD9DD8C8C10DD14CBD6
:10625000820982A853C9212001C200F68FF90F21BB
:106260007FB2AE8039F21000DF22A6008203DF0287
:106270003B80C81414D43B800050D9A50C006D009D
:10628000EE6D02288B421F22DF02C680DF08C0802D
:10629000C814D9A510006D00927A0228DF02BC80D4
:1062A00019A41400B9F202001B8400300B325021F3
:1062B000ABA89F82B9A21200BB100068BB00105FA0
:1062C0000B6210310B521032DF03A4808213F68B65
:1062D000A8A44814A8921B840020E9F31000686267
:1062E000820382E839FA1000DF1A64809120F129D4
:1062F000D9228C8C1022C8641424B9F51400D9A5B5
:106300000C006D00AC6D02288B421F22DF0258800A
:10631000DF085580C8639110F129802539320200C9
:10632000393303008F82002042321B855A3613CF47
:1063300020433935010037027020604239240100C2
:106340001423C214130328441433B0438F83003042
:10635000425319A50C00370370305925080088A551
:10636000F9230400C2C5C2F3A8A53703E4538FF391
:1063700007312893370470408223E8632885E9F3C6
:1063800010005F420680942228C8A8523C18C2F22E
:106390003702E4338FF2072128B2B9F2120028A3A2
:1063A00028CABB00103F5F320B80823228C23C07F4
:1063B000DF130600C2191DFF4FFF82E89120F1F99B
:1063C000D9FF8C8C10F2D9A408403B70032089427D
:1063D00082C41424D9A51130D9A620006D007F6C89
:1063E000DF021182B9A20A00BF820D82D9A4113046
:1063F000D9A510006D00E379DF020582B9A40A0077
:1064000019A21400C2845F42FE813C0882E83C036A
:106410003B60FF8F82131DFF67FFB9A212001B02B2
:1064200000219BF2FF2FFFC2EE8191000528D922A7
:10643000780601220226DC021D0018001D00E3017F
:106440001D001B001D00DF011D005D011D00DB01A3
:106450001D009E011D00D7011D00D5011D00D301A7
:106460001D00D1011D009A0002F4D9A420006D0086
:10647000F6631D00C60137047040D9A41930D9A5B0
:1064800020206D00027ADF02BE816D009A6FDF026C
:10649000BA81A004A005A006D9A7180059A2180027
:1064A000F9A21C006D008F6FD9A41800D9A5202077
:1064B00082646D01A163DF02A6819110F12980231E
:1064C0001B835A2613CF204260423929010014222F
:1064D000C2191302289939A22620370970906F1229
:1064E000078039A226206F0222003C1539A63320EE
:1064F0008B06A122DF021F8039A734208BF7A72249
:10650000DF02198010F2821414256D00766FDF020D
:10651000EA7F3C0E10F2D9A427201424D9A52B2001
:10652000D9A62F206D00496DF62382023C06DFB20A
:10653000048082123C028222E9A218108222E9A27F
:10654000300082D2E9A231003B30002FF9A23200A4
:10655000D9A434103B900020D9A5300059A23400B2
:106560006D001A79D9AE08409100012589E988D4D7
:106570008264D9A41210D9A51800D92228612D024D
:106580000000D9A43C1040E56D00B07910FF3B102D
:10659000015008041D00B40037047040D9A419301C
:1065A000D9A520206D00B379DF022D816D00196F10
:1065B000022A39A22F205FA22681A004D9A50700B4
:1065C000D9A60800D9A730006D00FD6E39A30700D9
:1065D00039A230205F23178139A2080039A9312060
:1065E0005F291181D9A43000D9A5322002946D0110
:1065F0000363DF0208819110F1298025A0041B8527
:106600005A2613CF2032D9A509003709709060327D
:106610001B6900C0392B01001422C21B130228BBC6
:106620006D00C66F39A209001BE90090370B70B0EE
:10663000DF02328039A220206F12078039A2202089
:106640006F0222003C1539A62D208B06A122DF0205
:106650001F8039A72E208BF7A722DF02198010F2A6
:10666000821414256D00C96EDF02EA7F3C0E10F221
:10667000D9A421201424D9A52520D9A629206D002C
:106680009C6CF62382023C08DFB2048082123C0438
:1066900082223C028232E9A212108222E9A2180070
:1066A00082D2E9A21900D9A434103BC0002FD9A589
:1066B0001800F9A21A0059AC1C006D006D7839A4BD
:1066C000080039A2070091000125D9A41610D9A508
:1066D0003000D9222861E9A41510E9A21410F9AB01
:1066E0001010E9AA13102D020000D9A43C10D9A55E
:1066F00010106D00497910FF02950804D9A43410D8
:106700003C7BD9A41930D9A520206D00527939A934
:1067100027208B0906228B29E024DF02740039A28E
:106720002620DF0212809110F1F999FF5C66820247
:10673000E9A23410BD0F24000BF91048D9A434107D
:106740002D0F00003C1CDF125E806D003A6EDF02F0
:106750005A80A004A005A006D9A7341059A234106D
:10676000F9A238106D002F6ED9A43410D9A52020BD
:1067700082646D014162DF02D87F3C4439AF34103E
:10678000DF1F410002946D00066E3C3C9110F12920
:106790008024D9A420201B845A2613CF2052D9A5A7
:1067A00034106052392901001422C21913022899A9
:1067B0008222E9A2341082D2E9A235103B70002F68
:1067C000F9A23610823259A238106D00E5776D00BB
:1067D0005E6E370970908F891F30E9A32820E9A9E0
:1067E00029207622821210FFE9A22A2008043BB059
:1067F0000050D9A42020D9A520006D00BC6A7622C3
:1068000082D8028200900000C2E48BC4A1F2DF0FA4
:10681000CD80910005F8D9FFA00601F402F6DC0F47
:106820001D0038001D0036001D003A001D00380014
:106830001D0044001D0042001D0032001D003E00EE
:106840001D00B4001D00B2001D00B0001D00AE0010
:106850001D00AC001D00AA001D00A8001D00A60020
:106860001D00A4001D00A2001D00A0001D009E0030
:106870001D0042001D0040001D004F001D004D0086
:106880001D0066001D0064001D0047001D00600023
:106890000C40394201002C4134420090394303003E
:1068A0000C40394201003443394302002C43E94390
:1068B0000100E94202000090394507000C403445D0
:1068C0003945060039420100E94501003945050016
:1068D0003943020039440300E94502003945040008
:1068E000E9430500E9450300E9440400E9420600E4
:1068F0002C47009082028F1200F0370F70F07F5FFC
:106900000B801042C21F104F14230CF0C2122C2017
:1069100028033CF2009082028F2200F0370F70F0C3
:106920007F5F15809236014600F6921410420806E9
:1069300001440036C22F1423143434261042C212EC
:106940000C202C30342428033CE8009082028F3243
:1069500000F0370F70F07F5F29809270014000F6E1
:1069600092149226923708001042014400360146E4
:10697000005601470066142314341456146734205B
:10698000926001400026C21214203430925001401F
:106990000036C24F1430345010450C502C60345720
:1069A0003436342428033CD4009000009110F1F9CF
:1069B00019FFDC461384222F602F39FF2400FF4F7C
:1069C000188091000528D92290769022DC020000E0
:1069D0001D0014001D0006001D000B001D0004001A
:1069E00082120090824FE9FF240082320090820FD1
:1069F000E9FF24008222009082020090FF9496809A
:106A0000910005F8D9FF908601F402F6DC0F000032
:106A10001D0012001D0020001D0036001D00460054
:106A20001D005A001D0066001D0080001D007E0034
:106A30001D0074000C488FF50F218BFF0F313F2391
:106A4000048012233C0282F3E94310007FF2168097
:106A5000820F3C17794F0800370548208BFF07311C
:106A60003F23040012233C033BF00730E9431000AE
:106A70001B0FF83F3F3204005AF23C033B00F8FF83
:106A80002C4C3C53B94F0800BBF0FF3F370570203A
:106A9000A2F33F23048012233C0282F3F943100047
:106AA0007FF21480820F3C158C443BF0FF37370592
:106AB00050200BF380403F2403001223F9431000C1
:106AC0001B0F00383F3204005AF23C033B0000F831
:106AD000AC463C2B4C428F0F60213F520480125237
:106AE0003C0282F2594210007FF51280820F3C1363
:106AF0004C4282F206F20BF280303F5303001252F6
:106B0000594210009B0F00283F2504005AF53C0312
:106B10007B0000F86C433C094C426B05212F6B0F46
:106B200031F5594210006C435945140000900000A3
:106B30002010824FD9A50800ACA319A810006D0041
:106B4000016F022FDF025980D802D9A40600D9A50F
:106B50000C0039F41C00B9F51800B9F61A00D9A6D2
:106B600005006D00AF6D022FDF024780DF0838009F
:106B700039A40500FF943280910005F8D9FF88E61A
:106B800001F402F6DC0F00001D0012001D001300CE
:106B90001D0016001D0017001D0018001D00190023
:106BA0001D001C001D001A001D001D008BF8AF22E7
:106BB0003C038BF8A722DF0213803C14BBF0FF2FAD
:106BC0003C093BF0FF273C06DFF80D803C0882F2D1
:106BD00006F27F2805803C06829F3C0E3B60FFFF4B
:106BE0003C0B99A40800822234425948080019A598
:106BF0000C006DFF05FF02F200900000200882BF2C
:106C0000BD04B6001442828FDF02B200404F80798B
:106C1000406C405D6D00236D0CF00228DF2F9380E7
:106C2000D9AE0800820F89EF3CF539F41C00B9F5A4
:106C30001800B9F61A0040C440E5D9A603006D005B
:106C4000416DDF0292805801485239A403005F2F42
:106C50005700FF948A8091000528D922E416012468
:106C60000226DC021D0012001D0017001D001E0080
:106C70001D0025001D002A001D002F001D007500AD
:106C80001D0073001D00300039F2100016FF7F2F29
:106C90003B8008C23C1E370F48F079F210007F2F6E
:106CA000330079F20C003C1C370F70F0B9F2100081
:106CB0007F2F2A80B9F20C003C0C370F50F08882ED
:106CC0007F2F220088623C0C48427F2F1D80483273
:106CD0007FF21A803C1448427F2F160048327FF220
:106CE00013003C0D48434B3F01308733A230F63B45
:106CF00048324B2F01F087FFA0F0EE054812828F3B
:106D00003F28368040F419A504006DFF79FE9100FC
:106D1000012540D440E5B9C40000D92228612D02E4
:106D2000000039A40300B9C5000040D46D008060A4
:106D30000CF160925027B97F000042F86818820F6A
:106D40003C164812828F3F28138039F41C00B9F595
:106D50001800B9F61A0040C440D5D9A603006D004A
:106D6000B16CDF02E07F820F280F82EF02F2009009
:106D7000B9620000203019A93000DA13BF427E83C7
:106D8000397802000C738F88008042F837087080D1
:106D90001BE8DFFF8B3FA232DF036F8391000528E2
:106DA000D922F0669022407F406C405D404EDC026C
:106DB0001D0046001D00A3021D00EB021D007C000B
:106DC0001D002C021D0036021D0057031D00550337
:106DD0001D0053031D0051031D004F031D004D03F3
:106DE0001D004B031D0049031D006F021D004503DC
:106DF0001D0043031D0041031D00B6001D00D90006
:106E00001D00F6001D00F4001D00F2001D005B01D6
:106E10001D0059011D0057011D0055011D005301A2
:106E20001D0051011D004F011D004D011D004B01B2
:106E30001D0049011D0047011D0045010C711E1573
:106E4000DF2F29001D0015038BA22022DA13DF0299
:106E50001183405482146D008C50DA7F8B821F3274
:106E6000AB2F87F3DF0206830CF70844085508862A
:106E7000086778000CF978016D003753DFB208001D
:106E8000820FDF02F70240D482043C4940D48204DE
:106E90003C43DA13DF42EE82405482046D006950B5
:106EA000DA7FDF82E702DF02D28282146D00E253D2
:106EB0001D00DD02397801006D00A65FDA22DF12C5
:106EC000DD82DF180500DF382F003C48B9CF000015
:106ED0008BCF2022DA13DF02CD8240D482146D00E2
:106EE0004850DA7F8B821F32AB2F87F3DF02C282DA
:106EF00040E40844085508660877D9F508006D0095
:106F00006053DA24DFC2B602820FDF02B30240D43C
:106F10008204DFB205806D002C503C566D00295074
:106F20001D009502B9C20000DA13DF4215806D0022
:106F3000B451DA14BF52108040E4D9A510006D009E
:106F4000905339AF1000AB22A732284F8BB23FF2DB
:106F5000AB1383FF82521D008E02824FACC0DA1247
:106F60001D008C0239730100DA12DF1383828B82D9
:106F70002022DA13DF027E82397707003976060095
:106F8000397404008BF7A7828B0681858B2480855A
:106F900039750500DA31DF086D826D002E6AAB2885
:106FA000A7828BB23F222BF840F21D006302397397
:106FB0000100DA12DF135E828B222122DA13DF0254
:106FC00059820C741E14DA311D0054023974050004
:106FD000D9740600D9750A00D9760E006D00ED67E8
:106FE000820FDF024702DFB232823CEE6D00E969B8
:106FF000609282243424820FDF023C820813DF1364
:1070000039823B602150B9C200009120F1D95F580C
:107010001580DF72198008429120F139E932919C84
:107020000852D932919CE92201000862E9D3979C69
:10703000E92202001D001E023B7021305F381E80D5
:10704000DF720700820FE9DF979C1D00100239D222
:10705000979CDF12F9FF08429120F129D922919CD7
:10706000E92203000852E9D4979CE922040008624F
:10707000E92205001D00FE01DF62208039D2979CC5
:10708000DF221C80A004A005A006D9A710006D0077
:107090009A699120F149D944919CD9A51000826444
:1070A0006D01AA5D0228F6290844085540E46D00E8
:1070B000C96E609F022F28088202E9D2979C1D00AA
:1070C000D9016D007E696092822F2C20820FDF1221
:1070D000D1810812DF12CE81B9C20000DF72CA81ED
:1070E0009120F1398FF80F511B75FE3F3932909C7A
:1070F0008FF30F31403D5F3248807B20F1891BC800
:10710000A23C1332206308440238606234240854DD
:10711000E92401000864E9240200FFC27B80910099
:107120000528D9222C4701220226DC021D00180066
:107130001D0018001D002B001D0029001D00270048
:107140001D0025001D0023001D0021001D001F0043
:107150001D001D001D001B001D001900821F3C109A
:1071600008629AF28BDFA1F2EE0F823FC2524BF21D
:1071700011229120F1F9822FC212E9F2AB8CE9DFE2
:10718000909C1D007401820F3CFB9120F1F939FFA6
:10719000AB8CC2125FF238806D002369A004D9A5C0
:1071A0000F00D9A60E00D9A71000022A6D000B69A6
:1071B0006082820F392203005FA2218039A30F0071
:1071C000392204005F231B8039A20E0039240500F8
:1071D0005F2415809120F159D9A41000D955B28CA3
:1071E0006D010A5D022AF62A608F40E40814082522
:1071F0006D00286E6092022F342A8202E9D2909CA0
:107200001D0038011B85FE8FE938909C1D002F0161
:10721000E93F909C1D002E0139730100DA12DF1343
:107220002981DA13DF4226816D0031691D00AE002D
:1072300039730100DA12DF131D818BA22022DA13C9
:10724000DF02188139720400DA31DF0213813972EA
:107250000600397409008F820160397207008F02BD
:1072600001303972080042367B20003042468F825E
:1072700000201B83843E42261B83E5490B460021E8
:107280000B367022DF02158006238FF31F400B465A
:1072900000210B367022F62C7BC000401B045043AB
:1072A00006130B4600210B367022DF02E300820436
:1072B00008556D00F268AB22A7328BB23FF2AB13D8
:1072C00083FF1D00D70039730100DA12DF13D2806B
:1072D000DA13DF72CF80397404003975050039760E
:1072E00006006D001969820FDF02C400BAB23B10BC
:1072F0000330AB2382FF1D00BD0039790100DA1293
:10730000DF19B8808B222122DA13DF02B3803978AB
:107310001100DA31FF48AE8002846D007050DA242B
:10732000DF02A8000882DA31E9A21000FF92A280F1
:10733000084208538F8201F08F030130423F0874E6
:10734000086337024820424F8F830030423FCE26E9
:10735000E9A91100B70F83FE3C068202B70F95F52D
:10736000E9A21100D9F50900910001F5D9A418008E
:107370003B800040D9FF286178052D0F0000028472
:10738000D9A410006D007156AB22A7F23C720C71AB
:107390001E14DF2F51003C6C8BD22022DA13DF0247
:1073A000698039780400DA31FF48648040548214DF
:1073B0006D00DF4DDA7F8B821F32AB2F87F3DF0248
:1073C0005980086208838F020190087208C48F8276
:1073D00000F042F908A20CF54239161F8F02013065
:1073E00008B28F8F01F042F98F8200F0423F42F4E1
:1073F0000CF9161F8F8F01F0424F02846D00FF4F72
:10740000DF12088002846D00DF4F02846D00035A92
:1074100008550B9F1068028406956D00135ADA31E7
:10742000DFB22800DF021380028440E440D56D0003
:10743000BC4F3C1CDA13DF421D80405482046D00B7
:10744000984DDA7FDF8216007623DA723C126D00E7
:10745000CA4F82046D00DF5982146D00DC5982240A
:107460006D00D95982346D00D659820F3C02DA1270
:107470008242B4C23C02DA3102F200902030404F26
:1074800082BFFF645781B94F00003B8010203E242B
:10749000828F1D004F019110F129D922EC668F24B3
:1074A0000090012900E602484CE0802C6E697B10B8
:1074B000F1B960B3534421A0D932C476802B012A9C
:1074C00000D60CD46E5D3BF00F40D9A518006D00BE
:1074D000C07B022FDF021D80D4E2B9D20A0039D569
:1074E000050054231382214339A2200060425F2506
:1074F000128039A2220039260E005F260C809110DE
:10750000F129D922C0662CD4992210003C69DF826F
:1075100011811AAB60FC0CC4D9CD04001E481E5D5D
:10752000DF3F2F8040F4028482153C0440F4028443
:1075300082056D00B77B3C2140F43B300140D9A56A
:1075400018006D00867BDF0219801A9C60F2B9CFAB
:107550000A00D4225423138F214339A320000CD1D5
:1075600060425FF30E8039A322000C2E5FF3098086
:10757000E9C204001D009500022FDF82DB8091101C
:10758000F129D922D466012900264C206E8291105F
:10759000F1C9D9CCFC868F48009001C900D60CD423
:1075A000DF0F787F40F43BF00F40D9A518006D0045
:1075B000507B022FDF02218039A2220039D605003C
:1075C0005F26198039A2200039D50C005F25138071
:1075D0009110F129D922C066992208002CD4BD024D
:1075E000A90008D2028474A282072D0200001D00A7
:1075F000A100828F3C03DF829D8001C900263922D1
:107600000400C2F2FF42968091000528D9225887D3
:1076100001220226DC0200001D0008001D0080007F
:107620001D0082001D007C004814D9A40C006D00D0
:10763000C37F19A21000BBB0ECFF5FF2348039AFFA
:107640001500DF1F308001C9002639A3140039223C
:107650000C005F232880D9F40C00D9A528006D0008
:10766000C87FD9F40E00D9A51C006D00DF7F82020F
:10767000F9A218009110F1F919A2200099FFC06633
:107680002B2F40F2ACADBCF8028439A51400D9A46C
:1076900018002D0F000001C900C6820F2CC4820FF4
:1076A0003C4840F43B000140D9A518006D00D17A58
:1076B000022FDF02338001C900C639A2220039C57A
:1076C00005005F252D8039A2200039C60C005F26F9
:1076D000278008E208D38F820020423237027020D0
:1076E0003BA06F30B4C27F32118008F2E9C20200C1
:1076F00039F210002CCDE9C206008212E9C2030063
:107700008222E9C204003C15780002843B9000709C
:107710006D00427A2CC43C0DDF820C8040F4028460
:1077200082053C0440F4028482156D00157B022F13
:1077300002F200902010404C6D007FC67CC8914042
:107740000548D9441C286D005FC600A019C204007A
:10775000B9CF0A009110F1E959E2D0B68B4F61F22E
:10776000DF0FF5819120F129992418CAD92F18CA61
:1077700048546D00C4BD80FFDF02E98148528F028A
:107780000F218B020E22DF02E2817B20F1D97B20C8
:10779000F1E960D260E3D92D28CAD93F2CCA40C490
:1077A0008264B9C5080040D540F66D00B1CD80DDDA
:1077B000022880FEDF02CB8199EFD0B608D208C440
:1077C0008F820020A6246D0039808F621F208FC217
:1077D0000F418B446122DF02BA8137047030B9C295
:1077E00008003F32B4811BC3FE2F37027020912066
:1077F000F1D99110F1F9B9C50A0059F8CCB6F9D20E
:10780000AC1B7B20F1893F3509806084F942AA1BBB
:1078100040C46D0091CF3C4654C2F62891400548C3
:10782000D94434286D00F0C500A040C43B4001405D
:107830006D0082CFB9C40A006082C9D8AC1B40C4B5
:10784000A248F924AA1B6D0077CFD4C437087080F2
:10785000B9420A003F827B8119420400028459F236
:10786000CCB66D0069CFC9C208000B828080B9C256
:107870000A00F9C80800762891400548D944043820
:107880006D00C2C500A0CCC0B9C30800B9F20800A1
:107890005F23090091400548D94410386D00B4C5F4
:1078A00000A099EFD0B67B10F1899110F1D90812A0
:1078B00008048F820020A6246D00C07F28023702B2
:1078C000702480D9281299EFD0B67B20F1C90832F4
:1078D00008248F820020A6246D00B07F2822370262
:1078E0007024283299EFD0B6085208448F820020C5
:1078F0000F42A030086208748F020120A6328F84E4
:107900000140A6246D00A17F3702683460822853AD
:1079100037026838284228638F821E30287399EF17
:10792000D0B65922C8B6089208848F8200200F4230
:10793000A03008A208B48F020120A6328F84014033
:10794000A6246D00827F370268342882289337028C
:10795000683859D2C4B628A38F821E3028B399EF55
:10796000D0B608F208E48F820020A6246D00667F5E
:1079700028E23702702428F299EFD0B608D208C462
:107980008F820020A6246D00597F8FF20F218FF285
:1079900003319120F1F9E9F39E9C8F320021B9C3A4
:1079A000080080FBF62B60C3F933A41B9110F1296A
:1079B000992FECA6A00D802A3C3B1B130020370218
:1079C000702060C4F942A41B3F32C1803CF039F200
:1079D0001800F62891400548D9442F386D0014C589
:1079E00000A039F218008BA22022F6289140054809
:1079F000D94416486D0008C500A039F21800DF12FE
:107A0000098091400548D94400586D00FDC400A08C
:107A10000882DF02120060F3993204003923041057
:107A2000C2138FF30F315F32080040FDC84FBD0F06
:107A3000D0FF1D00F1039110F149D944D0B6D442D2
:107A4000B9F31C003922010014248F820020A642C1
:107A50005F23EDFF39220300392402008F820020CA
:107A6000B9F31A00A6425F23E2FF60F2481319221D
:107A700010005F23DCFF4803192214005F23D7FFA7
:107A8000C8427DF2098091400548D94427586D00CD
:107A9000BBC400A0BCDA60A248421923ECA659D2AC
:107AA00010006843B52FECA6C8427DF25580914086
:107AB0000548D94412686D00A7C400A03C4C60F48E
:107AC0009942040039230410C2138FF30F315F323F
:107AD0001400C84FBD0FD70339F218008BA2002243
:107AE000F62891400548D9443C686D008DC400A03B
:107AF0000882DF02E6FF9110F139D933D0B6D432D3
:107B0000B9F71C003922010014238F820020A6320D
:107B10005F27E1FF39220300392302008F82002012
:107B2000B9F61A00A6325F26D6FF60F44813194250
:107B300010005F23D0FF480319D214005F23CBFF4E
:107B400060B2392F9E9C6F2F6E0340C4D9AA1000DB
:107B50001D0026CE9110F139C9C20800820FD9321A
:107B6000D4B660B4593FD4B6F92208009120F1D9B7
:107B700019E2D0B69120F1399110F1E959EFC0B670
:107B8000E9DF9D9CF93FA61B394F9E9CB52C040054
:107B900059220C002E340CCD96012CCD19FF3C102F
:107BA0006E1740F46D00F6888B321F22F62819FFFD
:107BB0003C106E0E60C4B94FA41B6E0AB9FF2E00B4
:107BC000DF0F108340F46D00E0991D000B0360B4DB
:107BD0009110F12939429E9CB52FFCA66F223400EA
:107BE00039F31800DF230A80609219F21410192F5C
:107BF000C4B65F2F68823C1C60834CFA1932C8B649
:107C00005FF20F000BF28030BF035D02B9F32C006E
:107C10000B238020422FFF0FDE001D005402F63898
:107C200091400548D94429786D00EEC300A039DFA2
:107C30009D9C9608E9DF9D9C8CFF8F1FC0F1A8FFDB
:107C40001D0041028CFF6F12090039F21800C2E2D8
:107C50008FF20F21FF22C080AE469110F129192228
:107C6000F8A66892820FE9FF2720E9FF262040F45A
:107C70006D00088C60B2392F9E9C8F2F00218FF2EF
:107C80000F21762839F31800C2E38FF30F31FF2359
:107C90001A8239F31800C2E3FF8315829100052888
:107CA000D922EC2701230226DC0200001D0010006F
:107CB0001D00CD001D004F011D0059011D00970141
:107CC0001D0049011D00AD011D00E8018F2F01219C
:107CD0008B222122DF028E80609319F30810193263
:107CE000C4B6C2135F32868060849110F1291943B3
:107CF000C8B69922D0B69A1368AF68CF59F2081067
:107D00000C2F39220E008F8F00F0A62FF9FF2410C0
:107D1000F9FF26109AF359FF1810D9FC0400824F7E
:107D2000E9FF180040C4B9FF36006D0021B802F425
:107D3000402440C56D0024843BC011418F1200F0E7
:107D4000F9F236000B4FB03106227F320580370240
:107D500070F03C093BD011213F2F0580370F70F0A8
:107D60003C02024FF9FF0C10B9FF2A10EE089140B7
:107D70000548D94409886D0047C300A0C9FF2A10EF
:107D800099FC3410C2FFF9FF2A107CCF99FC301007
:107D90007CC891400548D9441F886D0035C300A0B8
:107DA0004CC059FF30103C0454C259F2341040C446
:107DB0006D004A8319FF3410EE0582FFF9FF34008D
:107DC0003C06820FF9FF3400E9FF061099F20C20FF
:107DD0007C258CFF96021DFF34FFC85440F58204B9
:107DE0002D0200008B321F22DF02F57F1D00FA01F9
:107DF0006F4F69019110F1299922D0B660C3608458
:107E0000392203000C211945C8B63926020014276F
:107E1000B933A41B60928F8200208F8F00F060E541
:107E200060D6A6F740F41924C4B64235A6266D00E4
:107E30008A9839FF0610FF6F4681820FF9FF3400E0
:107E400040F46D00599B1D003E01762D60834CFA75
:107E50001932C8B6C2FF5FF2368140F46D00E59773
:107E60001D0031016F4F2F01609419F20810194461
:107E7000C4B69AF4A22FBF0F500019FF1410A24FDE
:107E8000BF0F4B0099F20020824FE9FF1800BD029E
:107E900060014C27EE0891400548D94432886D00B6
:107EA000B3C200A040F46D001C8199F20020992219
:107EB0001C00BD024E01C85440F582042D02000092
:107EC00076278B321F22DF0244011D008B0140F414
:107ED0006D00B88B9120F129B92FA61B6E04C2FF4B
:107EE000F92FA61BB9F236003BC011418F1200F0EA
:107EF0000B4FB03106227F320580370270F03C090B
:107F00003BD011213F2F0580370F70F03C02024F0C
:107F1000F9FF0C103C229110F1299922D0B660840F
:107F200060C3392203000C21B933A41B1945C8B61C
:107F30003926020014278F8200208F8F00F060E521
:107F400060D640F44235A626A6F76D00FC971D00CA
:107F5000BA0040F46D00768B39DF9D9C6F5FB300F3
:107F60008CFF9602A8FF827F3C2E40F46D006A8B46
:107F700039DF9D9C60B26F5F2A0039229E9C8CFF86
:107F80006F421F00609319F314101932C4B65F32A8
:107F9000188019F23010DF021480960240F4A8FF16
:107FA0006D00C68360A49942ECA67DF25400BD0228
:107FB0006300992310007DF3540040323CF996028F
:107FC000A8FFDA08E9FF18003C7D392F9E9C6F4F0F
:107FD0007A00609319F21410193FC4B65F2F7380B2
:107FE00019FF3010EE6F826F3CEE40F46D002A8B6B
:107FF00039DF9D9C6F5F67008CFF40F49602A8FFFD
:108000006D00968360A49942ECA67DF22400BD0227
:108010003300992310007DF3240040323CF940F4F2
:108020006D00108B60B2392F9E9C6F4F4C00609397
:1080300019F21410193FC4B65F2F458019FF301094
:10804000EE4140F46D00748360A49942ECA67DF289
:10805000118048429110F1295922ECA63C0C48436A
:10806000592310003C08992310007DF3FA7F403219
:10807000BD02FBFF821F9120F129E92F9C9C9110EA
:10808000F1291924E8A6DA0AE9FF18006844B52F97
:10809000E8A66D00519B3C1640F46D00D38A60B297
:1080A000392F9E9C2E4F609319F21410193FC4B6BD
:1080B0007E2919FF3010EE0639DF9D9C9610E9DF0E
:1080C0009D9C39DF9D9C6F3F140099F21420BC26C3
:1080D000C8543B20FF4F2D02000060A240F5D92478
:1080E000ECA66D00538340F46D00C47F3C7A912070
:1080F000F139B934A61BDF04140099F204207C275F
:10810000820F9120F149F94FA61B3C0AC85440F553
:108110002D0200008B321F22DF02F47F3C6240F40C
:108120006D00008ADF025E8019EFC0B66E2F19FF66
:108130003C106E0891400548D94410986D0064C108
:1081400000A08CFF2E4999E4C0B66D0029CB40F405
:108150006D00EC833C4699F20820BC29C85499E68E
:10816000C0B640F582042D0200003C0899E6C0B676
:10817000A00440F582046D00F7858B321FF2EE31CA
:10818000762519E2C0B659F23C1039DF9D9C6F5F2D
:108190001D0099F33C10BC350C3D96202C3D3C1540
:1081A000B9FF2C003B006D213E24C21FF9FF2C00BB
:1081B00099F20820BC2AC85440F5A00682042D027A
:1081C00000008B321F22F62D82039110F12940F41A
:1081D0005923FCA66D00A689F62440F46D00029791
:1081E0009110F139D933D4B699340400820F820248
:1081F0009110F1295922FCA659EFC0B6BD043E01E9
:108200006D00CECA9110F1298202D922D4B659222A
:10821000040000909110F1F999FFE8A660FD1DFFA0
:108220005BFC6F1F1D00608348A2193FC8B6522334
:10823000BF031C00B9F32C00A2F34232BF021600A8
:1082400060C460E5B945A41B40F4609F60D619F492
:10825000C4B642F56D0077961DFF79FC2E0691108D
:10826000F1291922F8A6689260C2B92FA41BDF0F6A
:108270006E7C8CFF9602A8FF40F46D00B3961DFF44
:1082800066FC9110F1699963F0A660F499E2D0B6AA
:108290009947040019451400403DA005A004BD0DF8
:1082A000210039D20800762839730410C2138FF3E5
:1082B0000F315F32138039220300392402008F828C
:1082C0000020B9D31A00A6425F23088054D25F521F
:1082D0000D00F62340D540F440DF99DD10003CE06E
:1082E000405D404FBD05A100BCF819D21000B56D2E
:1082F000F0A66842B5D3100060B239229E9C6F226E
:1083000026FC6F429D806F12227C39D3210039D226
:1083100020007F231CFC39D419006D007F83402F7F
:108320007C2CCCD7BD0F137C99D41400A00582F40B
:108330002D0F00001DFF0BFC39D2210040F4C212AA
:10834000E9D22100C9221E00B7F28124F9221E00C1
:1083500060F24C241922140099E2D0B6681F8CDD1B
:108360006802A8DF0C21142260828F8F00F0A62FF4
:108370001922C8B6A8EF823FE9FF1800022FC21FDA
:1083800068AF68CF6D00E880608359F21C10193F18
:10839000C8B659F2141059F2081059F2201019D227
:1083A0001400C2FF6852B5FD002059FF18100CD907
:1083B00060A2160C289F1923ECA60CD86843288FBE
:1083C000B52FECA66D00B899821F9120F12940F4D9
:1083D000E92F9C9C6D00568899E2D0B6D9FD040027
:1083E00040D40C2F39220E008F8F00F0A62FF9FFFA
:1083F0002410F9FF2610B9FF36006D00B9B402F45D
:10840000402440D56D00BC8040F4F9F236003B209A
:1084100001406D00F093DF02317F40F482046D0073
:1084200010821DFF94FB39220D0039240C008F822D
:108430000020A6246D00027A6F2289FB99EFD0B646
:10844000608460C3082608330807081260FF1940DB
:10845000C8B6B935A41B6092C8148F8300308F82D0
:10846000002060E560D61924C4B64205A636A627CA
:108470006D0078951DFF6BFB009000009110F1F9E5
:1084800099FCE0A6911005D8D9DD44383B40018025
:108490008259BD0C6F0099CF0C10820A820B824C5E
:1084A000BD0F66000CFC6E03C2FF28CFB9FF0A00A7
:1084B0006E03C2FFA85F0CF8C2FFFF7F578090D207
:1084C000DC0200001D000E001D000C001D00290034
:1084D0001D0027001D004A001D0048001D003B0034
:1084E000B9FF0A00EE428222288240C4D9F5040076
:1084F0006D003DAB0892C2128FF20F212892BF325D
:10850000078082322882289FA8583C2F6D007DBFAB
:10851000DA0A4BF201221BA300F0A85F3C26B9FF48
:108520000A00EE230CF9EE03288C28DF40C4D9F5AD
:1085300004006D0034AB0CF9A858C21F16FF289F29
:10854000BF2F14802889289AA85BC84240C482049F
:108550003C0AB9FF0A00EE0940F46D006E9DC84266
:1085600040C482142D020000C80F3C9BD4CC3C9226
:10857000009000002010D9AD0A00D94F3A0040D237
:10858000A05304FF242FFC3ED9520E0040AFA0336D
:10859000042F24FFFC3ED9AF0400D9521800A033A9
:1085A000042F24FFFC3E994F0C107B1005A8404C73
:1085B0001B4A5DA8D95E08003B400690BD0F4B00EA
:1085C00008889AF8FF6F458060A3903254A24CF15E
:1085D000DC0200001D000C001D000A001D00080048
:1085E0001D0017001D0015001D0013005FF20F0095
:1085F000DF022F8019A204005FF22B8040D440E5F7
:1086000082646D01F952DF02240040C43C185FF21D
:10861000208040D440E582646D01EE52DF021900F3
:10862000DF680B8040F46D00089DC84240C482247E
:108630002D0200003C0D0CFC40C46E0540F56D00A1
:10864000019D3C06D9F504006D00A9AA28C9C80FF0
:108650003CB60090CC4ABD0F34000CF5FFBF228021
:1086600091100528D9226C989022DC021D00290067
:108670001D0018001D0016001D0010001D000E003A
:108680001D000C001D000E001D000C001D000A0046
:108690001D0008001D000200820F286F1D00D19FE1
:1086A000404CBFDF098091400548D944FA286D004D
:1086B000ABBE00A0820F286F40C41D00579E0090E3
:1086C000BD04C7004C460248404FCEFE6D00CBECC7
:1086D0004CF60224CEF7DF08AB80C2FF686F1D00A6
:1086E000A7006D00D7EC02F46D007BB6402FBD02F1
:1086F000B0006D00B8EC0229FF582E8091100528BB
:10870000D9224CC801280226DC0200001D000A0004
:108710001D0010001D0012001D0017001D00190093
:108720008843C21337035030A8438B2340323C1B8D
:108730008842C2F2A8423C0AB9F30A0082128B03B3
:108740000032A8523C108202A85282033C0C8212D2
:10875000A8623C0891400548D94417996D0054BE61
:1087600000A0821308E202948B0220222623DF035A
:108770005F000294884BB9FD0A00B9FA0C006D0045
:1087800089EC6D005ABE9110F1F999FF24078F7F93
:10879000002182188B1B80B28B0D20D28B0A20A265
:1087A0008FDF3FC00F280080821E8B2F4292BD0FAB
:1087B0003E004872DF023980C854BD041900C86306
:1087C000FD3003003C310142032654235FF30E8049
:1087D00076B5C92304006F03238076D5C92304002E
:1087E0006F131E80DF0A1C80C2123CEB76BBC822CE
:1087F0000102902426927626012C0026142226823D
:10880000F62EDF0D1700C832010290242692DF02F7
:108810001100012C002614222682762B687ED9F4C2
:1088200020006D0031C0C80F3CC300901D0032EC29
:10883000DF0AFB7FC842010290242692DF02F57F07
:10884000012C002614222682DF02EF7F3CE80090F4
:10885000024A0259026F404F405D6D00C2B5BD0231
:10886000AB0180F280D38B0200828B03E08476849C
:10887000DA0E1D009D019110F1E9D9EE20F740E4D8
:108880006D00E8BD02A46D009DB5402CBD028801BD
:10889000DF6940013BF0FF205F290600DF0982818C
:1088A0001D00D0008B0F0822DF02A5808B1F8822BD
:1088B000DF021480DF4F4F00FF5F0600DF2F28002C
:1088C0001D0070018B8F0022DF0245808B0F02227A
:1088D000DF0239801D0066013B7000215F2F6800B8
:1088E0003B8000217F2F0C003B2000215F2F7A006E
:1088F0003B6000215F2F67001D0054015F2F3C008B
:108900003BA000215F2F89001D004C014CD0FF4F80
:108910000580DA161D004801D422BD02FC7F992390
:108920000400BD03F87F0C2016F08B0F21F2DF0F3F
:108930003981393F1800DF1F3001820F680F1D0099
:108940003301D42214228F020F218B022222DF0254
:10895000298102F46D001EB74CD0BF4FDCFFD4C29A
:10896000BD02D97F99220400BD02D57F0C2926F2D1
:108970001D000F014CD0BF4FCEFFD422BD02CB7FD4
:1089800014228F020FF18B0F0232F63E8B0F04324E
:10899000F6388B0F01F2DF0FFC00821F1D00FD0077
:1089A000823F1D00FA00822F1D00F7004CD0BF4F00
:1089B000B2FFD4246D0079CC02246D00CFD71D0006
:1089C000E8004CD0BF8FA7FFD422BD02A47F19229C
:1089D0001C003B803EF04BF211226802E23F3C1546
:1089E0004CD0BF4F98FFD422BD02957F4C281D006C
:1089F000D4004CD0BF8F8FFFD422BD028C7FC92FF3
:108A000028000EF682126802681F1D00C700680861
:108A100068181D00C3004CD0BF4F7DFFD422BD029B
:108A20007A7F99230400BD03767F0C2016F08B0F0C
:108A300022F2DF0FB780393F140016011D00AD0090
:108A4000C2FFFF7FAF8091100528D9229498902211
:108A5000DC0200001D001B001D000C001D00A20018
:108A60001D00A0001D001F001D002F001D00400064
:108A70004CD0BF4F50FFD4C2BD024D7F992204009D
:108A8000BD02497F0C2B1D0088004CD0BF4F43FF17
:108A9000D4C2BD02407F99220400BD023C7F0C2A53
:108AA0003C7B4CD0DF0F377FD4C2BD02347F99238B
:108AB0000400BD03307F0C2016F08B0F22F2EE7104
:108AC000393F21003C244CD0BF4F25FFD4C2BD020A
:108AD000227F99230400BD031E7F0C2016F08B0F0C
:108AE00022F2EE5F19321C0068023C5D4CD0DF0FB1
:108AF000127FD4C2BD020F7F99220400BD020B7FFA
:108B0000392F1400160816FF6E02821F280F3C45ED
:108B100054D2BF4200FFD423BD03FD7E993204002E
:108B2000BD02F97E14328F020F218B022122DF0257
:108B3000398039221800DF12EE7EC2FFFF6F3280CB
:108B400091100538D9338CD89033DC031D000C000C
:108B50001D000E001D0014001D0015001D001B004F
:108B60001D000A008C2F370F61F33C1619231820C3
:108B700068033C138C2F370FE1F63C0E19221820A6
:108B80003C0319221C203B803EF04BF2112268026C
:108B90003C04192F2020680F820F3C05DA093C03A2
:108BA0003B8041F040E46D0061BC6E069120F1F91C
:108BB00059FF7C4B82FF02F200900000200802491E
:108BC000025A0268404F027F6D000BB4BD022802BA
:108BD0007CF8DA0E9120F1F959FF7C4B1D00200240
:108BE0009110F1D9D9DD20F740D46D0033BC029447
:108BF0006D00E8B3402CBD020302DF6AB0013BF018
:108C0000FF205F2A0600DF0A01821D00CB008B08CF
:108C10000822DF0266808B188822F62C8B880022BF
:108C2000DF0229808B080222DF021D80DF48EE81EF
:108C30003C213B6000215F2837003B7000217F28EA
:108C400008003B2000215F2843001D00DF013BA0FE
:108C500000215F285C003BB000215F2874001D00EC
:108C6000D501D42214228F020F218B022222DF028F
:108C7000CD8102846D008EB5BF4F7381D4C2BD0219
:108C8000700199220400BD026C0148080C29768508
:108C9000A6F2E92209003C180F2FE020E922090082
:108CA0001D00B601BF8F5D81D422BD025A0148125A
:108CB0003B803EF04BF20122480403F40A22BF023B
:108CC000500159221C0082081D00A201BF4F49819A
:108CD000D422BD0246014802592220003CF5BF8F34
:108CE0004081D422BD023D014808768B4CF1BF0F74
:108CF0003801BBF0FF3F0B3F80F1F92F28003CE427
:108D000082FFF92F28001D008301BF4F2A81D42341
:108D1000BD03270199320400BD0223010C3016F077
:108D20008B0F22F2DF0F72814808392F14007684EE
:108D300096011D00AA008F1FC0F1E92F14001D002D
:108D40006701BF6F0E814C20DF0F0B0179FF000020
:108D5000A0056E0740F46D005C774025BD0253010D
:108D6000CCC00CF016F08B0F0222F62B8B0F0422D6
:108D7000F62C8B0F01F26E0DC8146D00677A3CA4BF
:108D8000C8146D006D983CA0C8146D00E1773C9C40
:108D900091400548D94431B96D0036BB00A03C94E0
:108DA0001BF8FF2FFF72328191100528D922F86835
:108DB00001220226DC0200001D001B001D000C0029
:108DC0001D0067001D0065001D0020001D00320011
:108DD0001D004400BF4FC580D4C2BD02C20099220D
:108DE0000400BD02BE004CF02C2B1DFF6EFFBF4FD8
:108DF000B880D4C2BD02B50099220400BD02B10002
:108E00004CF02C2A1DFF61FFDF0FAB00D4C2BD0266
:108E1000A80099230400BD03A4000C2016F08B0FBA
:108E200022F2DF0FF3800CF0E93F21001DFF4DFF20
:108E3000BF4F9780D4C2BD02940099230400BD03A4
:108E400090000C2016F08B0F22F2DF0FDF80480518
:108E500059351C001DFF39FFDF0F8300D4C3BD034C
:108E6000800099320400BD027C000C3016F08B0F9C
:108E700022F2DF0FCB800802392F140076239608E8
:108E80003C038F8FC0F1E92F14001DFF1EFFBF8F21
:108E90006880D4C2BD0265004C216E620C2016F0C1
:108EA0008B0F22F2DF0FB2804CF14802780059A2FA
:108EB0000400DF38238002946D0093B2BD024C00A1
:108EC0007B10F129820F1B822427C503210013CFB9
:108ED0002032603F4803F63D54A55801E80268156A
:108EE000682F40A4D9A504006D006BA902283C2E70
:108EF000C21FFD30EE7F3C2F40A4D9A504006D00B9
:108F0000D3A9029402286D006CB2BD0220007B1030
:108F1000F14954A219A30400820F1B842447C503FE
:108F2000210013CF2054605FC8047D240D804815B4
:108F30005F250A8048255F350780820F680F681F0C
:108F4000682F3C04C21FFD30EE7FDF08BE7E3BB0C1
:108F50003E803C5D3BC000803C5AFF4F05803B603B
:108F600001803C55D423BD03FC7F99320400BD022F
:108F7000F87F0C3016F08B0F21F2EE47392F1800D6
:108F8000DF1FEF7FC2F8FF68418091100538D933A9
:108F9000DCE8013802364808DC0300001D000C0044
:108FA0001D001F001D001A001D001F001D002400D1
:108FB0001D000B008C2F76859640AC2F1DFF85FE83
:108FC0008F0FC4F13C088C2F7684B7FF81F63CF6F6
:108FD000B70F81F6AC2F3C1B3B803EF0E2F85928DE
:108FE00018201DFF72FE3B803EF0E2F859281C203D
:108FF0001DFF6BFE592820201DFF67FE3B9000805F
:109000003C063B3001803C033B80418040D46D00F6
:109010002DBA76869120F1F959F87C4B82F80282BC
:1090200000900000024FBF44098091400548D94498
:109030006C096D00E9B900A07B20F1893B0011208B
:109040001B88EC89032F0A38603F08A2FF426F801B
:10905000911005F8D9FF201901F202F6DC0F00008B
:109060001D007C001D0006001D0027001D00520091
:109070003B0011906D00C9B9370270208203A03FF8
:1090800003930A48604239240A00DF240680B92489
:1090900008005F24F17FC213FCF43B001130033F52
:1090A0000A488213604FA842822228A2820228B274
:1090B000D9F20C003C433B001120032F0A38603FDB
:1090C00008C2D9F20C00C2F28FF20F2128C2DF02CF
:1090D000458039220100C2128FF20F21E9220100DE
:1090E000DF421480D9F3080039320300DF022B80FD
:1090F0009120F149D944D0A919430400DF0323008A
:109100008213E93303003C1A28C202F41D0065BF34
:109110003B001120032F0A48604F4802DF0217006E
:10912000C2F26802DF021300009091400548D94462
:1091300046196D0069B900A0009028C3E92201001A
:109140003CE502F4A0046D00E2BE3B001120032FB9
:109150000AF860F2820F2C2A009000009120F1D9C9
:1091600080D220381B4258FA1304233F60FD024985
:109170006032404F5422405E3B60FFFFDF02280117
:1091800009424009821F094448092CA42CA589A240
:109190004C09820F89A25C093942100078022CA682
:1091A0007800E9AF2400E9AF2C00E9AF2D00E9AF6A
:1091B0002E00E9AF2F00E9AF3000E9AF3100E9AF91
:1091C0003200E9AF330089A4540982BFFF820081D5
:1091D00091100528D922207901220226DC02000004
:1091E0001D0010001D0016001D0022001D0025009E
:1091F0001D003D001D0028001D004A001D005000FC
:109200007B0008F01B0FE0F07800820F780D3C2CFB
:109210007B0008F01B0FE0F07800B9FF16007B1010
:10922000002059A234002CA688A23C1A7B00E0F052
:109230001B0F08F03C1F7B00E8F078007B3000F04B
:10924000780D3C357B0088F01B0F60F078007B00C8
:1092500002F078027B1000F0780D88B28CFA422F71
:10926000C21F370F70F082083C247B0060F01B0F98
:1092700088F078007B2000F0780D88B28CFAB9F87D
:109280001200422FC21F370F70F03C138CFB2CA62C
:109290007B1000F0780D4CF878023C09821F488260
:1092A00078007B1000F0780D59A208008208820F28
:1092B0003B40074019D508306D004DD6402CBD020B
:1092C0004B0040C28203C50333102423FC3F6E0CC5
:1092D00002F43B80015019D608306D01782DB5C2DB
:1092E0001000BD02390099D21430D9C31C00F9C94D
:1092F000140040F4A0750942480189324801FC5C21
:1093000039A20600F9CF3000012903D65800F9C26E
:109310003200F9C82E0014D2FF2F35809130053865
:109320008033B9CF0010D0221B0338F51302213F40
:1093300014243B60FFFF603354395F24498039D5E2
:1093400001003926010040A4D9C50C006D00AAE037
:109350000228CE23828F3C3B99C20C003B000120A7
:109360004C21570F68F21B0F08F0130F2229D9F573
:10937000280060246D003AE137025020DF02ECFF44
:109380003C0D022439D5010040A4D9C50C006D0064
:1093900055E0828F0228BF021B000D0FC003910011
:1093A0000025992F8896ECC1BCF2E82CB52C889644
:1093B0000D0F8003CCD1C82F7BE0EAFD1BFFEEFB35
:1093C00001F802F66CC0E80CF4EC820F02F2009097
:1093D000B94F18007B20F1A91B4A58AA130F232A62
:1093E00020603B60FFFF602F4802DF02DF00394250
:1093F000140082BFC2F2FF52D980911005F8D9FF44
:10940000480901F202F6DC0F1D000A001D000A00E7
:109410001D0008001D0006001D00020082583C02CD
:10942000824839431A008F3300F18B3F00428B0F83
:10943000E04482BFDF04BA806F2307008FF20F2160
:1094400082BFFF22B380B942160082BFDF02AE00A6
:1094500082143BC0085082168059404C6D0025D5BF
:109460003B60FFFF402FBD02A100D9AE200040E2CB
:10947000D202A07389224801FC3E40A2D202A0334E
:1094800089224801FC3E09C2440939CF140089A24F
:10949000600909C24C09B9C4160089A26809B9C299
:1094A000000082139B42002074A23B80012059A23D
:1094B00008003B40062059A21C0039C21A00E9AF3F
:1094C000300059A8040059A40C0059A310006F02E1
:1094D0000700F9A33600F9A434003C2F7B2005389F
:1094E0001BE373356F0806007B2005381B8370353E
:1094F00059A33C008213F80EF9A336006F22050031
:109500005E15F9A43400820F3C10DF2FFEFF60A22D
:109510003B800150192608306D01592CB5F2082006
:10952000BD02F3FF3B60FFFF7B2005281B2269255E
:1095300059A21400F806EE39ED587A0EB9C4180095
:1095400040E4D9F5080002286DFF0AFE76243B604E
:10955000FFFF3C2840A4D9F50C006D0089EA022FDA
:10956000DF02F7FFE9F20420D9F22410A06344C21D
:109570006422FC3E9120F1397B10CC21993288AADB
:109580001BA2AC2C68027C24B53F88AA3C07992317
:109590000400BC3340323CFCEC2182026092681231
:1095A000EC200284ED587E0E02F200900C50204810
:1095B000DF4FC80091000125405F3B400140D9A525
:1095C0001400D9A60400D922D0712D020000762300
:1095D000824F3C3E58018B4F21F2EEFB0802DF1216
:1095E0003A8039AF2200EEF519A31400D9FC1C1003
:1095F00059A32800823359A32C00780E3BC00030B9
:10960000780F7810D9A428003B401FF040C559A31B
:10961000300059A2340078116D00ACE6DF02DAFFA9
:10962000D9A508004052820F642F642F642FC9AF60
:1096300024009100012540C43BC00040D922E451E0
:10964000F802ACA82D020000DF02C4FF822F280F11
:109650000090DF32778039AF2200FF8FBBFF91107F
:109660000528D9226C999022DC0200001D004D00D3
:109670001DFFB0FF1D000C001D0012001D00180092
:109680001D001E001D0028001D00320099A41400BA
:10969000B9A4200040F56D0172373C3499A4140040
:1096A000B9A4200040F56D0184373C2CB9A42000FA
:1096B00019A5140040F46D01A6373C2499A41C00A0
:1096C000B9A4200019A5140019A6180040F56D01D1
:1096D000BB373C1899A41C00B9A4200019A514009C
:1096E00019A6180040F56D0198373C0C99A41C0090
:1096F000B9A4200019A5140019A6180040F56D01A1
:109700006B37F9A22C0039AF220091000125E9AF97
:109710002E00C9AF2400D9F41C10D9A528003BC0E5
:109720000040D922E451F9AF30002D020000DF02E1
:1097300051FF9120F1F919FFDC1AC21F59FFDC1A01
:10974000009000000C502048DF4FA400910001253C
:10975000405F3B400140D9A51400D9A60400D9229E
:10976000D0712D0200007623824F3C3E58018B4F72
:1097700021F2EEFB0802DF123A8039AF2200EEF54B
:1097800019A31400D9FC1C1059A32800823359A333
:109790002C00780E3BC00030780F7810D9A4280038
:1097A0003B401FF040C559A3300059A23400781146
:1097B0006D00E0E5DF02DAFFD9A508004052820F14
:1097C000642F642F642FC9AF24009100012540C489
:1097D0003BC00040D922E451F802ACA82D020000A1
:1097E000DF02C4FF822F280F0090DF32538039AF91
:1097F0002200C2EFFF4FBAFF91100528D922880935
:109800009022B9A42000DC021D0008001D000A00FF
:109810001D0012001D001A0040F46D0157373C1A5C
:1098200099A41C0019A5140019A6180040F56D0193
:1098300076373C1099A41C0019A5140019A618002D
:1098400040F56D0151373C0699A4140040F56D01B7
:10985000813739AF220091000125E9AF2E00C9AF51
:109860002400F9A22C00D9F41C10D9A528003BC073
:109870000040D922E451F9AF30002D020000DF0290
:1098800075FF9120F1F919FFF81AC21F59FFF81A54
:1098900000900000534423F09120F1C99130F1F978
:1098A00060F2D9CC1CEBD9FF06B4204830C201F4D9
:1098B00000F67801404D822F4024024AB5A21000E4
:1098C000280F6D010E1F0228DF025B8282095349B7
:1098D000212001D200F6B9F4040076476D01A718E3
:1098E0008B623F22AB689F82C219DF49F2FF02827E
:1098F000DF08478299A304009120F1F9D4D2D9FF5F
:109900001CEB303FC80FBD02148002A46D01111F73
:1099100002A46D01D6188208820EDF0231829120E6
:10992000F1C9A00ED9CC18FBD9EEF6FF3C42392381
:10993000040039FF1C005FF306003B60FF2F1D0091
:109940001F02820439FF1C008FF40F317FF31C804B
:109950004855024F16FF02F3D424138F21F501431B
:10996000024660F3D44699340800D444D465544385
:109970004C505FF30580B53608003C033B60FF2F79
:10998000C2143CE1DF02C37F1D00FA01C83202EFBE
:1099900016FF502202F30CF8142B392901007FF234
:1099A00011804CF11343212F60224C20EE0AC21E7D
:1099B00039FF10008FFE0F213FF2EAFF1D00AF00BC
:1099C000538B21C0C85253C920D060C30BB9104873
:1099D000303299220C00D9A42300012D00260C223C
:1099E0003A9FAB689F8F6D01501CDF02148079A2F3
:1099F0002300DFF21200C85260C4304299220C00EA
:109A0000012D0026792309000B230021AB689F82DA
:109A10003C033B60FF8FD4C260C5305214226F22DA
:109A20000D00D9A424000B9B10486D011F1AAB68D0
:109A3000BF8239A22D003C129AF9FF4F0D80D9A4A4
:109A400024000B9B10486D01B219AB68BF8239A28C
:109A50002F003C04DF093D003C44DF08AAFF8B02D5
:109A6000A132DF03438091100538D933B499013214
:109A70000226DC021D0020001D003A001D001E0011
:109A80001D0034001D0027001D0027001D002E00B2
:109A90001D002C001D0028001D0028001D002600B0
:109AA0001D001E001D0022001D0020001D001E00C4
:109AB0001D001C0082033C1CC85260C4822330423B
:109AC00099220C00012D002639220A003C12DF08E1
:109AD00070FF82033C02821382123C0B82333C08EB
:109AE000DF0867FF82433C0482533C0282138202F8
:109AF000C85260C53B60FF8F305299220C00012D87
:109B000000260C2B5F3F55FF39280A000B281081D7
:109B100080E2AB0280881DFF4CFFDF083281D9AEA6
:109B20002400913005F89120F159D9FFB03540E279
:109B300040E4D95514EBA08344FF642FFC3E6D0133
:109B4000401D76253B60FF2F1D00140102A46D010E
:109B5000F11D99A404009120F139D9331CEB304355
:109B6000B5A30C00B043B5A314009120F139D94F2F
:109B70000800D9331CEB8202820F30F359A208008F
:109B800078003B60FF2FB5A3180099A30C00D432D6
:109B900058008FFF0F810C287FF8B380580016FF04
:109BA00002FE4C21134E212F602F4CF0DF0F9C0042
:109BB00099220C00012E01261424392501006D0183
:109BC000F33DDF0295801B08005A37057050A03323
:109BD000534221F010D4B94304005F530580C24FB3
:109BE00010D23C08C212FC3502A46D01B41DBD02A6
:109BF0007B0099A3140040254C3099A30C0013CE90
:109C0000222FF93A12006024602CA043445F644F75
:109C1000FC3E820FE9CF1400C803DA4099330400F8
:109C2000ACCB39240200B9250400192608002D0305
:109C30000000DF025D8091000145D94400612D04E0
:109C400000007B3000F01B0FD4F00BF240F07807DF
:109C5000022C02398B03A0F03B40FFDF910001553D
:109C6000D95500612D0500000B9300410BC2304215
:109C70000B93A042022B0238F64CC802992208002E
:109C800040F42D0200008B4B86C0022D8B08A09063
:109C900019A31C000BF800410B3B30428B0D202216
:109CA0000BF8A0422624DF04DBFFDF0D1F80C80273
:109CB00099220C0040F440E52D020000DF021880DC
:109CC000821F99A3180057F021CE493C400891000B
:109CD0000145D94400612D0400005809131F40229A
:109CE00089C2580982023C073B40FF2F3B60FF3F7F
:109CF00059A308005800C21F78001DFF48FF99A40F
:109D000004009120F1F9D9FF1CEB7B3005F8304FAE
:109D100019A808001B0F90FC91000125685FBB008B
:109D2000354CD922C413A6282D02000037085080D4
:109D3000820FAB68BF886862687F99A31000803F7C
:109D4000688F58019120F1391B4F01209120F14972
:109D50001B4F02F06022D9331CEBD9441CEB91005D
:109D600001F5103582043024D9FFA0D32D0F000057
:109D7000A68237025020AB62BF22009002280282E6
:109D800082083CF7404F026FE9F610002008820677
:109D900002F70B5410886D0186140223DF0305813E
:109DA000C822B9F40400DF19A2808FF80C21D42353
:109DB000992410006A28D9A508008202F9A202009D
:109DC0008952BCF482452D030000DF02EE80C9A257
:109DD00004006F0805008F0242213C038F02C2215C
:109DE000F9A20400C9A204006F1805008F024421E3
:109DF0003C038F02C421F9A20400C9A204006F2809
:109E000005008F0248213C038F02C821F9A20400FB
:109E1000C9A204006F3805008F0250213C038F0255
:109E2000D021C8239932040099341000F9A204000B
:109E3000B9F404008245B9A604002D0200000229ED
:109E40000223DF1F3680C823D43299341000D9A5ED
:109E50000800820F895FBEF4B9F404003B90005003
:109E60002D0200004292370270908CA36F580500BB
:109E7000B7FF81F43C03B70F81F4ACA38CA36F4808
:109E800005008F0F50F13C038F0FD0F1C82399329A
:109E9000040099341000ACA3B9F404003B900050C6
:109EA000B9A606002D02000042923702503082927D
:109EB000DF037B80C823D43299341000B9F4040046
:109EC0008205D9A502002D020000B9AF02003B00B7
:109ED0002061C823A6F6F9A602009932040099343D
:109EE0001000B9F4040082053C5DD42399241000CD
:109EF000D9A5080082058953BEF42D030000C9A628
:109F00000600C823B7060166370670609932040060
:109F100099341000F9A60600B9F4040082052D0258
:109F20000000DF024280C2F8FF88338091100528CC
:109F3000D922FCC901280226DC0200001D00100005
:109F40001D0013001D0025001D0016001D0021002E
:109F50001D001F001D001D001D0014008CA33BF000
:109F6000EB2D262F3C148CA33BF0FB2D262F8F0FBF
:109F700050F13C0D8CA38F0FD4F1B7FF81F63C0755
:109F80008CA33B0010228F0FC4F1A62FACA3C823D3
:109F90009932040099341000B9F40400B9A60600FF
:109FA00082052D020000009020083B000028026975
:109FB000027A7BF00160BB0000780248025FF9A2E0
:109FC00006006D01453DD9AE0800022B82F289E200
:109FD000BEF4C9A306008B0B002287231F20762A1C
:109FE0000B8F10487BF0016040E46D015A3D022B5D
:109FF0003CF13B001021DF091B80FF4A1B809110C0
:10A0000005F8D9FF0C0A01FA02F6DC0F1D00080062
:10A010001D0009001D000A001D0008003B00102063
:10A020003C063B0010223C033B001420F9A2060032
:10A030000B8F10487BF00160B9A706006D01083D49
:10A0400042B2370270B03B002032F6998B3A0022C0
:10A050003B4000323B0000422B434032F9A3060054
:10A060007B0002600B8F10481B060068B9A7060032
:10A070006D01EE3C7B000260AB49A07942B20B8FD0
:10A0800010481B160068370270B0F9A706006D0172
:10A09000DF3C8B3A00953B9001707B000260ABD7B0
:10A0A000877942B20B8F10481BD60668370270B012
:10A0B000F9A706006D01CC3C82177B00026042B21A
:10A0C000AB2780790B8F10481BE60668370270A01B
:10A0D000F9A706006D01BC3C3B0000357B00026027
:10A0E000023742A20B8F10481B860368370270A00C
:10A0F000F9A306006D01AC3C7B00026082F342A232
:10A100000B8F10481BA60368BBF0FF7F370270A0BF
:10A11000F9A306006D019C3C3BF02F307B000260F0
:10A12000023742A20B8F10481BB60368370270A09B
:10A13000F9A306006D018C3C3B50B6307B000260F9
:10A14000023742A20B8F10481B060468370270A02A
:10A15000F9A306006D017C3C7B00026042A2820BE9
:10A160000B8F10481B7603688207370270A0F9AB8B
:10A1700006006D016D3C3BC0BE307B00026042A218
:10A180000B8F10481B1604680237370270A0F9A322
:10A1900006006D015D3C42A2D9AE0800370250A016
:10A1A00089EBBEF4DF0A1180C9A206006FC20D80E0
:10A1B0007B0002600B8F10481BD6066840E46D01DF
:10A1C000703C022A3CF03BC02A207B0002600B8FCF
:10A1D00010481B1604680227F9A206006D01383CDE
:10A1E0003B401F707B000260AB47A67942A20B8FF9
:10A1F00010481B560668370270A0F9A706006D01CB
:10A20000273C82177B000260AB27807942A20B8F2C
:10A2100010481B660668370270A0F9A706006D019A
:10A22000173C3B50BE307B000260023742A20B8FCE
:10A2300010481B060468370270A0F9A306006D01E0
:10A24000073C7B00026042A2370270A00B8F1048CF
:10A2500082521B5604688257F9A206006D01F83B32
:10A260003BC06A307B000260023742A20B8F10486D
:10A270001B160468370270A0F9A306006D01E83BC5
:10A2800042A2370270A03BA012723BA032277B0093
:10A2900002602B2740790B8F10481B260468F9A712
:10A2A00006006D01D53B42A237025090D9AE08009E
:10A2B00082F289E2BEF4DF091180C9A206006F4272
:10A2C0000D007B0002600B8F10481B56046840E4B1
:10A2D0006D01E73B02293CF03BC04B207B00026054
:10A2E0000B8F10481B1604680227F9A206006D01A7
:10A2F000AF3B429237025090D9AE0800820289E209
:10A30000BEF4DF091180C9A206006FB20D807B0088
:10A3100002600B8F10481B56066840E46D01C13B7C
:10A3200002293CF03BC049207B0002600B8F1048A3
:10A330001B1604680227F9A206006D01893B4292B0
:10A3400037027020AB62BF22009000002058404FBF
:10A35000D9A40700024F6D01A7178212E9A20800D5
:10A3600039A20700D9A40800E9A20A0002F4820277
:10A37000E9A209006D01F640DF0234807B0000563F
:10A3800002F4C2156D011B16DF022C80D9A40C004B
:10A3900002F46D01E742DF02258039AF2600FF5F3E
:10A3A0001F8091100528D92230EA9022DC0200009B
:10A3B0001D000A001D000A001D000C001D000C00FD
:10A3C0001D000C00820F3C02821F280F82020090A9
:10A3D000822F3CFC823F3CFA82FF3CF882EF280F40
:10A3E000009000002060D9A40500024F0B56108891
:10A3F0006D015A178212E9A2060039A20500D9A4FC
:10A400000600E9A2080002F48202E9A207006D0139
:10A41000A940DF025E807B00005602F4C2156D0188
:10A42000CE15DF025680D9A4140002F46D019A42C1
:10A43000DF024F80FF491B80911005F8D9FF481AB1
:10A4400001F902F6DC0F00001D0008001D000800E5
:10A450001D0008001D00080082023C0682123C0418
:10A4600082223C028232E9A22E00D9A4140002F416
:10A470006D012F40DF022D808212D9A4060002F464
:10A48000E9A207006D016E40DF0223807B000056C9
:10A4900002F4C2156D019315DF021B809120F1F9C2
:10A4A00019F318FB138F2143604F08036F2311002A
:10A4B000D9A40A000B8F10486D01D814F6290B8F10
:10A4C000104839A62E0039A713006D000300009034
:10A4D0001B1401A02030024802A4025F026B027C20
:10A4E0006D016343820902A4E9A20400E9A9050001
:10A4F000E9A906006D01594302A4E9A20800E9A9EF
:10A500000900E9A90A006D01504302A4E9A20C0068
:10A51000E9A90D00E9A90E006D01474302A4E9A2D3
:10A520001000E9A91100E9A912006D013E4302A43F
:10A53000E9A21400E9A91500E9A916006D01354347
:10A54000E9A91900E9A21800E9A91A00E9A91C0063
:10A55000E9A91D00E9A91E00FF6CB580911005F85E
:10A56000D9FF6C5A01FC02F6DC0F00001D000C0044
:10A570001D0043001D008C001D00A5001D001B00D8
:10A580001D007A00821402856D014C4282198204FA
:10A590000285E9A20800E9A90900E9A91E00E9A9C4
:10A5A0001C006D013F42E9A90500E9A204001D005D
:10A5B0008A00821402856D013542E9A208008212E8
:10A5C000E9A20900F6B73B900030E9A31D00E9A21B
:10A5D0001C00822402856D0125428213E9A2040039
:10A5E000E9A30500E9A21400E9A31500E9A21800F7
:10A5F000E9A319003C67821982040285E9A91E00BB
:10A600006D0110429130F1F9D9FF0CB410FFE9A2AD
:10A610000C000802E9A90D00DF022680D9A4280059
:10A62000821402F5E9A92F00E9A22E00E9A92C0065
:10A63000E9A22B00E9A92A00E9A92800E9A22D0036
:10A64000E9A929006D014242F62CD9A42800821400
:10A6500002F5E9A22F006D013942F62328093C03D7
:10A66000DF0231803BE00020E9A214008212E9A25F
:10A6700015003C28821982040285E9A91E006D019B
:10A68000D141E9A90D00E9A20C003C1C82240285FD
:10A690006D01C841E9A210008212E9A21100DF1B7E
:10A6A0001200DF2B0980E9A21E003BB00020E9A2C6
:10A6B00010003C08F6B73B900030E9A31D00E9A26A
:10A6C0001C00D9A41C000B8F10486D013442DF021E
:10A6D0005E80D9A404008204028502F66D01464220
:10A6E000DF025580D9A408008214028502F66D01AC
:10A6F0003D42DF024C80D9A40C008224028502F680
:10A700006D013442DF024380D9A4100082340285F7
:10A7100002F66D012B42DF023A80D9A41400824474
:10A72000028502F66D012242DF023180D9A41800B1
:10A730008254028502F66D011942DF022880DF2C67
:10A740002680D9A428000B8F10486D019612DF02D5
:10A750001E8082123B800030D9A420000B8F10484D
:10A76000E9A22300E9A22200E9A32100E9A227002F
:10A77000E9A22600E9A325006D014512F627D9A418
:10A7800028000B8F10486D013E1200902010A0147D
:10A79000024F6D0142488022402FDFF28200DF121B
:10A7A0008200BC2902F4A0046D01374802F42D0F89
:10A7B00000003C7892E2FFE23E80911005F8D9FF5C
:10A7C00048FA01F202F6DC0F1D0026001D003300DE
:10A7D0001D001D001D002F001D004D001D002B0041
:10A7E0001D0010001D0027001D0025001D00190080
:10A7F0001D0021001D001F001D001D001D00160072
:10A80000914005F8D9FF583A3C39914005F8D9FFF5
:10A81000693A3C34914005F8D9FF414A3C2F9140B8
:10A8200005F8D9FF4E4A3C2A914005F8D9FF654A00
:10A830003C258202E9A20F0082043BA000508B84D9
:10A84000002160224B5F0122D9AF0600302F1B038D
:10A8500003F0280FC214022FDF02F3FF91400548D6
:10A860009100F159D944794AD955E8C56D01354966
:10A870003C05914005F8D9FF523A9100F1C9D9CC75
:10A88000E8C540F440C56D01284991400548D944C8
:10A89000425A40C56D01214982146D016B4782F215
:10A8A00000908202009000009100F149D9440816FE
:10A8B0007B00F1F91B8F04F68042C23FA22FBF7FBD
:10A8C0000880910000F0D9FF0000BCF2DC0F00907E
:10A8D0009100F149D9440816804F7B00F1491B844F
:10A8E0000446A2F486E4822F4BF40142764791009D
:10A8F00000F0D9FF0000BCF2DC0F00909100F1F9EC
:10A9000039FF2016EE21910005D880D27B00058802
:10A910001BC2FDF31B88FE83A2F886E89100F1C9F3
:10A9200060FDC2F8D9CC24164CC07F8F0980C21FAD
:10A9300090D26CC0D4222D0200003CF7821F6DFF24
:10A94000B5FFE9FF2016009091000548D9440004A6
:10A950004C406E08910000F0D9FF0000BCF32D0FB1
:10A9600000001DFFB7FF804F80548B0F00328B0417
:10A97000E03482E2DF0355809100F129D92F2816B7
:10A980001B6F052068621B7F052068721B5F022019
:10A9900068821B0F0520592228161BBF042068124D
:10A9A0001BCF042068221BDF042068327BC0616457
:10A9B0001BEF04209100F1491BFF04F07B806074C1
:10A9C0001B0600646842685F8222D9440C367B8093
:10A9D0003C447BA057541B07007F820FB5F5201025
:10A9E000E9F30A10E9F30B1068A6E9F30810689F71
:10A9F000E9F209106D001C0D9100F1499100F15927
:10AA0000D9442436D9550846FB80004082563B4045
:10AA1000067002286D00C30B42823702502000905E
:10AA20009100F1F9D9FF2816820FE9FF0A10E9FF1A
:10AA30000810820F689F7B8060F41B0F00FF68AFD7
:10AA400000909100F1F9D9FF281699FF2010744465
:10AA5000821F280F4C404BF501F02E247445822FA5
:10AA6000280F4C404BF601F02E247446823F280FED
:10AA700000909100F1F9D9FF28162008C862D9A5E5
:10AA80000800820F895F3FF414227B0022F44B02FE
:10AA90006121C8726B0F3122913005C868D214222F
:10AAA000D9CC00D74B02612140C46B0F312202F98F
:10AAB00068C26D00EF1939A20700F6289100F1591C
:10AAC00040C4D95514266D00CD199100F149D944DF
:10AAD000243648B46D00850B19FF10207B80342488
:10AAE00068BF4B2F01306F230C8048D54B250130B8
:10AAF0006F23078048C34B2301206F2204001DFFF2
:10AB000091FF7B802B646B0631657B4023447B8007
:10AB100021547B802C846B0531536B04314F4B8661
:10AB200041607B000C244B8541504B8441404B26B7
:10AB300051609100F149D9442C267B801D244B257E
:10AB4000515059F600104B94514068F568E46DFF80
:10AB50007AFF19FF041082024B2F01306F03088027
:10AB60004B8F01206F220500028F3C02820F59FF9C
:10AB7000041099FF2010681F0090913005D820081C
:10AB8000820FD9DD0DD72CA140D4820FD9A50200A8
:10AB900078012CA22CA36D000B1C913005C8D9CCD8
:10ABA0001CD7D9A5030040C46D00021CD9A4010024
:10ABB0006D007800D9A404006D007D000CA16E0B1F
:10ABC00019A204003BD0DAF03FF206800CA3EE039A
:10ABD0000CA26E046DFF26FF3C056DFF4CFF6DFF60
:10ABE00001D39100F1E9D9EF28169100F14948A469
:10ABF000D9440C366D002B0C40D419F424106D0090
:10AC0000EF1B40C448946D00EB1B4CFB99E22816E7
:10AC10004B0F71F14892AC207B00F8F3C8124BF255
:10AC200001F0370FE1F02C20C82239FF0B102C2047
:10AC300048D2C8327BE033F44BF201F087FFA2F038
:10AC40002C2048C2C8427B602FF44BF201F087FFF2
:10AC5000A2F02C204CFBC8527B002C244B2F01F07F
:10AC600087FFA2F02C208202009080438054BA0318
:10AC70008B04E0F482E2EE149100F129D92F2846EA
:10AC80001B4305201BA30430592228466813E855AE
:10AC9000683F288FE9FF1000E9FF11008202009051
:10ACA000BC489100F1F9D9FF284639FF10002C402B
:10ACB0000090BC4B404F6D009B159100F129D922AB
:10ACC00028464C23A2F2680200909100F129D92F66
:10ACD000284699222846BD022300B92400006D01B0
:10ACE000D641B700286B0B2310487B103EF46D0152
:10ACF000BC400B2310486D01FD414BF201206F0257
:10AD00000600820FE9FF10000090821FE9FF10008B
:10AD100039FF1100EE046D006B1568320090913020
:10AD200005F82008D9FF2FD7820F820940F440A5EB
:10AD30002CA02CA12CA22CA359A904006D00AA18A8
:10AD4000022814A2820FF62F40F4D9A504006D004A
:10AD50008918580142824B9F01F0160D370250802E
:10AD60008B0F20F26DFFB3FFD9A401006D00170710
:10AD7000D9A402006D002515D9A403006D00510E61
:10AD80009100F1F9D9FF2846C852BD02120039F2EC
:10AD900010002C21342239A20200E922020039A23B
:10ADA0000300E922030039A20100E922040039F27C
:10ADB00010008209F62C39A20100DF12098039A2A5
:10ADC0000200F62539A903008B090092269F6E0226
:10ADD000821F288F0884913005484B046141D94473
:10ADE0003FD76D00FD1AC812428237025020BC22A4
:10ADF000342939FF1000E9FF1100009082E2BD0400
:10AE00001A009100F139D93F0056D9421700E822C3
:10AE1000D9422B00820FE832D9422C00D9440F00CE
:10AE2000E842E854E93F0056281F282F284F283FC2
:10AE3000820200909100F1C9D9CF0056C852820F0A
:10AE400020082CA52CA62CA782EFBD0272000C2096
:10AE50006E0B0CF4EE080832C2128FF20F21FF3293
:10AE600066802832821F284F0CF39100F1295E166C
:10AE70008202E9220056281F3C075E28821FE92F24
:10AE80000056281F820F282F3C07820FE92F0056FB
:10AE9000281F282F283F39CF00563B0004201E18BA
:10AEA00008123B0001308B120022AB138122C82212
:10AEB000913005D8D9DD0DE73422C832081240D4CC
:10AEC0003422C842D9A507002C206D00711A0CA7A6
:10AED000EE07081440D44B0461416D00811A913093
:10AEE00005D8D9DD18E740D4D9A506006D00601A51
:10AEF0000CA6EE0839C4005640D44B0461416D00E5
:10AF00006F1A913005C8D9CC23E740C4D9A50500F4
:10AF10006D004E1A39A20500820FF62A082440C49B
:10AF20004B0461416D005C1A3C03283F3C9C02F2DB
:10AF300000902008820F2CA3820F78016D00581416
:10AF4000913005C8D9CC2EE740C4D9A50300022909
:10AF50006D00A0173702708039A203009100F1F94B
:10AF6000D9FF18567626C2E837085080820F3C5D1C
:10AF700040C4D9A504006D0075177BD0CC43428234
:10AF800019A30400370250801BD4CC4C7B80142CB6
:10AF90006B4361424BF401206F020A807B802CF4EA
:10AFA0004BF401206F22050002F43C028204910060
:10AFB000F149D9441C766D001409580119F3182081
:10AFC0009100F12BD922EC0C6C274B0331F1AC2D05
:10AFD00099F210300C224B0F41F14BF301F0370F77
:10AFE00061F16E1639FF0830EE07821FE9FF083065
:10AFF00059F90C303C1119FF0C30A2F93B803EF09E
:10B000003FF90B804B037131E92302003C05E9FF56
:10B01000083059FF0C300C227BA02A244B0F41F141
:10B020004B2F01F087FFA2F099F31030C81239328C
:10B0300002004B0261217422C8222C2099F31030A7
:10B0400099F21430393202004B0261215922080072
:10B0500019F21820E92F100059220C0002820090EA
:10B060002008820F2CA3820F78016D00C11391304C
:10B0700005C8D9CC3BE740C4D9A50300022A6D001E
:10B0800009173702709039A203009100F1F97B8013
:10B090002C84D9FF18567625C2E9370950903C41D7
:10B0A00040C4D9A504006D00DD167BD0CC4342928C
:10B0B00019A30400370250901BD4CC4C7B80142C75
:10B0C0006B4361424BF401206F0207804B8401F017
:10B0D0002E2402843C0282049100F149D944106676
:10B0E0006D007F0819F20C107B000EF44BF201F09A
:10B0F000370F61F06E1239FF0020EE07821FE9FF63
:10B10000002059FA3C103C0D19FF3C103B803E20BA
:10B110005AFA0B2F50F13C06E9FF002059FF3C1072
:10B12000820F19F30C107BF037244B324120C832C8
:10B130004B8251804B0871813428C84219F20C109F
:10B140007422C85202922C20C83399F214300C3069
:10B150004B0F61F16C2019FF0C106C210090805393
:10B160008064804F8B0300828B04E0848B0FE0842B
:10B1700082E2DF0857809100F1291B2F0320D92F8D
:10B180001856592218561B4F032068121B8F032094
:10B1900068221B9F032068321BCF032068421B0FCD
:10B1A000042068521B1F042068621B2F0420687251
:10B1B0001B3F0420805968829100F1491B4F0420F5
:10B1C0009100F1596892D94410661B5F0420D9554B
:10B1D00034661B6F04F0FB80004082763B400670B3
:10B1E000806A68BF68A26D00DA079100F14991009A
:10B1F000F159D9441C76D9550086FB80004082560F
:10B200003BA00F70022F6D00CA0742F23702502098
:10B21000E9F80830E9F8002059FA103059F91430EB
:10B2200000909100F1F9D9FF185620088208820297
:10B230004CF659A20400E9A80200E9A8030082091B
:10B2400082E2DF0FC3004CF7DF0FC0004CF8DF0FC6
:10B25000BD004CF9DF0FBA004CFADF0FB7004CFB12
:10B26000DF0FB4006DFF67FE022F6DFFFBFE913014
:10B2700005C8D9CC06F742F240C4D9A5020037026E
:10B2800070F06D00071639A20200DF02148040C47E
:10B29000D9A504006D00E61519A20400C8624B92FE
:10B2A00001208FD200218B022022370F50F0342250
:10B2B0003C06C862C2EF370F50F03428C8629130A4
:10B2C00005C8D9CC0FF7142299F2143040C4D9A57F
:10B2D0000200E92211006D00DD1539A20200F62DF1
:10B2E00040C4D9A504006D00BD1519A20400C872A0
:10B2F0004B02712134223C07C8728202342292E24E
:10B30000370250F0C872913005D8D9DD1FF71422EA
:10B3100099F2143040D4D9A50200E92212006D0040
:10B32000B915913005C8D9CC2AF740C4D9A5030076
:10B330006D003E1839A20200DF02218039A203000D
:10B34000DF021D8040D4D9A504006D008B1519A221
:10B3500004007B00F8434B9201208FD20021AB0404
:10B36000804240C459A404006D003A1819A2040098
:10B37000C8824B02712134223C07C88282023422E7
:10B3800092E2370250F0C8828213142299F21430EC
:10B39000E9221300C89282023423C8A2342299F20F
:10B3A0001430E9221500E9231400C8B21422DF1278
:10B3B000088039F23400DF1204006D00E406C8B2E0
:10B3C0001422E9F2340002F2009080428053BA0263
:10B3D0008B03E0F4EE209100F129D92F30861B0277
:10B3E0000140E8A59100F1499100F15968541B8290
:10B3F0000120D9440896D9553186FBA00F406842F8
:10B40000E92F3086281F282F283F284F682F28CF64
:10B410001D00D20882E200902010820F82082CA327
:10B420002CA42CA52CA62CA759A8080059A80C00C0
:10B430006D00DE119100F1E9D9EF3086022A48A2B1
:10B4400082E9DF02BA00C852284FBC261429820FB5
:10B450008B0920923C05821F284F8209821FD9A4A4
:10B4600003006D009303913005C8D9CC36F740C472
:10B47000D9A5060039AC03006D000C1540C4D9A550
:10B4800008006D00EF14913005D8D9DD450740D490
:10B49000D9A507006D00FE1440D4D9A50C006D009D
:10B4A000E11439A20700F62D19A30C004B830130DB
:10B4B0008FD30031763608C2DF027D80682A3C7A5D
:10B4C00082026822820B40C4D9A505006D00701766
:10B4D000913005D8D9DD550740D4D9A504006D00B9
:10B4E0006717F6CE39A20700DF120B004822A22A06
:10B4F0003B80BB200B2A50A1AB1F80FA3C02821F6D
:10B5000039A20600DF1204802842821F39A20500FA
:10B51000DF12060039A20400DF120580821F284FC7
:10B52000821F9100F1490B9F1048D94408966D0085
:10B5300054080CF1C8A2282F022914238B030022DF
:10B540008B0FE024820FF62758024B8F01F0160D67
:10B550008B0F20F2283F19EF30867B001020B70FA9
:10B5600010F07E26820F283F821F284F82E9083480
:10B5700040C44B0461416D003317082440D44B0490
:10B5800061416D002D17C842BD0212000CA41E15AA
:10B590000CA51E130CF45E13820F3C040CF25E1417
:10B5A000DA102C203C05EE04821F3CFC82E928CBFB
:10B5B0003C03821B3C89029200909100F1F9D9FF73
:10B5C0001C96D9422400B5F23C30D9420200B5F2B3
:10B5D0000040D9420400B5F20440D9420500B5F25A
:10B5E0000840D9422200B5F20C40D9422300B5F2FE
:10B5F0001040D9423000B5F23030B5F51840D9428C
:10B6000031009100F159D9442F00B5F43830D955A3
:10B610002C9640F4FBA00F40B5F234306D00CC07FF
:10B620009100F1499100F159D9443096D95500A6BD
:10B63000FBA00F406D00C0079100F1499100F15946
:10B64000D95514A6FBA00F40D94404A66D00B40739
:10B650007BC0615C1B0500549100F1497BC04B44E9
:10B660009B050068D94418A61B04004882076D009A
:10B67000DF06FB4001409100F1499100F159D944A6
:10B6800034A6D95518B602463B2003706D008705D5
:10B6900082020090913005F82008D9FF62078202EB
:10B6A00040F4820FD9A504007801E9A20200E9A2C2
:10B6B00003006D00D71340F4D9A5020002286D00E5
:10B6C000E913913005484282D9446B07D9A503009C
:10B6D000370270806D00DE1319A3040042824BF321
:10B6E00001F09100F1F9160D37025020D9FF1C9698
:10B6F000EE050CA2EE030CA36E03820F3C02821F28
:10B70000E9FF1A3000909100F1F9D9FF1C9639FF3A
:10B7100038009120F1296E03821F3C0B392F8C4B8E
:10B720006E07B9F21E30B9FF2E307FF2F7FF820F9D
:10B73000E9FF2C3039F22C30DF021100392F8C4B0D
:10B74000EE05C9FF1E30F9FF2E30B9FF2E30B9F3D8
:10B750001E303FF30480F9FF1E30E9228C4B820239
:10B7600000909100F1F9D9FF1C9699F2004039F24E
:10B7700024008C2053AF20F0370F70F0F9FF1E30FB
:10B78000DF0211004B0F41F17B4059241B020027BF
:10B790004B2F01F087FFA2F06E053BE028F1F9FF87
:10B7A0001E306DFFB2FFB9FF1E30022A02F46D0198
:10B7B0006E3C7BF006740B23104882061B07007456
:10B7C0000B2310886D01233CCE2382023C590B8948
:10B7D00010487B70087482061B0700776D01373CA8
:10B7E0000B8910484E2B0B8910686D01223B820695
:10B7F0000B2310487BF007743C197B700974820698
:10B800001B0700776D01233C0B891048FF121200C3
:10B810007B50FF731B5755759B0756616D01253B88
:10B820000B23104882067BF008741B0700743C1D34
:10B830007B200C7482061B0740796D01083CFF12C7
:10B840001C000B8910487BA0FE737BA099691B9795
:10B8500099791BA699696D01083B7BC009740B237C
:10B86000104882061B0700726D01E33A0B23104853
:10B870006D01403C3C057BD060241B02002A99F2FC
:10B88000044059F224307BA037441422762A4B0F0F
:10B8900041314B4301308733A2307633820F3C1560
:10B8A00099F208401422762A4B0F41314B43013064
:10B8B0008733A2307633821F3C084B0F41F14B4F48
:10B8C00001406F040500822FE9FF163039FF163062
:10B8D0001E1B6E075E2E821FE9FF1930820F3C0788
:10B8E000E9FF19303C048202E9F21930E9FF153012
:10B8F00002A200909100F1F9D9FF1C96B9F21E3016
:10B90000B9FF20303FF20480821F3C02822FE9FF02
:10B91000141082020090913005489100F159D955D8
:10B9200028C6D94476076D009D129100F1F9D9FF20
:10B930001C9619FF0C307BA047444B4F514099F2A5
:10B9400018409100F149D94434A67B0027F402281D
:10B950004BF441407B0023F44BF451407BC01FF477
:10B9600074246D003E0419F32C1042824B3F41F0C9
:10B970007B3045341B13D9364B3F51F037025020F2
:10B9800059FF1030009020087B00F8F3404F9130B1
:10B9900005487801D9446B07820FD9A504002CA271
:10B9A0002CA36D005F1291300548D9444217D9A5E8
:10B9B0000200022F6D00FC149130054842F2D94478
:10B9C0004D17D9A50300370270F06D00F11442F253
:10B9D000370250F06D000C0F3B00FA303F320F8001
:10B9E00039A20200F62B39A20300F62819A304009D
:10B9F00082024B2301206F12048082023C028212D9
:10BA0000280202F200909100F1C9D9CC1C9639CFDE
:10BA1000163091300548913005F8D9444217D9FFC6
:10BA20004D171E15EE0C19C428303C0A82046D0017
:10BA3000D71440F4022F19C428303C0782046D004B
:10BA4000CF1440F4022F82046D00CA1442F2370270
:10BA5000502000906DFF61FF9100F1F9D9FF1C9615
:10BA600099F23C3040F482051424370270F06D00E6
:10BA7000B40539F3100091300548D94458177B00BC
:10BA8000F843F63282046D00AB149100F149D944B9
:10BA900030C66DFF7AFF99F2184042F2370270F01B
:10BAA00039F21430E922080039F21430DF022D0097
:10BAB0006DFFF2FD42F2370270F039F21A30DF0208
:10BAC000240099F210409100F149D94404A61424AD
:10BAD00082056D00820599F20C409100F149D9442C
:10BAE0003096142482056D0078056DFF3CFE022817
:10BAF0006DFF02FF8FF20F416DFF98CC4282422F03
:10BB0000370F50F03C0A8203824459F324306DFF12
:10BB10008DCC42F2370250F099F2303039F21930C0
:10BB200091300548342239F41530D94463174B0459
:10BB300061416D00551442F2370270F019F2103075
:10BB400099F218407B0012344B23413059230400F2
:10BB500099F234304B037131342339F21630E9F263
:10BB60001730C9F21E30F9F220306DFF4EFF42F25D
:10BB70003702502000909100F1F9D9FF1C9619FF6F
:10BB8000103082026C4000909100F1F9D9FF1C96B0
:10BB900039FF100082022C4000909100F1F9D9FF8A
:10BBA0001C9639FF193082022C40009082E2BD04BD
:10BBB0002B00D94218109100F139D93F38D6B5324F
:10BBC00038D6D9421910E812D9421A107B802CF4C9
:10BBD000E822D9421C10E83268BFD9421E10820FF9
:10BBE000E842E9FF3800D9421F10E9FF3900D94483
:10BBF0002010820FE852E86468CF68DF68FFB5F56F
:10BC00000010820200902010820F2CA22CA3820F21
:10BC1000780178026D00EC0D9100F1E9820F0228A5
:10BC200019E238D67803D9EF38D682EFDF0219014E
:10BC30004812DF0216014822DF0213014832DF02F8
:10BC400010014842DF020D014852DF020A0148623A
:10BC5000DF020701913005C8D9CC701740C4D9A5BF
:10BC600002006D001711913005D8D9DD7C1740D442
:10BC7000D9A503006D000E1139A20200820FF62A29
:10BC800040C4D9A504006D00ED1058014B0F71F1AF
:10BC900016FF39A90300DF09188040D4D9A5080090
:10BCA0006D00E01019A208004B0271218FF20F21E4
:10BCB000762B99F20010822FE9FF1C00821F2C23A3
:10BCC000E92902003C116E0A99F20010825FE9FF37
:10BCD0001C00820F2C23821F3C0699F20010E9FF02
:10BCE0001C002C232C2239FF1C0039F21D005FF2AE
:10BCF0000C005E56821F6898E9FF28003C0A5E240B
:10BD00006888821F3C04820FE9FF2800E9FF2900B0
:10BD10009100F149D94430E66DFFC4F7D9A40C0075
:10BD20006DFFC9F739FF380039F239005FF20300BF
:10BD300068F87B802C445E1919A20C003B0077F157
:10BD40007FF2048068B43C4339FF1C00DF2F218060
:10BD500039FF29005E1B48B27B8024F46B0F31F25F
:10BD600068BF820FE9FF29003C3248825A283B9085
:10BD70003E203F2F2D803B2003204B2F1122DF033D
:10BD8000278048B27B8024F46B0F31F23C1FDE5FCA
:10BD900039FF28005E1B48B27B8024F46B0F21F230
:10BDA00068BF820FE9FF28003C1248925A283B9056
:10BDB0003E203F2F0D803B2003204B2F1122F637D2
:10BDC00048B27B8024F46B0F21F268BF4CFB4B4FD1
:10BDD00001406F040C807B3051241B02002E4B2F3E
:10BDE00001306F230600022F3C037B802CF4C862D5
:10BDF00068BF820F2C20C8523BD007202C20C8429D
:10BE00003422C8222C20C812822F2C2039FF38005F
:10BE1000EE0D4CFFA2F83B0077F13FF8088091004F
:10BE2000F129992238D6821F3C0499E238D6820F34
:10BE30002C2048B27B0010F44B2F41F0C8324B0F3E
:10BE400071F1AC2099F20010820FAC2039FF38005C
:10BE5000E9FF390039FF1C00E9FF1D00820F02F2E3
:10BE6000009082046D00171B9100F13BD93FEC0C50
:10BE700039FF11009120F129E92F9B4B393FEC0C40
:10BE80009100F149E94F34F64CF1D94234F66C2176
:10BE90004CF29100F1396C220CFC9110F129D9225D
:10BEA00018FB2C240CFD82042C2539FF1000912056
:10BEB000F129E92F8E4B39FF12009120F129E92F4A
:10BEC0008D4B4CF59100F129592F28F64CF9D932B8
:10BED0001CF6593F1CF64CFA9120F1396C2139FFC0
:10BEE0002C002C2839FF0C10D93278CBE93F78CBC5
:10BEF000C9FF0E109110F139AC2139FF1010D93261
:10BF000010FB2C2139FF1110E93F10FB4B0F61F1A1
:10BF10009120F1396C2139FF0010D9327CCBE93FF7
:10BF20007CCB39FF01109120F1392C2139FF02100F
:10BF30002C2239FF03102C2339FF04102C24C9FFB5
:10BF40000610D93274CBF93F74CB39FF0810910039
:10BF5000F1392C2239FF09102C2339FF3C10912094
:10BF6000F129E92F9A4B39FF3D109120F129E92F52
:10BF7000994B39FF1810D93214F6E93F14F619FF1E
:10BF80001C106C2119FF24109100F129D9223CE6E4
:10BF90006C2119FF28106C2239FF2C10E92F10009A
:10BFA00039FF2D10E92F110039FF2E10E92F120053
:10BFB00039FF2F10E92F130039FF3010E92F14003B
:10BFC00039FF3110E92F15009120F12939FF321086
:10BFD000D92350DB2C32C9FF3610F92F50DB6D000E
:10BFE000671A8202009082046D00551A9120F1298F
:10BFF0009100F14B392F9B4BD94FEC0C9100F1394B
:10C00000E9FF1100393F34F6D93234F6E94FEC0C30
:10C010004C219100F139681F4C229110F129D9224D
:10C0200018FB682F0C24820428CF0C259120F129BD
:10C0300028DF392F8E4B9120F129E9FF1000392F8D
:10C040008D4B9100F129E9FF1200192F28F6D93202
:10C050001CF6685F193F1CF69120F139689F4C214E
:10C0600068AF0C28D93278CBE9FF2C00393F78CB68
:10C070009120F139E9FF0C108C219110F129D9227E
:10C0800010FBF9FF0E100C21E9FF10104C21D932E2
:10C090007CCB4B0F71F1E9FF1110393F7CCB912024
:10C0A000F139E9FF00100C21E9FF01100C22E9FF32
:10C0B00002100C23E9FF03100C24D93274CBE9FFE2
:10C0C0000410C93F74CB9100F139F9FF06100C221E
:10C0D000E9FF08100C239120F129E9FF0910392FFD
:10C0E0009A4B9120F129E9FF3C10392F994BD93215
:10C0F00014F6E9FF3D10393F14F6E9FF18104C2102
:10C100009100F129D9223CE659FF1C104C2159FF1E
:10C1100024104C2259FF2810392F1000E9FF2C1051
:10C12000392F1100E9FF2D10392F1200E9FF2E10D1
:10C13000392F1300E9FF2F10392F1400E9FF3010B9
:10C14000392F15009120F129D92350DBE9FF311057
:10C150000C32E9FF3210C92F50DBF9FF36106D00A9
:10C16000A719820200909100F149D944C0F46D00F2
:10C170004E0D6D00E10C820200906D003B0B8202BF
:10C1800000906D009F0E6D008C0D6D0041116D00D3
:10C19000630D6D00510D8202009080538042BA03FE
:10C1A0008B04E0F48B02E0F482E2EE19AC43AC4481
:10C1B0006C43604F820FF445F94404006C445945C8
:10C1C000140059452000F9471A00F9461C00405256
:10C1D000FDF0040082023C03642F3CFB0090404FC2
:10C1E000024F6D00050B022882E2BD0F6B00480272
:10C1F000F6284CF882E2685F821FE9FF1800009081
:10C20000B9F30400DF03F77FB9F21A00DF02F37F0E
:10C21000B9F21C008B0200920B23A092DF09EBFF06
:10C2200002F46D01893BDF22E67FB9F40800E9F9E9
:10C230001800F64AC8026C20684F685F821FA83F4A
:10C24000A84F68383C3D4835B9F31A000B58805068
:10C2500082023F353780C802B9F30600B9F21C00EC
:10C260006838012302267F2413806C204845C213BE
:10C270006B0F21F537037030684F7F230480A8339C
:10C280003C03820FA83FC214A8443C1254246C20E3
:10C290006B0431FF4844C2136B0F21F43703703035
:10C2A000684F7F230480A8333C03820FA83FB9FF67
:10C2B000080048424B0F61F14BF251F0685F820277
:10C2C000009080428053BA028B03E0F482E2DF0FD9
:10C2D000AE80024F405C404F025A6D00870A02F464
:10C2E0000B2310886D01283BDF22460002A46D015C
:10C2F000233BDF22410009F448096B0A31FF0F4557
:10C30000A020F628680F820F89F84809681F684F37
:10C31000009048026B0221AF0B48C0400B59D0502F
:10C320006D017A347B409F344B2A41201B034032FD
:10C330004B325120481302F46B02212368126D0125
:10C34000FB3ADF220380820F48146D01F53ADF22A9
:10C3500004808202681219CA080019CB100002A4D6
:10C360006D0180340B23104819CC0C006D01B93AD3
:10C37000DF220A80820F684F681F680F89F848091A
:10C3800082E2009002B46D016D340B2310486D0100
:10C39000A83ADF22F17F02C46D0164340B231048F8
:10C3A0006D019F3ADF22E87F48144BFA41D04B4B96
:10C3B00041B054CA4BAB01206F22070019C21000D4
:10C3C0004B2A51203C0B19C204004B2B01306F0348
:10C3D000070019C310004B3251206812480209F4BB
:10C3E00048097B4097346B02312F1B0340324B329C
:10C3F00041E00B48C0400B59D0506D010D344B2E1D
:10C400005120680F89F848096B0B214D6B2C614452
:10C4100068444BA401F02E23684A3C074CC14BF4FE
:10C4200001406F040300684F8202009082E2BC4D1D
:10C43000820F74476C415944080059450C00594615
:10C44000100059471400820200900248404F6D00CE
:10C45000CF090229BD0F360048546D016D3ADF2225
:10C46000310002846D01683ADF22108048524CF39B
:10C470004BF201306F0325804CF44BF2013037034F
:10C4800061312B2F40F33C1C48246D01553ADF22CB
:10C49000EF7F4822820F4BF201F06F0FE9FF483423
:10C4A0006D014A3ADF22E47F48446D01453ADF22BC
:10C4B000DF7F483348444B4301F02E253CD8680FBA
:10C4C00082E20090481268194CF0F62C4B3F012094
:10C4D0006F0251804B4F0130370361312B4F503386
:10C4E0003C490B2980204B0261217BA047544B52D1
:10C4F00051204B3F01506F0541804B4F0150370594
:10C5000061512B4F50F54B3801506F0509804B4856
:10C510000150370561512B4850853C0202384825AF
:10C520004B5241204BF801506F250D006B0F3188A5
:10C530004B280150370561512B8240856B0821FF44
:10C540003C0F4BF801506F050C006B08318F4B28E6
:10C550000150370561512B8240856B0831FF4B3FFD
:10C5600001206F0208804B4F0130370361312BF4FB
:10C5700040336803820200904B380150023F6F0540
:10C58000F0FF3CC67B40C2F31BAF70FD4BF401F0E3
:10C5900087FFA2F0EE0A7B307CF41B0F00F54BF412
:10C5A00001F087FFA0F06E05594408008202009058
:10C5B00082B2009080428053BA028B03E0F482E2A0
:10C5C000EE0A6C41821FF44559440C00E94509000C
:10C5D0002C4882020090404F0B54108882EF6D006F
:10C5E0000709BD0F2A00C802BD022700DF0912801B
:10C5F000DF180B800CF98B0F20F22C20820F681FA4
:10C60000288F82EF3C19821F288F6819820F3C14F3
:10C61000DF18F27F4CF1EE0268120883820FDF13FD
:10C620000C804813A23248333F32078014228B0219
:10C6300000223422288F02F2009082E2BD043A00E8
:10C6400080429100F129D92F40061BD200F0686F7B
:10C650001B1201F0687F1BA202F0683FD944190049
:10C660001B5201F0684FE854820F9100F14991008C
:10C67000F159E92F4006D9446006820FD955410689
:10C68000FB401F40681F288F281F282F6DFF94FF35
:10C690009100F1499100F159D9447006D9554206EB
:10C6A000FB401F40022F6DFF87FF42F237025020F0
:10C6B00000902010820F9100F1C92CA32CA42CA56E
:10C6C0002CA62CA7820F39C84006780278036D008B
:10C6D0008F08D9CF4006C862022B0289821CBC2772
:10C6E0001422DF3205008B022092820CC872821E57
:10C6F000BC271422DF3205008B022082820E91308B
:10C7000005D8D9DD4A2740D4D9A504006D00C20B55
:10C7100040D4D9A508006D00A50B913005D8D9DD0E
:10C72000532740D4D9A505006D00B40B40D4D9A53A
:10C730000C006D00970B39A20500F62919A30C0017
:10C740004BF301308FD30031DF03AD8082026812DA
:10C75000820D820BD9A403006D00FD0339A20400F1
:10C76000821ADF12190019A208004BF201F0160D0F
:10C77000EE120CA59E1019A20C00820F4BF201F0D4
:10C78000370FE1F08F1B80B1A6FBF6B539AA030085
:10C790008B1A00A2913005E8D9EE632740E4D9A5B1
:10C7A00006006D00050E913005D8D9DD6F2740D405
:10C7B000D9A50700A6AC6D00FB0D821FF6C539A5F3
:10C7C00006008B0520F2A6EA8FFF0F51821BF6A50B
:10C7D00039AB07008B0B20B29100F149D9446006B8
:10C7E00002946DFFFAFE9100F149D94470060B8B5B
:10C7F0001048022F6DFFF1FE19C3400642F2B70345
:10C8000010F437027020C6F37B1000F01B0F10F0FD
:10C810005FF30480820F281F39A306009AE2370FC6
:10C8200050F0F639081440E44B046141370250F0EF
:10C830006D00D60D39A20700F628082440D44B0419
:10C8400061416D00CD0D3C04C2EF370F50F0C8427E
:10C85000BD02110039A2060076243B8000203C096D
:10C860000813DF1305803B0001203C03F6328212DF
:10C870003422C852BD02110039A2070076243B8041
:10C8800000203C090823DF1305803B0001203C0306
:10C89000F63282123422C832BD021100081234224C
:10C8A0003C0D0882F622681B4812821DA22B3B8099
:10C8B000BB200B2B50B11DFF4FFF288D02F20090C3
:10C8C00080428053BA028B03E0F4EE1D9100F129FF
:10C8D000D92F40161B720040E8559100F149910094
:10C8E000F15968441BD20220D9445816D955411633
:10C8F000FBA00F406832681F288FE92F4016281FC1
:10C900001DFF5AFE82E200902010820F2CA52CA65B
:10C910002CA7820F780278036D006A079100F1F965
:10C92000D9FF4016C8420228D21ABC25142B820A0D
:10C930008B1B00B2913005C8D9CC7D2740C4D9A546
:10C9400005006D00A70A40C4D9A508006D008A0A39
:10C95000913005C8D9CC463740C4D9A506006D0032
:10C96000990A40C4D9A50C006D007C0A39A20600C2
:10C97000F62D19A30C004BF301308FD3003176361E
:10C980000882DF022D8068183C2A82026812D208D1
:10C99000913005C8D9CC563740C4D9A507006D00E1
:10C9A000070D39A205008215DF12220019A2080026
:10C9B0004BF201F0160DEE1B0CA69E1919A20C00ED
:10C9C000820F4BF201F0370FE1F08F188081A6F84B
:10C9D000F68E0CA702A58B1FE0543C094812821961
:10C9E000A2283B80BB200B2850813CD39100F14909
:10C9F00002B4D94458166DFFF0FDC832022F081258
:10CA000040C43422C83214244B0461416D00E80C48
:10CA1000C8321422C8523422288902F20090BC473E
:10CA20009100F1F9D9FF40160CF12C400090805391
:10CA30008064804F8B0300528B04E0548B0FE054D2
:10CA400082E2DF052F809100F1F9D9FF681692622A
:10CA50006842E8C51BCF01209100F1491B8F02F00D
:10CA60009100F159681FD9445C26821FD9556B1675
:10CA70003BA00F40E8B6283F68326DFF9DFD910056
:10CA8000F149D9447C167BA037447B6039547BA0A4
:10CA900047648207022F6DFFCBFC42F23702502021
:10CAA00000909100F1F9D9FF6816C844820F200860
:10CAB0002CA78219820F8208BC4FC833BC3D481294
:10CAC000762BC8C2BC2948B276270C3014484B0FCD
:10CAD00061F182096C21C8B27BA047A4BC23542A0F
:10CAE000689A913005C8D9CC613740C4D9A50700F0
:10CAF0006D005E0C8215370270B0DF19080039A393
:10CB000007008B3800528B13E0549100F1490284E6
:10CB1000D9445C266DFF61FDC8C2083342B234239C
:10CB20000833370270808B03E094F69539A3070031
:10CB3000DF130380820F7B6039346B0331AA7B8063
:10CB40002C444B4A51409100F149D9447C166B4F1B
:10CB500061436DFF7CFC4282370270F039A207000E
:10CB60007624370F50203C0840C448546D00380CE0
:10CB700042F237025020C8C24CF56C220CF3C812A6
:10CB80008B0F20F22C200090804F80528B0F0032B0
:10CB90008B02E034DF031C809100F1299100F14900
:10CBA0007BC06164D92F6C261BDF0130D944782605
:10CBB0001BEF01F07BA0474482051B06006482073F
:10CBC00059236C26681FE8251DFF32FC82E2009085
:10CBD0009100F1F9D9FC6C2699C30400820F20085A
:10CBE0002CA62CA78208820F820982EABC3F99F208
:10CBF0006C26BC2C0C2014394B0F61F17B802C244B
:10CC00004B2F41F08B092092820AD9A406006DFFB8
:10CC100008FFDF19148039A20600DF1210804B8F45
:10CC200001806F080C807BC061341B0300344B3FD4
:10CC300001206F220500023F3C02820F99FF6C2603
:10CC40009100F14902F40802CCC2D94478262802A6
:10CC50006DFFFDFB913005F8D9FF6E3740F4D9A583
:10CC60000700022F6D00A40B42F20CA7422A370ADC
:10CC700070A040F482041E1319C40C006D00B00BA8
:10CC800042A23702502000909100F139D93F50362E
:10CC9000D9422900820FE812D9420A00D9440B0078
:10CCA000E822E834E846E855E93F5036281F82027A
:10CCB00000902018913005488202820FD9447737BE
:10CCC000D9A514007802780378047805E9A2040055
:10CCD000E9A20500E9A20600E9A207006D00C2086A
:10CCE0009100F1C9D9CF503619A21400C8124B02D5
:10CCF00071213422C85219A2140059220400C842DA
:10CD00001422DF023480913005E8D9EE444740E434
:10CD1000D9A504006D00BE08913005D8D9DD514772
:10CD200040D4D9A505006D00B50839A20400F62449
:10CD300039A2050076258202E9C250363C1540E44E
:10CD4000D9A508006D008E0840D4D9A50C006D004F
:10CD5000890819A208004B027121E9C2503619A2B4
:10CD60000C004B02712128123C0EC8221423C83239
:10CD7000E9C350368B330042142228128B32E04430
:10CD8000DF04DBFF39C25036DF0212009130054864
:10CD9000D9445D47D9A510006D00640819A21000A0
:10CDA00082084BF201F0370FE1F03C050818820FC2
:10CDB0008B082082913005F8D9FF684740F4D9A547
:10CDC00006006D00F50A91300548D94C774740C4FC
:10CDD000D9A507006D00EC0A39A2060040C4F62868
:10CDE00039A20700AB08A082AB0FA0F23C03820877
:10CDF000820F4B0861416D00F30A4B0F614140F413
:10CE00006D00EE0A8202009080438054BA038B04C6
:10CE1000E0F482E2EE109100F129D92F68361BA3CD
:10CE200000201BB3003068126823E835E92F68360C
:10CE3000281F820200909100F1C9D9CF68362010D6
:10CE4000820FC83278027803820F2CA42CA52CA65E
:10CE50002CA7E9CF6836281F82E2BD027B000C2098
:10CE60006E2E913005E8D9EE475740E4D9A504006D
:10CE70006D001008913005D8D9DD545740D4D9A59C
:10CE800005006D0007080CA46E0382EF3C2C0CA576
:10CE9000EEFD40E4D9A508006D00E407580240D437
:10CEA0004B0F71F1D9A50C00281F6D00DB0758034B
:10CEB0004B0F71F1E9CF6836820F3C15C823BD03D3
:10CEC000E67FC812BD02E37F14220C308B320032A1
:10CED000281F8B3FE034E9C26836820F7634281F62
:10CEE000E9CF683691300548D94E605740E4D9A55E
:10CEF00006006D005D0A913005D8D9DD6E5740D42B
:10CF0000D9A507006D00540A39A2060040E4DF12DB
:10CF1000060039A20700DF120980C2EF8202370F34
:10CF200050F0E9C26836281239C268368208821485
:10CF3000DF120600081882048B1800824B0461413E
:10CF40006D004E0A4B08614140D46D00490A02F25F
:10CF50000090BC4E9100F129392F6836D92F6836E0
:10CF60001E130CF15E13821F3C02820F2C400090B6
:10CF7000804F80528B0F00328B02E034DF031B8026
:10CF80009100F1299100F149D92F78361B8F00309B
:10CF9000D94444461BFF01F07B0012447B104654E9
:10CFA0007B105E64820759237836681FE8251DFFD1
:10CFB0003FFA82E200902008820F9100F1D92CA262
:10CFC0002CA3820819DF7836913005C859A80400CF
:10CFD000D9DF7836D9CC7B57EE0740C482046D0088
:10CFE000FF0982E200904CF16EF9D9A402006DFFB6
:10CFF00018FD99D27836D9A40400142A6DFFBDF526
:10D00000C8121423DF130F00DF031B00DF2312807D
:10D010007BC061F47B5060541B0F00F41B0540592A
:10D020003C137B6054547B105EF41B0500583C0C91
:10D0300048347B105EF47B10465482E93C077B1039
:10D040005EF47B104654820482096865687FFF3372
:10D05000398039A20200F62382043C33DF0A24809F
:10D0600019A3040082064B8301408744A240DF04D9
:10D070001A004B6301206F020A807B0010444B436F
:10D0800001206F22050002433C0282036B0531FF41
:10D090007B00E0234B2F41F059A304006B3F61F567
:10D0A0003C024CF34B8F01806F08D8FF7BC061447A
:10D0B0001B0400444B4F0130370361312BF44043D4
:10D0C000C8229100F149D944444674246DFFBFF948
:10D0D00040C44292D9A50300370270904CF36D0012
:10D0E0006709DF027CFF39A30300DF13787F40C4A8
:10D0F00002F46D0075094292370250200090804280
:10D100008053BA028B03E0F4EE229100F1F9D9FFCB
:10D110005C461B22014068541BE200406864E8B58D
:10D120001BA201409100F1499100F15968341B6242
:10D130000120D9447846D9555D46FBA00F4068428E
:10D14000281F282F681F288F1DFF36FA82E20090C3
:10D150002010820F2CA42CA52CA62CA7820F7802BD
:10D1600078036D0045039100F1E9D9EF5C46C852A0
:10D17000022A8209821F8208BC251428820F8B088C
:10D180002082C862820CBC24142C8B0C20C29130EB
:10D1900005C8D9CC476740C4D9A504006D007A06FC
:10D1A00040C4D9A508006D005D06913005C8D9CCF2
:10D1B000506740C4D9A505006D006C0640C4D9A5D0
:10D1C0000C006D004F0639A20500F62E19A50C00C3
:10D1D0004B9501508FD5005176570882DF0297801A
:10D1E000681A1D00940082026812D20A913005C8A4
:10D1F000D9CC606740C4D9A507006D00D90891302B
:10D2000005D8D9DD6C6740D4D9A506006D00D008DB
:10D21000C8B2820228221422DF1206802818282C85
:10D2200082083C2239A20400DF12130039A2070051
:10D23000DF120F0019A308008F1A80A14B93013051
:10D240008FD300318B0300A5AB1FA0FA3C02821FD5
:10D250009100F1490B8F1048D94478466DFFBDF914
:10D26000820F0228282F19E25C46B70210F4C6F29A
:10D270007B1000F01B0F10F05FF20480820F282F4C
:10D280000814DF0412000CA7EE0C4B04614140C4EB
:10D290006D00A60840D482046D00A208C8323C1775
:10D2A000820F281F3C1808240CA6DF041900EE1179
:10D2B0000CA7EE0F4B04614140D46D009108082487
:10D2C00040C44B0461416D008B08C842DA103C1623
:10D2D000820F282FC2E8370850803C11EE100CA7AF
:10D2E000EE0E40D482046D007B0840C482046D00C1
:10D2F0007708C832821F2C20C8422C200CF1C8426B
:10D300001E1E0CF2BA1F064F3C0A4812821BA22AAC
:10D310003B80BB200B2A50A11DFF6AFF2C20288BCD
:10D320000282009082E2BD04200080429100F1F967
:10D33000D9F54C561B3201F06C55D9441B001BE249
:10D3400002F06C53B5541000820F9100F149E9FFCF
:10D350004C56D9446456820FFBA00F406C512C5898
:10D360006DFF2AF9820200902010820F2CA52CA6B6
:10D370002CA7820F780278036D003A029100F1C960
:10D38000D9CF4C56C85202288209BC2414298B09D3
:10D390002092913005D8D9DD7A6740D4D9A505000F
:10D3A0006D00780540D4D9A508006D005B0591306B
:10D3B00005D8D9DD437740D4D9A506006D006A05AC
:10D3C00040D4D9A50C006D004D0539A20600F62DFC
:10D3D00019A30C004BF301308FD30031763608834C
:10D3E000DF034B8068183C4882036813820839A425
:10D3F00005008215DF14110019A408008B120062C9
:10D400004BF401F0160D8B0F0065F6668F138051FB
:10D410008F1880F1A6F59100F149D9446456029421
:10D420006DFFDBF8913005D8D9DD537740D4D9A50D
:10D4300007006D00BD070CA7EE1239C44C5640D44E
:10D440004B0461416D00CC0739CF4C56C8426E0386
:10D45000DA103C02821F2C2082023C05820FE9CFA9
:10D460004C5682E2C832BC269100F139393F4C5605
:10D470002C202888009048133B80BB40A2380B48E2
:10D48000503182183CB580548065804F8B04003247
:10D490008B05E0348B0FE03482E2DF036080910083
:10D4A000F129D92F74561B9F002059227456B5F5C7
:10D4B0001C201B0F02209100F1499100F1596812C4
:10D4C000D94440761B7F0420D95544661B8F04F055
:10D4D000FBA00F40E9F31000B5F61820683F682262
:10D4E0006DFF6AF8FBA000409100F1499100F159ED
:10D4F0000246D9445076D9554C663B200370022F22
:10D500006DFF4DF69100F1497B8024448205D9449A
:10D5100074767BA0476482076DFF8AF742F2820F20
:10D520007B000A3459FF202059FF242059FF302066
:10D53000D20459FF003059FF38207BC061F459F301
:10D540003C201B0F00F47B0000343702502089F48C
:10D55000682959F3043059FF342000909130054870
:10D560009100F159D9557466D94461776D007A04F8
:10D570009100F1F9D9FF745619FF00107BA04744C0
:10D580004B4F51409100F149D94450767B0027F42C
:10D5900002284BF441407B8023F44BF451406DFF53
:10D5A00020F699F21C2019F3301042824C213702E8
:10D5B00050204BF351F059FF041000909100F1F905
:10D5C0002010820F99F374562CA42CA52CA62CA7FE
:10D5D0008208820F780259A80C00D9FF7456820F76
:10D5E0008219820BBC3FC812BC2D4822762B4832D0
:10D5F0007629B92F0000143B4B0F61F18B0B20B241
:10D600008209913005C8D9CC6B7740C4D9A50400F4
:10D610006D004004022A39A20400F62940C4D9A5AD
:10D620000C006D001F0442A2370250A0D9A40800CC
:10D630006DFF41EBD9A407006DFF34EB39A2070061
:10D64000820CDF12088019AC08003B80BB200B2C39
:10D6500050C191300548D9446177D9A505006D00C6
:10D66000190442A2370270A039A20500DF12078018
:10D67000370A50A059F804103C066DFF71FF42A212
:10D68000370250A039A204008215DF12150019A23A
:10D690000C004B8201808FD80081F68D39A20700E3
:10D6A0008F1C80C18B02E0C4F6C639A2050002952A
:10D6B0008B12E0549100F149D944407602B46DFFD9
:10D6C0008CF739F3100042A2370270A0DF13030079
:10D6D000820F19F308109100F1C94B3F0140D9CCDA
:10D6E00074766F24070099F21C20392401003C094C
:10D6F0004B3F01308733A030763999F21C20142437
:10D700004B04614140C46DFF3FF702F440C46DFF1C
:10D710009EF642A2370270B0370B50A08208DF0994
:10D720001D8039F21000DF12198039A20500DF02D6
:10D7300015809100F1499100F15919F4002019F573
:10D740000410D9445486D95568866DFFBCF542B2A1
:10D75000370250A019F83020913005C8D9CC747721
:10D7600040C4D9A506006D00230642A2370270907E
:10D7700039A206007624370950203C0840C40284B0
:10D780006D002E06429237025020C822BC2C48332E
:10D79000763A39F31000342319F30410C8324B03DE
:10D7A0007131B42399F21820BC2839F310004B08CA
:10D7B00071813423F928020059FF0810009091006C
:10D7C000F1F9D9FF7456482280438B0220F28B0373
:10D7D00020F46E0439FF10002C4000901D0046E03C
:10D7E0001D005CE01D0079E01D006FE01D006BE096
:10D7F000D20420086D00D1469120F129D92F42DBB7
:10D80000B9F40200B9F50600B92242DBB9FF040001
:10D810008F0401408F050150A624A6F56D001C0C55
:10D820007B10F1991B89A99A8208029E9120F1F937
:10D83000B9FF4ADB370870207FF23981B70810F84A
:10D840009110F1C953CF20F0D9CC1C05820A60FF9A
:10D85000820230FC7800D9CE04009120F129D9222F
:10D86000904B1424370A70307F435280B70A10C897
:10D87000138C2439603D39D31400DF0347007B103B
:10D88000F1F960F25800D92FBCE880F3820BD9DDA2
:10D890001800423F54E454D35F343380532C21D0DA
:10D8A0009110F129D92298AA0BBD0030C27301232F
:10D8B00002F639C5080008238B0320420B350042CD
:10D8C000DF041F0008028B02202234C2DF02110095
:10D8D0000812F62E39C409008BE4A722F629C214D7
:10D8E0008FF40F4160F4E9C409006D00660342BD86
:10D8F000C27D60E2012D02F6080228128212C21BCC
:10D900008BAB2032DF03C8FFC21A3CA8DF02CC80F9
:10D91000B70810F89110F1C953CF20F0D9CC1C05ED
:10D92000820A60F27800302C80CDC24D9120F1F94E
:10D93000D9FF904B0804370A70307F435280911012
:10D94000F1D980DFB70A10C81B8F093A130C25F3F1
:10D95000603D60FE39E41400DF044100D4A2911060
:10D96000F1F9D9FFBCE830F2820BD9EE1800B5A26C
:10D97000040060DF4CE048035FF32D80534C21F03E
:10D9800039C5080012B3C27301D302F608238B0312
:10D9900020420B350042DF041E0008028B022022C9
:10D9A00034C2DF0212000812F62F39C409008BE4DA
:10D9B000A722F62AC21499A404008FF40F41E9C4E7
:10D9C00009006D00FA0242BFC27F90DF82120CF0A4
:10D9D000281FC21B8BAB20F2EECDC21A3CA8820BD3
:10D9E000DF026280B70810F89110F1C953CF20F020
:10D9F000D9CC1C0560FF780130FCD9CD0400912002
:10DA0000F1F939F3914B370B70207F324D80B70B12
:10DA100010D87B00F1A91BCA63A6130D23FA820C50
:10DA200060FE02AFB04E54D354E25F23368053CD34
:10DA3000202060A239C4080074A242C2C22201227E
:10DA400002F608228B0220320B240032DF0325006D
:10DA500008028B02202234C2DF0217000812DF0204
:10DA6000148039C409008BE4A722F62ED801C21411
:10DA70009110F1498FF40F41D944BCE8E9C4090081
:10DA800030F46D009A0254A260F242C2C222012216
:10DA900002F608022812C21C8BAC2022DF02C5FF4E
:10DAA000C21B3CAEC2181DFFC3FED2046D009445DC
:10DAB000820200909120F1D99110F1E97B10F19947
:10DAC000404F820AD9DD4ADBD9EEBCE81BC901957B
:10DAD000820801FA02C639C50A00DF052700B9D25B
:10DAE0000000481401E203460142024682066D002E
:10DAF0001002B9D2000053C22030C212B4D21A3977
:10DB000060F24CF1D92308006C2139C40A00E924E1
:10DB1000080039C40800E9280A00342401E300267B
:10DB200039230900E9330100C21A8BAA2022DF023F
:10DB3000D2FF00909120F1C9D9CC904B40C46D0028
:10DB4000D7039120F1F9D9FF8F4B40F46D002C01E0
:10DB50007B10F1999120F1D982081B89A99AD9DD0E
:10DB60004CDB0CC08FF80F217FF21580028F16FF5F
:10DB7000538F24F0609310323922140076291B4F02
:10DB800001F010346DFF98FF8CD0C21FACD0C218CA
:10DB90003CE97B10F1999120F1C982081B89099A0F
:10DBA000D9CC4EDB0CF08FF80F217FF21580028F5D
:10DBB00016FF530F25F06093103239221400762996
:10DBC0001B4F01F010346DFF77FF8CC0C21FACC03B
:10DBD000C2183CE99120F1F97B00F1998208D9FF44
:10DBE000914B1BC963960CF08FF80F217FF20D80CB
:10DBF000028F16FF130F232960240C406E036DFF64
:10DC00005BFFC2183CF1820200909120F1F939FFCC
:10DC1000914B7B00F1291BC26326130F2332C21FD5
:10DC2000E9FF914B6032A053094248018922480123
:10DC3000FC3C00909120F129820FD92F42DB282F44
:10DC4000286FE92F42DB284F283F287F281F285FB5
:10DC5000820200909120F1C97B10F1A97B10F1B9EB
:10DC6000820FD9CC4ADB1BCA01A582091BCBBBB8EA
:10DC7000B9C20000370F703092187F231080B70FA1
:10DC800010F860A253CF20F08204102F289960BFB3
:10DC900010F4028F6D0091013CEC82020090912003
:10DCA000F1F99100F13939F3914B8202D9337C8635
:10DCB00082058FF20FF17F3F1180022F16FF53CFA5
:10DCC00020F08204A09F1246C22601360226C2140A
:10DCD0003425FCFAC2123CEE8202009053042580E7
:10DCE0009110F1F9D9FF182A200801F800C6D9A42B
:10DCF0000800820F894F3CF50249B9C406006D0047
:10DD0000FEE558016E408214E9C415008F8F003182
:10DD10007634E9C41C003C03E9C31C008F1F0031AA
:10DD200001F8002676328213E92320008F4F00315C
:10DD300001F8002676328213E92324003B002030CC
:10DD400026F301F8002676328213E92328008F0F8C
:10DD5000103101F8002676328213E9232C003B00B3
:10DD6000803026F301F8002676328213E92334004E
:10DD70003B000031263F01F800F66E02821FE9FFEA
:10DD800030000090F62F53492190E9C21500820F10
:10DD90008203A0621294C27401F40236C21F3433AB
:10DDA000FC2A00909120F1F939FF924B82022C401D
:10DDB0000090205040A2B9430600A09309444801B6
:10DDC00089244801FC3C9120F129392F924B40AF26
:10DDD0008B0F024282B2DF0425807B10F149820260
:10DDE0001B84094A8FF20F517FF50D8013022554D1
:10DDF000C2126053B93506005F35F6FF3B60FF2F56
:10DE00000090130F2524F9A30600C21F6023E92FF9
:10DE1000924BA09409F2480189324801FC4C8202DD
:10DE200000909120F1297B10F1A93929924B404CA7
:10DE3000405F820F1B8A09AA8FFF0F817F980E8097
:10DE4000130F252A40C5C21F6022D4246D01F82C6F
:10DE5000DF02F4FF2808009082FF280F82B20090B2
:10DE60002008820F405FD9A50800895F3FF46DFF4D
:10DE7000DAFF7B00F8F5F62B9110F12980240CA72E
:10DE80001B84093A130F254360424C22680F00900F
:10DE90002008820F405FD9A50800895F3FF46DFF1D
:10DEA000C2FF82FFF62C9110F12980240CA71B845D
:10DEB000093A130F25436042392F1500280F0090AF
:10DEC0007B10F1399120F1F91B83093A39F4924B17
:10DED0006033820F82028FFF0F517F451880130F2E
:10DEE0002553605F39F51100765F534F2170E9F2D9
:10DEF00015008205A09F0B570060C27601360226EE
:10DF0000C2153422FCF9C21F3CE782020090821F36
:10DF10002C482010404F02687444E94504003B003F
:10DF200053F73BF090977F9F410002F43B800050F5
:10DF3000D9A408006D008ECD19A3080048025F2304
:10DF4000148039A50C0008445F450F8039A50D00E9
:10DF500008845F450A801B8F00408215D9A4070002
:10DF60006D0078CD3C24DFF31C8059A208000842E4
:10DF7000D9AE1000E9A20C00088289E837F402F457
:10DF8000D9A408003B800050E9A20D006D0065CDCA
:10DF90001B8F0040821540E46D005FCD3C081B9F45
:10DFA00000F0370F70F03CC082F20090A83F0CA741
:10DFB0008202289F0090E9440900B94406008215B6
:10DFC0001B840040D94409001D0047CD0249025A74
:10DFD0008208820F5FA80C003708705002946D0011
:10DFE000E50BA6F2370250F0C2183CF502F20090A1
:10DFF0001D00DF0B20103B0071426D0051E68204D2
:10E000008215022F6D0049E78214A6F282153702AD
:10E0100050F06D0042E78224A6F28215370250804C
:10E020006D003BE7820F78037B10F1F9A6821B8F0E
:10E03000A9DA7B3000E03702508060DE820A820974
:10E040001B0ED4E09120F1F9D9FF934B19A30C00DA
:10E050000CF08FF30F217FF29E80580316FF538F31
:10E0600024B01ABD60FF0CF4DF1F2180B9F4060054
:10E070006D001FE64825A6924B057151B9F40600C4
:10E080008FF50F51370250906D001EE739FF1100D8
:10E09000A682370250806E0AB9F40600B9F5041062
:10E0A0006D001CE6A6A2370250A001EB00F60CF4AE
:10E0B000DF2F2980B9F406006D0027E67B20005091
:10E0C000A692B9F406001B056A58370250906D00FD
:10E0D000CDE64825B9F406004B057151022C6D00C0
:10E0E0000EE739FF1100A6C2A628370850806E0A35
:10E0F000B9F40600B9F504106D001CE6A6A23702BB
:10E1000050A001EB00C60CC4DF3F4080B9C406003C
:10E110006D0027E67B2000501B056A58A692B9C403
:10E120000600370250906D00A1E691300548D944B1
:10E13000C0A3B9C40600022B6D0076E6A6B2A68283
:10E14000B9C406003B400150370250806D0055E6CF
:10E15000B9C40600A6823B401F50370250806D00B4
:10E1600035E639CF1100A682370250806E0E7B70E3
:10E170000160B9C40600B9C504101B06366E74AE42
:10E180003B0019706D0002E65803C21F78031DFFA3
:10E190005BFF2B9850292B2A402A0090538424801F
:10E1A0009110F1F9D9FF98AA200801F800C6D9A466
:10E1B0000800820F894F3CF50249B9C406006D0082
:10E1C00071E558016E2E82143B000031E9C4150040
:10E1D00026F37634E9C41C003C03E9C31C008F1FFE
:10E1E000003101F8002676328213E92320003B003B
:10E1F000003226F301F8002676328213E923240048
:10E200008F4F003101F8002676328213E92328006F
:10E21000160801F800F66E02821FE9FF2C0000903C
:10E22000F62F53292190E9C21500820F8203A09294
:10E230001294C27401F40236C21F3433FC2A0090D7
:10E240009110F1C99120F1E9D9CC98AA7B6058933B
:10E25000820B8208D9EE934B1BD97B9340CD7BA0D8
:10E2600047A40CE08FFB0F417FF4408002BF16FFF4
:10E270006DFF96FF538F24F010CF482548326B0274
:10E280003125B702812F4B92012037026121E9F23B
:10E290001000DF0229000842D9F20400DF220F003B
:10E2A000DF321400DF121D804B057151B9240200CA
:10E2B0008FF50F516D0008E63C104B057151B924E4
:10E2C00002006D001CE63C094BA54150B924020038
:10E2D0004B0531516D002EE6A6823702508010DFCB
:10E2E0004CF2683FC21B3CBE028200909120F1F9C3
:10E2F00039FF934B82022C400090204840A2B94342
:10E300000600A0830944480189244801FC3C91206F
:10E31000F129392F934B40AF8BDFA14282B2DF044A
:10E3200027807B10F149370F705082021B84A94A65
:10E33000370270607F560D8013822464C2126063BE
:10E34000B93606005F36F6FF3B60FF2F0090138F53
:10E350002424F9A30600C21F6023E92F934BA08455
:10E3600009F2480189324801FC4C82020090912058
:10E37000F1297B10F1A93929934B404C405F820F62
:10E380001B8AA9AA8FFF0F817F980E80138F242AE2
:10E3900040C5C21F6022D4246D01522ADF02F4FF5F
:10E3A0002808009082FF280F82B200902008820F78
:10E3B000405FD9A50800895F3FF46DFFDAFF82FF57
:10E3C000F62C9110F12980240CA71B84A93A138FF5
:10E3D00024436042392F1500280F00902008D9A54A
:10E3E000080082FF895F3FF402486DFFC2FF0CA75F
:10E3F0008BFF0F32F63B9110F1F980F31B83A92AB2
:10E40000138F24328202603F682800907B10F1391C
:10E410009120F1F91B83A93A39F4934B6033820FB1
:10E4200082028FFF0F517F451880138F2453605F46
:10E4300039F51100765F532F2170E9F2150082053E
:10E44000A09F0B570060C27601360226C215342207
:10E45000FCF9C21F3CE7820200902020D9AF0800DF
:10E4600040F29120F1C9D202892248018922480153
:10E4700089224801820A8208D9CC944B821B370A30
:10E480007090BA088B4960F46E1A029440A46D0033
:10E4900044E80228DF02128054A28CA2029440F4C5
:10E4A00059A20800ACA86D0076AEDF820700B70A5B
:10E4B00010F8022810C2342BC21A3CE202820090EB
:10E4C00082246D00E8079100F1FBD9FFF42C39FF9D
:10E4D0000B109110F129D92200BBE92F1C0039FF44
:10E4E000201082242C2639FF24102C2A39FF2510D5
:10E4F0002C2B39FF2D102C2D39FF2B10E92F11005B
:10E5000039FF2F102C2F39FF21102C2739FF0C1029
:10E51000E92F1E0039FF1410E92F1D0039FF1110DB
:10E52000E92F1F0039FF22102C2839FF2E102C2E26
:10E5300039FF3110E92F120039FF3210E92F130093
:10E5400039FF0F10E92F240039FF1010E92F2200A6
:10E5500039FF1510E92F2300C9FF2610AC2139FF20
:10E560002A102C2439FF28102C2539FF3010E92FD0
:10E57000100039FF23102C29C9FF1210F92F200099
:10E58000C9FF3400F92F141039FF0910E92F1710B3
:10E5900039FF3900E92F161039FF0A10E92F25003D
:10E5A00039FF0E10E92F06106D00820782020090DD
:10E5B00082246D0070079110F1F9D9FF00BB910022
:10E5C000F13B39FF2800D932F42CE92F150039FF2F
:10E5D00029008224E92F190039FF2A002C2E39FF47
:10E5E0001500E92F171039FF1900E92F1B1039FF0B
:10E5F0001700E92F191039FF2B00E92F1F0039FFF1
:10E600002C00E92F200039FF2D002C2F39FF160098
:10E61000E92F181039FF1A00E92F1C1039FF0710D5
:10E62000E92F2600C9FF0810F92F2C0039FF2E0012
:10E63000E92F270039FF1B00E92F1D1039FF31009A
:10E64000E92F250039FF2F00E92F240039FF300082
:10E65000E92F1E0039FF1800E92F1A1039FF0A10A0
:10E66000E92F230039FF18102C2139FF19102C2213
:10E6700039FF1A102C2AC9FF1C10AC2239FF1E10BA
:10E680002C2639FF1F10E93FF42C39FF20102C27CE
:10E6900039FF0B10E92F110039FF0C10E92F120080
:10E6A00039FF0D10E92F140039FF0E10E92F10006B
:10E6B00039FF0F10E92F1300C9FF1010AC2E39FFDE
:10E6C00032002C2C4CFD4B0F71F1E92F280039FF43
:10E6D00038002C2D39FF3900E92F17004CFF4B0F64
:10E6E00071F1E92F290039FF0010E92F180039FFD7
:10E6F0000110E92F220039FF0210E92F1A0039FF1B
:10E700000310E92F210039FF0410E92F2E0039FFF3
:10E710000510E92F2F006D00CB068202009091209A
:10E72000F1F980F260421B4291FB102F0802009029
:10E73000821F9120F1F9E9FF984B00909110F1C9E7
:10E740002070820F913005D859CF38DB8208D9AFBD
:10E750000410D9CC38DBD9DD58B6370870508204A4
:10E7600040F46D00EFE6022FDF02258053482120A0
:10E7700001D80136C21801C2002694326C24F92255
:10E78000040039A20410E9220600C9A20610F922E9
:10E79000080019A2081059220C005348212001C278
:10E7A00000266C20DF48DBFF820440C46D00F1EFDF
:10E7B000022F8B6F1F328B0FE0348202DF031701B1
:10E7C00091100548A005D94470CE6D003C8DD9ACA0
:10E7D000200040F28202A0A36422FC3F820440C4D5
:10E7E0006D00ABE68204D9A4291002286D009BE6D7
:10E7F0008204428240F4370270806D0099E64282C2
:10E80000370270303B60FF2FDF03998039A420006E
:10E8100039A221008F8401408F020120A64239A431
:10E8200023009110F149A62439A22200F8008F821A
:10E8300000300F34A0208F8201308F821E50A63509
:10E84000BB00F03F26238F8300400F45A0307BF0B4
:10E850000F4026420682A63259A2140039A4240091
:10E8600039A225008F8401408F020120A64239A4DD
:10E870002700D94424CBA62439A22600D9A5140008
:10E880008F8200300F34A0208F8201308F821E5083
:10E89000A635BB00F03F26238F8300400F45A030F4
:10E8A0007BF00F4026420682A63259A2180039A4F6
:10E8B000280039A229008F8401408F020120A6423E
:10E8C00039A42B00D9A61800A62439A22A00D9A75A
:10E8D0001C008F8200300F34A0208F8201308F8285
:10E8E0001E50A635BB00F03F26238F8300400F4506
:10E8F000A0307BF00F4026420682A63259A21C00AF
:10E900007B2005281BA2A52059A204007B200528F6
:10E910001B82182059A208006D006B489110F1D994
:10E92000B5D20CFB3B60FF2FBC2940246D00FF4893
:10E9300099D40CFB6D000349820242F240C23702B7
:10E9400070F08202A0836422FC3F3BC00020F9A249
:10E9500020007B20052840F21BA2DD2059A22400C4
:10E960008202A0836422FC3F3BD0002082143B0043
:10E970000031F9A204107B20052859A42C0059A3CA
:10E9800034001B420A20822359A4101040C43B00CB
:10E990000042A005D9A6180059A3380059A31C109D
:10E9A00059A4181059A208106D000EBB40F4A00520
:10E9B000D9A61C0002286D0007BB428237027030C6
:10E9C0009120F1F9D9FF984B3B60FF2FF6390803EE
:10E9D000DF13060082146D0044BB3CFA820242F24F
:10E9E00037027020AB62BF22009000909100F14985
:10E9F000D94470356DFFDFF99100F149D9446025A4
:10EA0000022F6DFFD8F99100F149A6F2D9445015B3
:10EA1000370250F06DFFCFF99100F149A6F2D944C9
:10EA20004005370250F06DFFC6F99100F149A6F29A
:10EA3000D94430E5370250F06DFFBDF99100F1493E
:10EA4000A6F2D94420D5370250F06DFFB4F99100F9
:10EA5000F149A6F2D94410C5370250F06DFFABF969
:10EA60009100F149A6F2D94400B5370250F06DFF8C
:10EA7000A2F99100F149A6F2D9443095370250F03D
:10EA80006DFF99F99100F149A6F2D944208537022A
:10EA900050F06DFF90F99100F149A6F2D94410753C
:10EAA000370250F06DFF87F99100F149A6F2D94481
:10EAB0000065370250F06DFF7EF99100F149A6F232
:10EAC000D9443045370250F06DFF75F99100F14996
:10EAD000A6F2D9442035370250F06DFF6CF9910051
:10EAE000F149A6F2D9441025370250F06DFF63F9C1
:10EAF0009100F149A6F2D9440015370250F06DFF9C
:10EB00005AF99100F149D944F0F4A6F2370250F0D5
:10EB10006DFF51F9A6F2370250F06DFFB7B4A6F2BF
:10EB20003702502000901DFF5FB59100F149D94494
:10EB3000D0256DFFE4FB9100F149D944C815022F9F
:10EB40006DFFDDFB9100F149A6F2D944C005370203
:10EB500050F06DFFD4FB9100F149A6F2D944B8E51D
:10EB6000370250F06DFFCBFB9100F149A6F2D9447A
:10EB7000B0D5370250F06DFFC2FB9100F149A6F20B
:10EB8000D944A8C5370250F06DFFB9FB9100F14997
:10EB9000A6F2D944A0B5370250F06DFFB0FB91004A
:10EBA000F149A6F2D94498A5370250F06DFFA7FBB2
:10EBB0009100F149A6F2D9449095370250F06DFFCB
:10EBC0009EFB9100F149A6F2D9448885370250F0A6
:10EBD0006DFF95FB9100F149A6F2D944807537028B
:10EBE00050F06DFF8CFB9100F149A6F2D944B85565
:10EBF000370250F06DFF83FB9100F149A6F2D94432
:10EC0000B045370250F06DFF7AFB9100F149A6F252
:10EC1000D944A835370250F06DFF71FB9100F149DE
:10EC2000A6F2D944A025370250F06DFF68FB910091
:10EC3000F149A6F2D9449815370250F06DFF5FFBF9
:10EC40009100F149A6F2D9449005370250F06DFFCA
:10EC500056FB9100F149A6F2D94448F5370250F02D
:10EC60006DFF4DFB9100F149A6F2D94440E5370212
:10EC700050F06DFF44FB9100F149A6F2D94478C5EC
:10EC8000370250F06DFF3BFB9100F149A6F2D944E9
:10EC900070B5370250F06DFF32FB9100F149A6F2DA
:10ECA000D94468A5370250F06DFF29FB9100F14966
:10ECB000A6F2D9446095370250F06DFF20FB910019
:10ECC000F149A6F2D9445075370250F06DFF17FB99
:10ECD0009100F149A6F2D9445885370250F06DFFF2
:10ECE0000EFB9100F149A6F2D9444865370250F075
:10ECF0006DFF05FB9100F149D9444055A6F237025A
:10ED000050F06DFFFCFAA6F2370250F06DFF74F977
:10ED1000A6F23702502000901DFF94FA82148265FB
:10ED20006DFF56F99100F12B192FD00CD92FD00C73
:10ED30009110F129592F18FB0CF49120F129E92F9A
:10ED40009B4B0CF59120F129E92F9A4B0CF6912061
:10ED5000F129E92F994B9110F1394CF2D93210FB7E
:10ED60006C210CFC82022C210CFDE93F10FB8CF87D
:10ED70009120F139F93F50DB39FF1200D93250DBD5
:10ED80002C2200909110F1F919F218FB9100F1FB7F
:10ED900019F3D00C820F4B2301306F13058059F209
:10EDA000D00C821F9120F129D9FFD00C39229B4B26
:10EDB00008435F230400284296029120F12939225A
:10EDC0009A4B08535F230400285296049120F1299E
:10EDD0003922994B08635F2304002862960891103A
:10EDE000F129D92310FB1932040048234B230130A9
:10EDF0006F130480682296103932010008C35F2324
:10EE0000040028C29610392210FB08D35F230400A7
:10EE100028D296109120F129B92250DBB9F31000C5
:10EE20005F230400A8829620D92250DB39220200F9
:10EE300039F312005F230500E9F2120096208208E0
:10EE40008202570F61388FF80F51763482146DFFAC
:10EE5000D1F8C218DF68F7FF009020086DFF70FC42
:10EE6000022F6DFFFCFA42F2370270F06D00D00104
:10EE700042F2370270F06DFFBBFD42F2370270F0D4
:10EE80006DFF55FE42F2370270F06DFF49FF42F20E
:10EE9000370270F06DFFE7E742F2370270F06DFF66
:10EEA00064E942F237027020DF027F809110F1F9AD
:10EEB000D9FF00BB9100F1599110F16940F4D95587
:10EEC00034F6D96618FB6DFFB4ED9120F1C9D9CCA9
:10EED0009B4B9100F15940C640F4D9552CF66DFF7B
:10EEE000D5EE40C540F46DFF91EF40F46DFFA7EB08
:10EEF00040F46DFF85DF9120F15940F4D9558E4BD8
:10EF00006DFFE0EC9120F15940F4D9558D4B6DFF28
:10EF10003DEE9100F15940F4D95528F66DFF2AF0E5
:10EF20009120F159D9559A4B40F46DFFEAF040F425
:10EF30006DFFFAF19100F15940F4D9551CF66DFFBF
:10EF40003EE39120F15940F4D955994B6DFF3FE2D2
:10EF50009110F1599120F169D96678CB40F4D955D7
:10EF600010FB6DFF92F29120F15940F4D9557CCB02
:10EF70006DFF7DDE9120F15940F4D95574CB6DFFC2
:10EF800017E69100F15940F4D95514F66DFFEDDC08
:10EF90009100F1599120F16940F4D9553CE6D966C8
:10EFA00050DB6DFFDEE03BF0014082F56D00D0BD2F
:10EFB00082146DFF17F46DFFB8FD6DFF83FA6DFFCE
:10EFC0003BDF6DFF2BE26DFF47E56DFFAADE6DFFB6
:10EFD0001CE66DFFD4DD6DFF26E16DFF64ED6DFF76
:10EFE0006AEE6DFF2AEF6DFF66EB6DFF8FEC6DFF34
:10EFF000F1ED6DFFE2EF6DFFADF06DFFB7F16DFF6D
:10F00000DFF26DFFBCE86DFFF0E76DFFD3FA6DFF37
:10F0100085FE6DFFE9F3D9A40700022F6DFFE0F331
:10F020006ECB8202009091300528D9220005009015
:10F0300091300528D922E0D40090823200900090CF
:10F040000090009000900090009000900090009040
:10F05000009000909100F129D92FD0458F041FF026
:10F06000282F8F051FF0286F8F841EF0E924D045CC
:10F070002845283F06848F851EF006852008287FB6
:10F0800028142855820200902028913005C891301C
:10F0900005D8D9AE2800821FD9DD1815D9CCE0A338
:10F0A00089EF1BF440C4820F40D5D9A60C00ACA850
:10F0B000ACA9B5AE0C006D008704913005F8D9FFFE
:10F0C000C4F340F440D5D9A60C006D007D04022F96
:10F0D000F62B40C46D00EC0440F4022F6D00E804F0
:10F0E000A6F2370250F07B1005281BE2032F59A22D
:10F0F00008007B1005281B02042F59A20400EE2DE6
:10F10000D9A404006D004139022FDF02278091301D
:10F1100005488204D94410156D008D39022FDF0295
:10F120001D807B3005286023D9AF1400D932180523
:10F1300040F40922480189424801092248018942D4
:10F14000480191300548D944081582046D00D7392B
:10F1500040F4022F6D006139D20482166D00ED3942
:10F16000EE21913005488204D9443C056D006C3E87
:10F17000022FDF021880D9AF140091300528D92260
:10F18000280540F4A043442F644FFC3E9120F149F0
:10F19000D94454DB82046D00AD3E40F4022F6D0073
:10F1A0004A3E02F20090913005C8D9CCE0A340C499
:10F1B0006DFF9CB2913005F8D9FFC4F340F46DFFA8
:10F1C00095B240C46D00C50440F46D00C2048202D3
:10F1D00000901DFFD9FD8202009082020090820201
:10F1E00000902008820F8218D9A406002CA62CA714
:10F1F0006D00A70BD9A406002CA6E9A807006D0096
:10F20000A00B6DFFD2FF6D002AB73CEF205840A243
:10F21000820FA083642FFC3F825FACA07B1005F8B7
:10F220001B2F1EFF78013B10FAF07803DA0A7804EE
:10F230003B0000F4D2147805823F78066D0088BC4C
:10F2400002286DFFF7FE402F6DFFF9FE02248202B7
:10F25000764440F46D0098001A826DFFE6FE820449
:10F26000402D6DFF5EFA9120F129D92F5ADB824A99
:10F270003B400190A81A8214F9295ADB02286DFF3D
:10F2800050FAA829A83A370F70B0821976258F183E
:10F2900080F18FFF0F919130054840D5D94420155A
:10F2A0006D00AC0AD9AF24008B821F8291300528F3
:10F2B00040F42689D9228617AB02A0F9C5031900AC
:10F2C00004222442FC3E91300538D933A017D9A23C
:10F2D0000510A07404322422FC4E40F46D002D0B66
:10F2E000D2246D0035BC42BF370F70F040A4A0059A
:10F2F00040F642F2370270F06D0066B602286DFFEC
:10F30000C5FE1282370250200090B94000008203EF
:10F3100082068205D2088201370370F07F0F1180C8
:10F3200019420C0013032142604F4814764F0B140E
:10F3300030218B0F20248B0F2072F6283C03820291
:10F34000009048224CF3F6246E0582A20090EE074E
:10F350003CFDDF15FC7F821682053C0ADF16F77F35
:10F3600076753F82F4FF3F9FF2FF82068215B9F760
:10F3700002000B74001076256E040B720080127967
:10F38000C2133CCB80418B1462228B0120240248A3
:10F39000404C820482BF3BB05D00DF0276008FF4F8
:10F3A0000F217F820D8001C402F6C80FB9FF000053
:10F3B0005F0F65800CF25F2F64803C27EE0640C42F
:10F3C00002846D003F02022F01C802D6EE5D7DDC93
:10F3D0006000CCC00832DF221700C82FC80F820996
:10F3E000B9F82600370970207F820E8053892120CA
:10F3F000C8D4C219014200466DFF89FFDF02F47FC5
:10F40000022F3C42B04C3CE40CF3EE35C82FC8034D
:10F410000C32DF1F31804CF36E364CF46E34B9354C
:10F4200026008202370270F07F5F26804C3D1382F7
:10F43000213F820F60328203B926000037037070CB
:10F440007F670E8019270C0013032117C213601465
:10F45000C9470200427F370F70F03CF139230300A7
:10F460006F030500C22F370F70F04823C2127FF3DD
:10F47000DBFF3C09C214820F3C9382DF3C053B60FA
:10F48000FFFF3C0282AFA00482046D00DB0102F2A8
:10F4900000906D00240282D2BC29CC22C802C8147C
:10F4A000992538006D00B81E820200906D00170289
:10F4B00082D2BC29CC22C802C814992538006D001C
:10F4C000191F82020090404F025F02686D00070220
:10F4D00082D2A802A003BD022700392203007625AC
:10F4E0003B70FFFFA80F3C1F99220800D42239224D
:10F4F0000200DF1205003B60FFFF3C06B922260038
:10F500003F2F068082BFA80FA0033C0D9923340033
:10F51000538F21F0DF1807801032392203006F0269
:10F52000EC7F1033403200902008D9A40400024937
:10F530006DFFCBFF402FBD023B000294392B03002F
:10F540006D00CD01992C080099CD0C008F1B00B1E6
:10F55000820A80DCDF1B0480C22C822AB9F2000000
:10F56000820F370F70307F230B804833130F2143F6
:10F57000C21F6042B9230200423A3CF4D4C299252A
:10F58000380099C410008204B0256D00631E82C843
:10F59000F62C3C1002946DFF8BFFCCC0C8E599C4DB
:10F5A0001000B0256D00A61EF9A80400C9A2040031
:10F5B0000090481402A540D46D002A1C0228DF02E6
:10F5C0006080DF1B1B80D9A508003BF0D0F1895F6C
:10F5D000BEF40CD039D201008F8F00F0D9D40200D4
:10F5E0001BEAFF4F422F6D00F500370F70F0B9A2F4
:10F5F00006003AF2AB589F8F8B581FF28B08E0F44D
:10F600006ECD820F820AB9F20000370F7030921B64
:10F610007F231480B70F10F84832130F21321AAC31
:10F6200060F4603D14D4B9D502006DFFEFB8B9DFC6
:10F63000020042FA02BF3CE802946DFF2CFF9100E9
:10F6400001E5820F820AD9EE2861B9F20000370F76
:10F650007030921B7F23A0FFB70F10F84832130FB2
:10F6600021321AAC60F5603D99D40400B9D402008F
:10F670002D0E0000B9DF020042FA02BF3CE782987B
:10F680003CBC20083BF0D0F1404F0248ACA26D00DA
:10F690002601992C0800C8329922040099CD0C004B
:10F6A00082040C202CA30CA32C20D4C29925380052
:10F6B00099C41000083BB0256D00CC1D82CFDF023D
:10F6C0007380028448196DFFE6FE7B0001D5820F2E
:10F6D000820A1B8D1AD1B9F20000370F7030921CCC
:10F6E0007F231680B70F10F8483201DA0046130F57
:10F6F000213260D2603E99E50400B9E402002D0297
:10F700000000B9EF020042FA02CF3CE602846DFF2E
:10F71000CFFE820A8202B9FF0000370270301B124E
:10F7200000807FF31480B70210284CF301DA004602
:10F730001302213F603E14E4B9E502006D00781B1E
:10F74000B9EF0200028242FA3CE78F1B0081DF180A
:10F75000098040D402A4D9A504006D003B00C22951
:10F760000B9A104840D46D005B1B022FDF021480FF
:10F77000DF181380B9AF040048148F8F1F20822533
:10F78000D9A406002CA7E9A206006D00491BAB9284
:10F79000BFF23C02829FCCC0C8E599C41000B025DE
:10F7A0006D00A81D02F2009082061DFFBFFE20081A
:10F7B0008206D9A40600024F6DFF87FEBC2702F423
:10F7C00040246DFF60FFF9A20600C9A20600009068
:10F7D000D9AAC08F91300528D922ACE640AFC50325
:10F7E0003F30842FA4FFFC3EA0029F0403800090C2
:10F7F000B95F0000012410F008038F8F1F20C6326C
:10F80000D9A30080013201F68F8F00F0C9F2C08FBA
:10F81000B012C62FAC503CEA994C0800404F9944B6
:10F8200004006D00351BC82FF4C2C80F3B70FF2FBA
:10F83000BCF7B9F200008B422022AB82BF220090BD
:10F8400080428B1462F28B0220F4404C02486E31ED
:10F850008F2400F0104D404F7DDF1500C804394261
:10F860000300DF220E00DF120600C8046D00460010
:10F870003C076DFFD3FF0229DF02F97F3C1BB04F2D
:10F880003CEC9100F1FBD9FFE84C9100012540F4DC
:10F8900040C502F4D92228612D0200009120F129EF
:10F8A00040F40284E928AA6C82096D004C1B3C14C8
:10F8B00082B99120F1F9820FE9FFAA6C9100F1FB66
:10F8C000D9FFE84CD202A0F289F24801FC2EA00434
:10F8D00082046D00381B029200909120F1F939FFEB
:10F8E000AA6CA0027FF409809100F1FBD9FFE84CDB
:10F8F00001F402F6C802009099430800D432404F48
:10F9000099253800993404006D00851C0CF3EE0B2A
:10F91000C82FC8020C225E1799253800C844B025AC
:10F920001D00791C0090CC42C802C81499253800EB
:10F930001D00721CCC42C802C814992538001D0055
:10F94000D91C82B2BC4C4C486E0A0C40FF6F088038
:10F95000394201008B42A022ABB2BF220090D95F96
:10F960000C00820FA07224FFFC2F820F2C5A820FF2
:10F970006C50DF15048059540400B9420C00820613
:10F9800082378203DF021600B94F0C003706702061
:10F990007FF20F80CC44B70610F8D0FFDF1504804B
:10F9A00028533C03680428572843C2163CEE0090B5
:10F9B000CC44DF15048028523C04823F6804285F51
:10F9C00028420090404F405C406D6DFFBCFF022319
:10F9D000DF026C8080C280D4BA028B04E0F482B370
:10F9E000EE644CC1EE030CC0EE607B4000F04812A8
:10F9F0001B1F01FC82B35FF25980C8823BE0AF2538
:10FA0000B92F18003E266D00F91D82E3DF024E80FB
:10FA1000080A08188F2A00901A899120F1E960F2EB
:10FA2000D9EEAB6C30E21422D9F404003B60FF3F06
:10FA3000DF123C00C8856D005A050223DF023680C4
:10FA40000BA8104840C440D56D00701C820F0223E3
:10FA50008216DF022B80B9F20800370F7040921532
:10FA60007F240C80B70F10F84852134F2142025FD9
:10FA70006042E9260B003CF0820F8216B9F20A00C0
:10FA8000370F704092157F240C80B70F10F8486232
:10FA9000134F2142025F6042E9260B003CF01A89B5
:10FAA00060FF821F30EF280F02320090404F6DFF41
:10FAB0004AFF0228DF024B800CF108029120F12955
:10FAC000134220FFD922AB6C10220C20EE043B60C5
:10FAD000FF8F3C3C6D00901D8209022AB9FF08008F
:10FAE000370970207FF217804852B70910F8134F7A
:10FAF0002132603539520B00DF120B80C834538F2E
:10FB0000212002A48215014200466DFF2AFFC2197E
:10FB10003CE68209B9FF0A00370970207FF217809E
:10FB20004862B70910F8134F2132603539520B0083
:10FB3000DF120B80C844538F212002A482050142AA
:10FB400000466DFF0EFFC2193CE6028200902020A5
:10FB5000404F6DFFF8FE0228F62E0CF108029120AE
:10FB6000F129134220FFD922AB6C10220C20EE0B9E
:10FB70003B60FF8F820C07CC00F08B0800F4AA8852
:10FB80001D00B400C8827B0001D5820A1929140027
:10FB9000820C1B8D1AD1821EB9FF0800370A702013
:10FBA0007FF296804852B70A10F8134F2132603D19
:10FBB00039D20B00DF1289804832138F2132820F35
:10FBC000603CB9C20C007623B9DF080099CE100062
:10FBD000D0EE0CC6BF2F05800CE5DF3F76806D00B0
:10FBE0000B1D4CD1022B5AF2370F70F0B9C20A002C
:10FBF0007F2F068039E20500DF321B80C882C8747F
:10FC0000821440C539251A00D9D60800D9A70400A6
:10FC10006D00B501B9C30C00DF0328008CD4C21FEE
:10FC2000370F70F03F3F0380820FACD43C1E39C2C7
:10FC30000600DF124A80B9C208003F2F4680C88202
:10FC4000C874820440C539251A00A006D9A704004B
:10FC50006D009501D9A40400D9D50C0039C4050064
:10FC60006D01CA17DF02310039C20500C882E9A25E
:10FC70000C0039C204004C21E9A20D0054C260D22C
:10FC8000D9A41800D9A504003B80004059A2100057
:10FC900059AB14002D02000060F20804D9A40C0036
:10FCA00040D52D0200005805DF021B80E9EE05005B
:10FCB00060D26CD1D9D40C00D9A518003B8000408B
:10FCC0002D020000821CC21A1DFF68FFDF09557F4C
:10FCD0000805609F82142D0F00001DFF4EFF822F2C
:10FCE0002CE58298DF09F6FF028200901A56764AC8
:10FCF0000B65802046058F750051425606D61306C7
:10FD000021F28FFF0F210090015403D6404C405F39
:10FD1000820F1BF5FF9F7DDF0D00D4C2D422B9F303
:10FD20000400B9F20600B92426007F431D803C037D
:10FD30008202009019243400138321546052B923A5
:10FD400000007F32118019230C001302214360420E
:10FD500014228B42A122F627B9220200082606327D
:10FD60007F62048082B200900808C2F602840815FF
:10FD70008FF60F616DFFBCFF76877FF206808F7F65
:10FD8000C0317F3206800BF2B0F18FFF0F21D9FF17
:10FD900008003F29E9FF022F3CBF8F3500F0405F8C
:10FDA00016FFDF0430008042015403E6404D1B8201
:10FDB00000907DEF2600C81C0828609440C50B8F7A
:10FDC00010486DFFA3FFDF022780DF08240099D2CF
:10FDD0000800D422B9C20400D9FF08001923340056
:10FDE00013822143B9C20600604219230C0013029A
:10FDF0002143604214228FD20F21F62C3CDB820279
:10FE0000009099550400D9440800082402F51DFF0C
:10FE10007DFF82B200908F7600B18FD61F8002598D
:10FE2000026A404C027C405F8FD51FF0AB18008BFC
:10FE3000DF0432808F75009182028B890051DF09C7
:10FE4000268040549100012510C50284D9222861E2
:10FE50002D0200003C6C42F38FF30F3101C30046CA
:10FE60008B090061144401F200260F6420608FF6B4
:10FE70000F413424C213FF83098001C300361433B9
:10FE80000F53003042343424C2128FF20F313F83BB
:10FE9000E4FF3C4D1BF6FFDF8FFD0F616DFF28FF78
:10FEA0008F720021DF02148010CC82039AF88FF346
:10FEB0000F217F823D8001C3002652228FF20F2145
:10FEC000142401F20026C21334243CF2422A8B9AF5
:10FED00080A2F6A910CC8B0200310CC00F3F20305D
:10FEE00028033C2546098F79009142D906D982041E
:10FEF00042F98B8200618FF40F317F8319805A3968
:10FF00008FFF0F3101C300368B0200F1143501F46D
:10FF100000260FF520F016FF2C2076373933FFFF2F
:10FF20000F63003042F33423C2143CE6DF0B26009B
:10FF30009AF816FF10F2DAFF14220FBF00F00FF24A
:10FF4000E0F02C208F9C0F71DF171880C2FB82130A
:10FF50000FB300308FF30F310F3F80205F320E80E0
:10FF6000C62F2C20B9AF0000C2FF370F70F010FF72
:10FF70000CF08FFFE7F1280F009080528073BA02D7
:10FF800080428B03E0F48B02E0F4205882B2DF0F52
:10FF9000268280638B140092BA038B1400F4DF0F67
:10FFA0001E82404E39440200407D406C025B805806
:10FFB0006DFF95FC3B60FF2FBD02110240E46DFF19
:10FFC000B4FC6082B9230C00DF03D001CC2599E298
:10FFD0000800C813D422B93F040019223400138F3B
:10FFE0002142B93F0600604219220C00130F214242
:10FFF0006042B92F020099220400DF091100B9C242
:02000004805129
:10000000000001F203F65E148CF02C203C04B9FFD2
:100010000000AC20B9CF00001D00A9015E1314241C
:100020003C03B92400008202370270F07F3F0E804B
:1000300001F20326C212B92500005F45F7FFBD0C8F
:100040009601ACC01D009301820940E46DFF74FC71
:100050003B50FF2FDF09C30140D202B2D20EA07382
:100060002422FC3F78006092370E70F039220200A3
:100070007F2F7A816092B70E10F8CC2199E20800A8
:10008000D422D0FFD9AC180019223400B9FF0400E3
:100090000828138F2132B9FF0600081C60328F78C0
:1000A00000A119220C0006DC130F214206D8604281
:1000B000B92F0200142DD4A27801302CDF0A480099
:1000C00082029A189100013559A2080059A20C0029
:1000D000D9A4080040C502F4D93328612D030000DB
:1000E0008F9D0F21DF12218019A20400C2F2370276
:1000F000702001C200C679C30000FF0316005F82B2
:100100000A806024D9A20800304214228FF2A7216D
:1001100034226085D9A20800305214231BFAFF2F25
:10012000D7130122342260838B8A0031D9A20800C0
:1001300030323BF00F208B0300410F42004014236C
:1001400002422632342202F8D9AC0800080DF6D853
:1001500008128BFB0FF28F7200216E533C0F0826A2
:1001600002D4C2F608158FF60F616DFFC1FD8BFB3F
:100170002FF28F720021DF0F8F800FA2A0F06E3F51
:10018000D9A21000913005484023D944A817A07582
:10019000044F243FFC5E76D70CF0DF1F318008133C
:1001A00082063C28820408238FF40FF1C2147F3F9B
:1001B000F5FF0813423F16FF8FDF1F30160701D3EC
:1001C0000036102414330C40263F2C303CED5AF3FB
:1001D00016FF8FDF1F40160701D400361024143598
:1001E000144426543434EE051B0301F08FFF0F3105
:1001F000C21608248FF60FF13F4FEBFF0CF0EE4BC9
:10020000DF022780F6AD01DC0046910001F540C514
:100210000284D9FF28612D0F00001D009C009AF870
:1002200016FFBF280C809100012501DC004640C567
:1002300002F4D92228612D02000042FC01DC00F604
:1002400010CC08020CC0A62F280F1D0084008204C9
:100250008B8200518FF40FF17F8F7D8042CF01C4DC
:1002600000268FFF0F61142301D600360F2300F004
:100270001433A63F2C309A16FF8F0C8010DF0C2011
:100280008B0500310F3F2030023F0803A63F280FA7
:10029000C2143CE1DF022A8082031BF8FF4FDF0A11
:1002A000148001DC002682021BF8FF3F8FF20FF161
:1002B0007F8F51805AF316FF10CF0CF0012200F609
:1002C000C212280F3CF48FF30FF17F8F44805AF451
:1002D0000BC3002016FF01D200F610C20CF014224E
:1002E000C213A62F280F3CF00CF212238B938032FE
:1002F000F63A0CC001DC00F60F2F00200CF0A6F23D
:1003000028023C2892F30CF18205460F1607423F63
:1003100006DF42FC8B8200618FF50FF17F8F1B801F
:100320005AFC16FF01C5002610D3142314340F23E2
:100330000030A64334336E0CC2FF10DF0C208B0656
:10034000004108030F4F2040024FA63F280FC2155F
:100350003CE4580019A30400C21E423F16FF780077
:100360001DFF83FE82020090820F6083910001C511
:10037000CC358208D9CC286180F2138F2092820F6D
:100380006093370F702039330200921A7F325FFE7C
:100390006092B70F10F8CC2199E20800D422D0FF68
:1003A000D9A41800B9FF040019223400138F213298
:1003B000B9FF0600603219220C006082130F21423F
:1003C0003024604FB9FF0200C81502F4428F8FFF3E
:1003D0000F812D0C000002AF3CD400908052806F42
:1003E0008B02003280428B0FE0348B02E0342048D5
:1003F00082B2DF037B800248394402008069405F9B
:10040000404C6DFF6CFA3B60FF2FBD026F0099C23C
:100410000800C85FD9AD0800D42E40D201F803F619
:10042000D202A07389224801FC3E820F8208082371
:10043000370F7020921A7F322680C812B70F10280B
:100440004CED0122032601D80056B9220400609425
:100450001382213FB922060014246033392501009C
:100460004C33392602001302213F6033B93F0200AA
:1004700014377800428F8FFF0F816DFFCEFC02AFE3
:100480003CD740C46DFF51FA7B0001A5820F820862
:100490001B8A1AA10823370F702092197F322280FD
:1004A000C812B70F10284CED0122032601D80056C0
:1004B000B92204001382213FB922060060334C3375
:1004C0001302213F6032B92F02009924040060A278
:1004D00002F4428F8FFF0F812D020000029F3CDB50
:1004E00040C46DFF29FA82020090B94F04006E0AE1
:1004F0001942080082BFDF025F0019421000DF02CC
:100500005B00B94F06006E0A19420C0082BFDF0281
:10051000530019421400DF024F00994C180082BFAB
:10052000BD0C4A00D452BC2E404F2D020000022FB9
:10053000F62A39C402006DFFD2F97C273B60FFFF29
:100540003C0282BF02F23C3639C20300DF02328035
:10055000B9F904008208370870207F92138048227E
:1005600040C413882132C218603299251400B9247E
:100570000C00392505006DFF12FCDF02EE7F3C1AEE
:10058000B9F906008208370870207F92158048323A
:1005900040C413882132C218603299251400B9244E
:1005A0000C00392505006DFFFAFBDF02EE7F3C02EF
:1005B00082B2022F02F2009080438052BA038B0273
:1005C000E0F4201882B2EE5880648072BA048B0284
:1005D000E0F482B2EE51603299531400992208007F
:1005E000D422405F99350400192334004064B95285
:1005F0000400407C13822143B9520600D9A51000A3
:10060000604219230C00130221436042B928020002
:100610001427780478059932040014243925010040
:100620003926020074A86DFFF8FBDF18068039AF89
:100630001000ACA73C0C91000125D9A40E00D9A54F
:1006400010008224D92228612D020000B9F30C0089
:10065000B9A40E00820F370F70207F320C80C85271
:10066000D022C21FB92500005F45F7FFB4C2820245
:1006700000903B50FF2F00909110F1F999FF7836D0
:10068000BCF48B040642DC0F009020084045821F1A
:10069000E9A40700D9A4060002542CA61DFFEEFF12
:1006A0008202DF06A100DF140500DF34360000906F
:1006B0000C408B2F0232DF0365808B3FA232F6366F
:1006C0001B0FFFFF3FF48F803C5C8BEF0332DF0397
:1006D00059808BDF0B32DF0355808B1F03F2DF0F56
:1006E0008200BF4681800C43394302001BAFDFFF0D
:1006F0008F830030423F370F70F082328BFFA13280
:10070000DF0372807BF0FF27C2125702612F822322
:10071000AB33802200900C408BEF0232DF03348039
:100720008BFFA232DF0315808B2F0222DF022A808B
:100730008B3FA222F6261B0FFFFFFF2F54803C2188
:100740008B3F02228B7F02F2DF021B003C1C8BEFEF
:100750000332DF0317808BFFA332F6398B1F03327E
:10076000DF0315808BDF03F2EE0E3C3C8BAF6B2278
:10077000DF0239808BDF6B22F6268BDF0BF26E32C5
:10078000822200908B1520223C29BF462D803943C0
:1007900003000C421BE3DF3F8F8F00F042F337036F
:1007A000703082328B43A1F2EE1E821F0F3F00F0A9
:1007B0008F2F01318222DF0317807B0001301B0362
:1007C000023C8B152022821426F3AB248022F63BB8
:1007D000160D82326E088B552022821FAB2F80228D
:1007E0000090820200908FB50F518B1500528B3410
:1007F0000042AB058024009082B2BD059B00405FA3
:10080000404C820A820CD20882F20CF88FFA0F4117
:100810007FF4298002AF16FF02F38202BCC54CC0F0
:100820001343205F2A520623C842603D602530D220
:10083000D4246D002E08DF021380821CDF09118092
:10084000C842302DD4D29922040019291400392F1E
:1008500010004BF91142370470903C020228C21A72
:100860003CD5D20A0CF98FFB0F417FF4288002BFE0
:1008700016FF02F38202BCC54CC11343205F2A520B
:100880000623C852603D602530D2D4246D00220872
:100890002B285082AB1A80A2F69FC852302DD4D29A
:1008A000992204000C2819240C004BF411421B441B
:1008B000FF4F37047090C21B3CD60FCAA0F016FF42
:1008C0006E26820F08028FFF0F3192147F23128051
:1008D000C833C81216FF193204009022130F2232B7
:1008E000D424603359430C004C206C37024F3CEB4E
:1008F000C83491300558D955281502946D00000868
:10090000DF02188040F46D0097003C04DF02138082
:10091000820A91100548D94478906D002F08DF1A9B
:100920000A8091100548D9444AA06D0039123C0252
:10093000022802820090D94521001D0007012008ED
:1009400082B2BD0451000C40404FEE2539440100F5
:100950009120F129D92C837C01C400360C30EE257E
:100960006D00710B0CF1820410C20225821FD9A404
:100970000400D9A505002C206D006F1DDF02168034
:1009800040F439A404006D002508F62F40F46D00F2
:100990008A033C0B5E1A394401006D000612F625ED
:1009A0000814A0046D005B1140F440A5D9A6020014
:1009B000D9A704006D009303022FF62A99A704001B
:1009C00040F440A5D9A602006DFFB8A7022F40F45D
:1009D0006D00370040F46D0065041EB440F46D00F6
:1009E0006203820200900C40370F65F12C500C40DE
:1009F00039420100065F06D21660422FAC600C41FE
:100A00003942020016078F8F00F0422FAC70009021
:100A1000404F405C6D01281740F53702704091004F
:100A200001F540C4D9FF2861022F2D0F0000370FB8
:100A3000702000909110F1F9B5F47C3600902010F0
:100A400082B8BD047B00D9A50500404D6D000B01A7
:100A5000402CBD0273000CA56E709110F1E9820A62
:100A6000D9EE7C36824CD4E38FFA0F210C307FF222
:100A7000658002AF16FF8F2F00200CA540C290C4E6
:100A80007D425A00CC316025442F305FC80F483377
:100A90005FF3F8FF820B828882A90CF08FFB0F2195
:100AA0007FF24A80481202BF16FF130F2232C82776
:100AB000D9A50C006034D9A60600B9431800394402
:100AC0001C003703E2528FF40141B9421A00374546
:100AD0001E41F9AC0600E9A409003702634437342B
:100AE0009D31E9A20B00E9A30A006DFF89B0DF0286
:100AF0001380C9A40600C835C2443704704040D4EE
:100B0000D9A608008215E9A90800F9A406006D001D
:100B100089023C0EDFE20E80C83540D43BA00B407A
:100B20003B200250D9A6090082366D009D020228A2
:100B3000C21B3CB4C21A3C980282009082B2BC44F0
:100B40006D00571F820200904042910001C5912024
:100B5000F149405FD944987C40253B100240D9CCF4
:100B600028612D0C00009120F149D944877C40F583
:100B70003B100140DC0C14430C41F63A9120F1F992
:100B800039F2BA7C0B2F5021AB62BF223C123B6082
:100B9000FF2FDF130F809120F1F939F3B97C7F3FEC
:100BA00009809120F1F939F2BA7C422F16FF8202B6
:100BB0009110F1F9D9FF48460813E23FAC5000907C
:100BC0008053804F8B0320728B0F207482B2DF071B
:100BD00028009110F129D92F484682022814282292
:100BE000E8149110F1F9B5F544469120F1F9821F0E
:100BF000E9F5BA7C42659120F1F9E92F4846E254C3
:100C0000E9F6B97C820F82059212B70F10F87F4F78
:100C100007006032902F022F68053CF78202009097
:100C20009110F1F939F248468043BA128B0320F44F
:100C3000D9F24846A00F6E14992304000C229F0F8E
:100C40000480A00F3C0D403FB9430000B9F2000002
:100C5000D93320005F23F5FF6D00011D685240F27B
:100C600000909110F1F939FF484620088042D9FCE4
:100C700048461E13A002009080538B0220F28B0383
:100C800020F46EF9405FD9A506006DFF76FFDF0204
:100C9000F3FF9110F12999224446B9AF06002802CA
:100CA000902239C201000CF09023543376367F2F06
:100CB0000580C21F280F3CF800909110F1F939F916
:100CC00048462008D9FF48463B60FFFFDF195080A7
:100CD000804380548B0300228B04E02482BFDF0218
:100CE0004780082A081282AF7F2A4280406E405D0A
:100CF00080484054D9A506006DFF3FFF022FDF0258
:100D0000378048126082130A22329422603CB4C2B7
:100D100094D22CC5F9C20200D2022CC689C248095D
:100D2000E9C904006D009B1C082359C21400481235
:100D30009110F1391303224299344446B9A60600B2
:100D400060420814E92F180082028FF20F517F458C
:100D50000B800B62005001450236C2125435DF058C
:100D6000F6FFF432BCE2F4E2C213282302F2009050
:100D70009110F1C939CF48462008D9CC48463B608C
:100D8000FF2FDF1F788082B2BD04750039C90200D1
:100D900019C80400820F8FFF0FA17F9A2280130FC2
:100DA0002208B9430000C21F600FB9F200005F23A0
:100DB000F4FF8CF1404DD9A40800894FBEF4D9A5A9
:100DC00004006DFFDAFEDF0256809110F12939C46C
:100DD0000100B9A704009923444682063C1182828F
:100DE00000900B67003037037030B9D50000013335
:100DF0000226C216D424B94300005F3507008FF6DF
:100E00000FF13F4FF0FF3C1AC2F4820382067E438B
:100E100074233C1412358FF50F51C2137F450F8098
:100E20004275370570500625605201350046B042C4
:100E300030325425744574263CEE48778206C2F958
:100E40000B6A00308FF30F31C2168F5300407F932F
:100E50000D801A4860FFD9F22000A0330924480110
:100E600089F44801FC3C3CED1A4860FFE9C90200E6
:100E7000687700900248404D6D00F11B9110F1F928
:100E8000D9FF48469110F1E90229820A40FC3B90C3
:100E900038B18B1800C2D9EE40460CF28FFA0F2100
:100EA0007FF23D8002AF16FF8F5F0080C814608222
:100EB000B9D500003024B94302005F352E804C457F
:100EC00082035AF93FBF0D80394F180082136E0814
:100ED00054E33B9038F10B3980300BF35031A6C30B
:100EE000DF031B0014D3F636394403006D005B08A2
:100EF0003C07DF130680394403006D00340E99C4AB
:100F00000400608230246DFF35FF99C404006082C4
:100F100030246D004A04C21A3CC1009082B2BD0464
:100F200020009110F129392F4846D92F48463B60BF
:100F3000FF2FDE16C8120CF29F0F05803B60FF2FBB
:100F40003C0F402FB9430000B9F20000D922200025
:100F50005F23F4FF6D00831B6852820200900090B3
:100F60006D007D1B9110F1F959F2404600909110EF
:100F7000F1F939FF48463B60FF2FD9FF4846DF1F94
:100F80002E8082B2BD042B00F644C8120CF23C1B2A
:100F9000C8120CF29F0F03803CF939221800762703
:100FA000B9430000B92200005F231880D922200035
:100FB0003CF2402FB9430000B9F20000D9222000D2
:100FC0005F2305009F0FF7FF3C06E9F41800764306
:100FD0006DFFC8FF8202009082820090404C405416
:100FE000405F024F406D6DFF9BFF14C2762BDF12F6
:100FF000178039C4010040F440D502F56D00A60DFC
:101000003C0939C40100820540F440D502F66D0068
:101010002A097623828200908202009082B2009098
:10102000404F0CF04054024640656E075E1E0814A7
:1010300002656D008B0D3C0408146D0014097623C5
:10104000828200908202009082B200902008DA7FB3
:10105000E9A40600D9A6050082342CA5E9A507005D
:101060001DFFBEFF405F2008404C4065026F82B20A
:10107000FF661880910001253BF00720E9A40100DC
:10108000D9A403000264D922286134A2E9A5020090
:101090002D02000040C440F5923440A66DFFA0FF31
:1010A0000090200882B2BD0419000C40404FEE0DA4
:1010B000D9AE080089EF3FF4081440E46DFF5CA747
:1010C000F62B0CA7EEFA3C08394401006D00560ED1
:1010D00002246D008216820200908043805F8B03A1
:1010E00000228B0FE024201882BFDF02CF808063B4
:1010F000807F8B0300228B0FE02482BFDF02C6803B
:101100000C40E9A21000E9A21100E9A21200E9A234
:101110001300E9A20E00407D406C405E404F6E0D12
:10112000DF1F40001D008F00C24F8F4FC0F1370FEF
:1011300050F0EE0E0CAD1E2C0814D9A40D006D005D
:101140009D08022FDFC2F2FF6DFF0CFF3CEE08147A
:10115000D9A41000F4ACD9A51200D9A60E0040D72E
:101160006D00E9068204022FDF0269800CAEDF1FEA
:10117000548040F4D9A51000D9A61200D9A71400B4
:101180006D007401DF024780D4D639A41500D9A4BC
:101190001000D9A51200B9C500006D005C0C3C37E9
:1011A000394401006DFF42A8022F8B421F22821496
:1011B000DF0245800814D9A41000F4ACD9A51200B0
:1011C000D9A60E0040D76D00130C8204022FDF0257
:1011D00036800CAE6F0F210040F4D9A51000D9A6BF
:1011E0001200D9A714006D004101DF02148039A557
:1011F0000E00D4D639A415008F250051D9A41000B3
:10120000D9A51200B9C600006D003E07F6236DFF98
:10121000A9FE82CF3C12D9A410006DFF03FDB5A238
:101220001400BD021280D9A4100040F5D9A6140004
:101230006DFF45FD82AF7628820440F46DFF1CFEF1
:101240003C2482BF3CFAD4D599A41400B9C4000050
:10125000D9A60F000C506D00F402762840F4D9A5F1
:10126000100002F43B2007503C0839A50F007659C6
:1012700040F4D9A5100002F46DFFEAFE82EF3CDDD8
:101280008CA8ACE0820F3CD902F200909120F1F9D9
:10129000F9F462DB00909120F1F9B9F262DB009081
:1012A000202082B2BD0480000C40EE7D3944010054
:1012B0006D00C906536220909120F1D9D9DD64DB1D
:1012C00001D900F6022F08038202DF136D8002F4B9
:1012D0006D00DC0A1B490020910001E501D200C627
:1012E000D9EE286102F4D9A410006D00B60A0228D4
:1012F00076238202009039A41000FF944B8082E292
:10130000E9A2010019A2140039A311003702675C99
:1013100037359933D9A40700E9A302008F021F30A3
:10132000E9A30300D9A518008F821F30E9A30400A8
:10133000E9A20500E9A406002D0E000039A2100064
:10134000D9A30100602F8B8200316032B06F303F33
:1013500082023C0224F2FC2F01D900F62CAF0822B5
:10136000762CDF121980083440C4D9A501003BF067
:1013700000506D00EB0B3C0A0834822540C4D9A50F
:1013800001003BF000606D006E07762582883C0608
:1013900082B83C0402F46D006F0A6DFFE3FDDF08C4
:1013A000A37F3CA800909120F1F980F21B4276FBCC
:1013B0001364202F821F602F280F8C40A81F8C5091
:1013C000A82F00909120F1F980F21B4276FB136464
:1013D000202F820F602F280F283F282F285F284FAB
:1013E000009082046DFFF0FF82146DFFEDFF8224F8
:1013F0006DFFEAFF82341DFFE7FF9120F1F980F2D3
:101400001B4276FB1364202F602F080200900B65AF
:101410001088024A0274F6846D001E063C036D00BB
:10142000B60C9120F1F9022FD9FF7CDB0294F6AFC4
:101430006D0012061B42003001F3012601F201F695
:101440002C23821FE9280200A80F00906D009F0C3A
:101450001B82003001F3012601F201F62C23821FCA
:10146000E9280200A84F00900C5082B28B0FA132E5
:10147000DF033A8014688B08A132DF033580144201
:1014800082199120F1C9407F394401000F890090F1
:10149000D9CC50EBF6296D00D6051302212F01C2DD
:1014A00001268C203C096D00690C1302212F01C21A
:1014B0000126C92F002026F937097090DF09120094
:1014C00001C800C639CF302039C42020280FEE04CF
:1014D0006D00C2053C036D005A0C28128202009078
:1014E00082E20090009039AB04008B06A1328B0B96
:1014F00081358B248035024A0258026F14A982B2CA
:10150000DF035E808B0520322643DF0359800744CA
:1015100000C08B45A03226C3DF0352808B49A03226
:101520008B0700348B070035DF034A808FFC0FC127
:101530000B95003126C30BB670328282DF034080E8
:101540009120F1F9D9FF50EB01FB002682060297AA
:10155000E9233020E92920206DFF5BFF10F282048F
:1015600002950BA81068E92A3020E92820206DFF99
:1015700050FF8F48003082120FB2002042F376CB2A
:1015800001F30126028494238215A632B4226D0051
:10159000B5113C081B03043001F301269423A63245
:1015A000B422130921BB0294821501FB01F68802C3
:1015B000D71201FFA80F6D00A11182020090144AFA
:1015C00082B2DF1A4D80BA058B1400F46E488B0787
:1015D00061F28B0661F46E43394B01000B67108892
:1015E00002B4405C6D00CA0B8B0200320B98703263
:1015F000022F8282DF0334809120F1F9D9FF50EB72
:1016000001F90026D216821402F5E9232020E92AE6
:1016100030206DFFFEFE01F80026D214821602F77C
:10162000E92A3020E92F20206DFFF3FE02B4820565
:1016300040C46D00DC0ADF021380130F21F81B0F7A
:1016400004F050F28C20D71F01F91B09049001F916
:1016500001F6AC208CF0D71F0188A8080090404FFD
:101660000CF040545E1408141D00DD0A82B2009094
:101670009120F159D9527CDB9120F1F90248D9FF30
:1016800050EBB92408008202820F40F68B180062EA
:1016900082F3A0F301F201461B020150AC4001F5B8
:1016A00001461B020250AC4001F501461B020350EB
:1016B000AC4001F501461B020450AC4001F5014667
:1016C000B9450000765B01F200760267397530207B
:1016D0008B05E0747673AC40820401620046C2124E
:1016E000E9433020E9432020FD30D67F820FF95FA7
:1016F0007CDBAC21AC22AC23F9240800820F8FFFE5
:101700000F418205C21F6D00F910DF4FFAFFDF188D
:1017100004801D002C160090130421459120F1F93E
:10172000D9FF50EB01F4012682128C200F620020B9
:10173000262F370F70F082E26E0C01F600F682124F
:1017400039FF30202A2F2C4039FF202082022C50D4
:101750000090804F9110F1F98202B5F45046CAB260
:10176000009082B2BD0420009110F1F999FF50461B
:101770003B60FF2FBD0F18000802820F8FFF0F3153
:101780007F230F80C8131032C21F14235F43F8FF5A
:10179000820FE94404002C462C4582023C043B6045
:1017A000FF2F00900090BD0423009110F1C919CFC4
:1017B00050466E1F821F2C44820F2C462C458204FB
:1017C000404F6DFF57FF82046D00250882146D00A5
:1017D000220882246D001F0882346D001C0899C203
:1017E000504699220800BC28C874DC0282B20090DE
:1017F0003B60FF2F0090820200907C4382B20090F9
:10180000405F6DFF0FFABD02FB7F0C248202280FA0
:1018100000907C4382B20090405F6DFF03FABD02EE
:10182000FB7F0C258202280F00909110F1F999FF9F
:101830005046BCF4C84FBCF2DC0F820200908062BC
:101840008055BA0280438B05E0F48B03E0F482B24A
:101850006E0200909110F1399933504660329933FD
:101860000C00024640543924040039250500406F1D
:101870002D030000DF220580280F82020090DA315C
:10188000DF32FC7FDA7FDF12F9FFDA333CF6200823
:10189000404F405C024F14458204D9A40600D9A5EC
:1018A00007006D00DA15DF021480C8159110057865
:1018B00002F40805D9A4060040C6D97758C16D00C6
:1018C0005A02F626C824080440C56D00830700901C
:1018D0002008404F405C024F14458214D9A40600F2
:1018E000D9A507006D00B915F629C81502F4080539
:1018F000D9A4060040C66D0000080090024882147A
:10190000404F405C6DFFB6FEC814C825080408C5EA
:1019100008D66DFF57F9022FF62540C46DFF1BFF57
:10192000022F02846DFFB4FC02F2009020080C51DB
:101930003B300120DF2421808B0F06328B2FE034D7
:101940003B200120DF0319009110F1F999FF544663
:101950008202E9A20700BCF602F4D9A507002D0F08
:10196000000039A307003B200220DF13060002F429
:101970006D001115820200909110F1F9B5F45446F2
:1019800000907B600880A0021BB8CF849F04088071
:1019900082067B00F07F494640080090012510F048
:1019A0000809DA80A07F54420F9F80503702E13B44
:1019B0008B05205206125F350300C682744206FF73
:1019C000FCF382007B00F01F49404008B0123CDF6E
:1019D00020300248404C6D000415D9AF100040F291
:1019E000022FD9A40500D202A03389224801FC3E6F
:1019F00040F5D9A61100D9A712006D00E4143BF000
:101A0000072039A30500E9A20700E9A80600064F50
:101A1000DF031880910001F5D9A40A00D9A51200AE
:101A20008264D9FF28612CA92D0F000040C4D9A5DC
:101A300006003B800040D9A6080082351DFFF2FA5F
:101A400039A9110082631B1900404B341142C2298D
:101A5000910001D51B1400A08FFA0FA18FF90F91EF
:101A60008FFF0FB18208D9DD28618FF80F317FA376
:101A70001F8001F80256015801568B6920F342B3CA
:101A8000D9A40A0002F4E9A309002D0D000040C406
:101A9000D9A506009224D9A6080082456DFFC2FA96
:101AA000C218F6265AF98FFF0F913CE0820200908F
:101AB0008072820F203880632CAD8B0220F28B0362
:101AC00020F482B2DF0F2801B96200000C70BF223F
:101AD00013808B0F01228BEFE324762D39720100E6
:101AE00037024830CE348213E9A30D008FF207216C
:101AF000E97201008B7F0222407F406C405D404EC6
:101B0000DF0260808B8FA222DF0222808B1F0122E6
:101B1000DF023E808B2FA122F62C8B0F01F2DF0F0C
:101B2000DB004054406540766D00B6171D00D600BE
:101B30008B2F0222DF0233808B3F02F2DF0FCC00BB
:101B4000406440756D0023191D00C8008BDF03221F
:101B5000DF0232808BEFA322DF0211808BEF0222A3
:101B6000DF0224808B1F03F2DF0FB600D9A20D0025
:101B7000F4A26DFFFFA81D00B1008BEF0322DF026E
:101B800028808BDF0BF2EE2A1D00A600B96400004E
:101B900040756DFFCDFE1D00A100405440654076AC
:101BA0006D00A3171D009A00406440756D00741A03
:101BB0001D009400406440756D00EE1A1D008E00FB
:101BC0004054406540766D0069191D0087004064EF
:101BD00040756D004D1A1D0081006DFF5EFB022FE8
:101BE0006D00EF138203E9A30D00B9C30000DF020B
:101BF00015803B300120DF1371808272B4C2FF7FF9
:101C000005803B4001203C69A004A005A006D9F74F
:101C100001006D00D8133C5D3B300120DF335E8056
:101C20008272B4C2BF7FEFFF80AFA0041B7F018030
:101C3000608260858202C50320002422FC3F0819CF
:101C40006D00B614A004D9A51800D9A60E00D9A716
:101C50001A006D00B8130CAEE9AF19006D00C11386
:101C60000CAEE9A20F0037291C22C23F2812061928
:101C70003FF90580822F2CAD3C2C80A2D9A50F0006
:101C80001B8203F060F27B700B201BE24C20892248
:101C900018F540248214802F6DFF75FE39A40E00C4
:101CA00060F4D9A51800C2246DFF6DFE580460933E
:101CB0008F0F1F202822284F8F8F1F201A9860F225
:101CC00028320C20D9A218003032285F0C20286F4F
:101CD00082023C03828200900CAD9E2CDF021180B8
:101CE000EE1A0CF040E41B0F04F0280F40D5B9C4E5
:101CF000000040F66DFF74F9AB72BF22009040E423
:101D000040D5080402256DFFA3F982DFAB7FBF2217
:101D100000908202009082B2FF540E809120F1F96F
:101D2000D9FF901B01F402F6820F08228B120022C9
:101D3000AB6F9F2200909120F1F9D9FF878C01F4BD
:101D400000F682020CF09110F1F9D9FF5C5601F413
:101D500002F68FF20F317FF30C80480313422243C7
:101D6000C212604239231500DF03F5FF3C02A002D6
:101D700000909110F1298B44A0F2B52748568B456D
:101D800080F5404C024A0259405F406482B8DF0F40
:101D9000D080B95F2000DF0FCC004C59DF0FC900A5
:101DA0009120F129D922901B8F2400B0012B0036FD
:101DB000402D0C3282C8DF1FBC0014543B60FF8FE3
:101DC000DF04B70039521000DF02B3004C514B4F13
:101DD0001142DF04AE004C554B2F1122DF02A90047
:101DE0004C52DF0FA6004C56DF0FA300029440C5F3
:101DF0006D00060C0228DF029C809110F139D93366
:101E00004C56013B00364835487474359110F13911
:101E1000D9335C56013B00360CF074349120F13913
:101E2000D933838C013A003682072C309120F13966
:101E3000D933878C013A003639FF1000820C2C30E0
:101E40003B0000017B10001008028FF70FF17F2F7D
:101E50002180027F16FF02F6134F22F560F24CF14B
:101E60004B2F11224CF2E92C150037027030B702CB
:101E70001028B42303620A6F592604007F03588098
:101E800008024CF1C2174B2F11227F1251803CDD0A
:101E9000820682013B0000717B10000039F21000C5
:101EA0008FF60FF17F2F2280026F16FF02F5134F7E
:101EB00022F460F24CF54B2F11224CF6E92115006B
:101EC00037027030B7021028B42303520A5F592535
:101ED00004007F732D8039F210004CF5C2164B2F91
:101EE00011227F0225803CDB01DB0026821F2C2291
:101EF0008CC09110F149AC209120F129D922BF7CEE
:101F0000012A0026D944584634299120F129014953
:101F10000346D922BB7CC895012900260149024607
:101F2000B9F42000342A6D00281A3C0282B80282DB
:101F30000090406E024F404C405D80786DFFEDFE9A
:101F4000DF022F809120F1F9D9FF878C10FF9110CB
:101F5000F129D9225C560804902282038FF30FF1F5
:101F60007F4F1D804C201343225FC213605F39FFF7
:101F70001500DF2FF5FF8CF46082ACC08CF5ACD07F
:101F80004CF16C20D4A2B9FF1000AC20820FE9FF05
:101F9000150039FF16002CE0009082E2009082824A
:101FA0000090024F404C6DFFB8FE8283DF024980F3
:101FB0009120F1F9D9FF838C10FF9110F129D922DA
:101FC0004C56080690223B60FF3F82078FF20F417C
:101FD0007F641480542413422254605F39F4150046
:101FE000764AB9C50000B9F40A005F450580E9F7F3
:101FF00015008203C2123CEB9120F1F9D9FF878CC6
:1020000010FF9110F129D9225C5608059022820216
:1020100082068FF20FF17F5F14804C201342224F13
:10202000604F39FF15006E0AB9C40000B9FF0800FF
:102030005FF40580E9F615008203C2123CEB023220
:1020400000909120F1F980F260421BF29FFC102F6A
:10205000080200909120F1F980F260421BB29FFCCF
:10206000102F080200904045FF440C809110F14968
:10207000D944584601440346014402461D008519CF
:1020800082B200902020024F025A404D405C406EC8
:1020900002688289BD06E5006DFF3FFE0229DF026E
:1020A000DD80FF980A808B8800428B0A00448B0AEF
:1020B0000062DF045B009120F1F9D9FF838C10FFEF
:1020C0009110F129D9224C560803902282028FF2F6
:1020D0000FF17F3F49804C201342224FC212604FC4
:1020E00039FF1500EEF5B9F200003F82B98039C220
:1020F00001008BF22722F622821F94D2E9AF14004E
:102100008CC0F9A21000ACA98FF20F2116FF5FF26C
:102110000400821F3C02820FD9A41000D9A5080038
:10212000E9AF15006D00BF195802C814683F8CD084
:1021300091000125A84F8CC040E5A85F820FA89FA1
:10214000E9FF1400E9FF1800E9FF1900A888E9FA7F
:1021500020000284D9222861822F2D020000E9FF8D
:1021600015003C7E82A93C7C39C5010094C29100D7
:1021700001F59120F1C994D3D9FF2861D9CCBF7C56
:102180008BF52752DF062F00F6528214F9A20A00BF
:10219000F9A30800E9A40C008FF30F318FF20F218F
:1021A0005F23040082123C028202D9A40800D9A550
:1021B0000400E9A20D006D0076198FF80F211B12A3
:1021C0000030E9A310008213E9A3110019A3040051
:1021D000E9A2180059A31400D9A4190040E502840B
:1021E0003C32F6558214E9A40C003C03E9A60C002D
:1021F000F9A20A00F9A308008FF20F218FF30F3123
:102200005F23040082123C028202D9A40800D9A5EF
:102210000400E9A20D006D00461919A40400821201
:1022200059A414001BF8FF4F1B0AFFAF370470407E
:10223000E9A81000E9A21100E9AA1800D9A4190020
:10224000D9E501002D0F000010CFD9A4100008041B
:102250006DFF0BFF02293C0482893C0282B9029285
:102260000090404F9120F149D944901B014402460F
:10227000405640F51DFF08FF2020820F7801ACA4D6
:10228000820F2C40024B404C6DFF47FD9120F1E93D
:102290000228D9EE878CDF0282809120F1D9D9DD26
:1022A000BF7C01DB00F6D9A4100008046D00CA0A47
:1022B000DF02778019A41400D9A404006D00B718B8
:1022C000DF021C803C6F8B1A00A2DF1A9C8039A9A8
:1022D000180001EB00268F090FF18B0F0232142238
:1022E000DF03B9808B1FA232DF039680DF0FBC00B3
:1022F0008B0F01F2DF0FE3803B60FF8F9110F1C97C
:102300009120F1D9D9CC5C56D9DDBF7C01CB02C676
:1023100001DB00D6820A01EB00F68FFA0F210CF0E8
:102320007FF2348254C202AF16FF134F2232603F55
:1023300039F31500DF13318039F21800DF022D80E8
:102340008CF5D9A40A00ACA58CF4E9A20E00ACA6C9
:102350000CF808A4D9A514000B4F00412B324024DF
:10236000E9A20F006D009F18823F8202E9AF1000C2
:102370008219DA3014D4D9A41000E9A91100E9AF08
:102380001800E9A21900E9A21A006DFF6EFE0228EA
:10239000F623E9F91800C21A3CBF82883CB082E8F3
:1023A0003CAE39A5040039A606009120F1298F2BF7
:1023B0000040D922901B604F5F65280030F20C204E
:1023C0007E66392201000CA75FF2CB019110F12942
:1023D00001DB00D69922485614D4D9A40300D9A50C
:1023E0000A002D020000022FF62D39AA0300DF0A91
:1023F0006CFF39A40A00D9A410006DFF36FEABCFE4
:102400009FF202F81DFF7CFF30F20C202CA42CA6BA
:102410001D00A7018B0F0E32DF0314818B0F0F22DB
:10242000DF02DE808B0F03F2DF0F687F9120F1293E
:10243000D922838C012B002639A51900142691106E
:10244000F129D9224C56B9A30400820F30F21D00A5
:10245000BB009110F129D9225C56B9A30400820F68
:1024600030F23C6E39AF1000C2FF3F9F47FF39AFDB
:10247000190007FF06F3A6AFDF0F407F02B46DFF20
:102480005CFC402FBD023C7F370970F0B922000090
:102490003FF21280C9A20400AC28F9220800C9A2A8
:1024A000060099240400F9220A00D9A51900029413
:1024B0001D00BA0082A81D004F0139AF10008B8F9C
:1024C00020F2DF0F1BFF39AF1A0007FF06F3A6AF9C
:1024D000DF0F147F02B46DFF30FC8FF9009139AF2C
:1024E00019008F89009042F9402FBD02097FB92F52
:1024F00000003F9FE1FF8CA299240400AC248CA330
:10250000F9291000AC2591000125826FD9A51A0088
:102510008264D92228612D020000A89F820FE9FF62
:102520001400E9FF1800821F1D0086005424134F79
:102530002254605F39F41500DF140900C21F8FFFB9
:102540000F413F24F5FF1DFFDBFE39F41800DF14B7
:10255000F7FFB9F408005F34F3FF39F21400820F7B
:102560008BF20032F6339A1216FF8FF900915FF961
:10257000EE80B9F21200B9F31000C814A223602251
:102580008FF30F518B734092AB758099302491007B
:1025900001250294D9A51900D92228612D02000035
:1025A0008894E9FF1400429437047040A8941D00F9
:1025B000C7005422134F2242604F39F21500DF1238
:1025C0000900C21F8FFF0F213F62F5FF1DFF98FE1C
:1025D000B9F40A005F34F7FF1D00C600DF1A8EFE53
:1025E0008FF90091DF198AFE02B46DFFA6FB402F20
:1025F000BD02867E39A41000B9220000370470F0B5
:102600003FF25AFF82A2E9A21800C9A2040099244D
:102610000400F9220800C9A20600AC28F9220A0029
:10262000D9A5180091000125D92228612D020000AA
:10263000A89F822FE9FF1500E9FA16001D008C0003
:102640008FF90091769A9110F129D9225C56B9A39D
:102650000400820F30F23C3B39AF10008B8F20F228
:10266000DF0F4CFE39AF1A0007FF06F3A6AFDF0FEE
:10267000457E02B46DFF61FB402FBD02417E39AF44
:102680001900B92200003FF217FFC9A204009924E3
:102690000400F9220800C9A20600AC28F9220A00A9
:1026A00091000125826FD9A51A008264D922286180
:1026B0002D020000A89F821FE9F91400E9FF150010
:1026C000E9FA1600E9FF18003C46C21F8FFF0F41D0
:1026D0007F2416FE5424134F2254605F39F41500F2
:1026E000DF14F5FFB9F408005F34F1FF39FF14007F
:1026F00082128BFF0032F634C21F8FFF0F215F2939
:102700002680B9FF1200B9F21000C812A2F28FF2AF
:102710000F318B7240A2AB7380AA10249100012567
:1027200002A4D9A51900D92228612D02000088949D
:10273000E9F9140042A437047040A894B9FF1000CE
:102740007E4A822FE9FF15003C06820FE9FF150043
:102750003B60FF8F39FF15002CC01DFFD1FD820AA1
:102760001DFFB7FD8FF90091F694E9F218003C09BE
:10277000822FDF190500DF290580823FE9FF18005D
:10278000E9F519001DFFBCFD02820090201082B205
:10279000FF441F809110F1F980F3024F1B835126F3
:1027A00013C420328208603F40F440A56D00121629
:1027B000F62A02F440A46D007708F62940F46D0073
:1027C0001E163CF3DF1804008202009082E20090A3
:1027D000804382BF8B0320528B446054DF05190075
:1027E0004054603F02486D009A08022FDF021180BA
:1027F000B9F40000764DC815BC5B9110F149D9447D
:102800006C5601480346014802466D00B61502F2B7
:10281000009082B2FF4415809110F149D9446C5662
:102820000144034601440246024F6D00FB1502F4C9
:102830008215820682F76D00FD08AB82BF220090F0
:102840008B2560F28B4460F482B26E056D00F20855
:10285000AB82BF2200904045FF440C809110F149AB
:10286000D9446C5601440346014402461D00B2158A
:1028700082B200909110F149D9446C56014403464C
:10288000014402461D00BB15201082B2FF44228085
:102890009110F1F980F302481BC3562613C420326D
:1028A000820F8209603F028440A46D009408F629DB
:1028B00040F440A56D0069158219AB1FA0F23CF4ED
:1028C00082E2DF1907808B1F20228203ABA39F22A5
:1028D000009082B2FF2410809110F1F980F21B82E7
:1028E0005AF613C4202F820F602F08228B12002269
:1028F000AB6F9F220090A65482B2DF0478809110C3
:10290000F1D9D9DC68660CC282C2DF1F700039546D
:1029100008003B60FF2FDF046A00B95F00006E66AD
:1029200019530C004B431142DF046100195304009A
:10293000DF035D0019541000F64200903BC00021F7
:102940007F2F3C809120F1F9F9FFA01B195514004D
:102950009110F1F959F360669110F1F959F5646637
:102960008204820002267B1000703C093952080064
:102970004C53C2144B2F11227F72208013C421F5B7
:102980008FF40F2160FF0C587FF21A80280F4C53F0
:1029900039520800195110004B2F1122024F16FF17
:1029A00037027030B7021028A81303F20A21E9F0A9
:1029B000100068123F63DCFF82B20090404F820437
:1029C00040646D00C108DF0212800CF12CC10CF0D4
:1029D0009120F1F9E9DF6866E9F28C8C821F912081
:1029E000F1F92CC2E9F28B8C00900090406E024FFE
:1029F000404C405D80786DFF6EFFDF022A809110B1
:102A0000F1F9D9FF646690FF820FC802142353CFF7
:102A10002140012400F68FFF0F417F34188039F4E4
:102A20001000C21FDF24F5FF8CF46082ACC08CF56F
:102A3000ACD04864B9FF14007424D4A2AC20820F37
:102A4000E9FF10000CFC2CE0009082E200908282F2
:102A500000902008024F404F405D406C02586DFFCF
:102A60003AFF8283DF0270800805081B9120F1F98C
:102A7000D9FFA01B50FF1BC800A0B9F30000370A04
:102A800070A014D60BA330418B08E04439D201006A
:102A900082B3DF0459803B60FF3FBD0C55009110AD
:102AA000F1D980D4C2121B845A3613CF20431306A7
:102AB00028223B70FF3F604D37027020B9D90400D7
:102AC0005F2942809110F1F9D9FF606690FF822260
:102AD00034A2C80482D2E9A201003B100028F9A266
:102AE000020040A51B480020C21B130528BB59A2A9
:102AF00004006D005116370B70B0C8048F8B1F2077
:102B000091000125E94208008F891F20E9420A004F
:102B1000E94B0900E9490B0040C5D9440C00028487
:102B2000D92228612D0200009120F129D9228C8C14
:102B30001022C80499D50800142402A56D00F008DD
:102B4000AB82BF3202320090404F9110F149D9441C
:102B500068660144034601440246405640F51DFFA5
:102B60007AFF394801001442C21813022888024F24
:102B70006DFFB1FE370870808283DF02368053CF4D
:102B800020409110F1F9D9FF686601F400263B60FE
:102B9000FF3FB92204005F8228809110F129D922D9
:102BA000646690228202D4228206142353C22150EA
:102BB000012500368FF20F517F350680E93610006F
:102BC000C2123CF501F400F69120F129D9228C8C37
:102BD0001022C8241424820F6D002509A82F820F0B
:102BE000AB72BF32682F02320090024F0258404F42
:102BF0006DFF71FEDF0216809110F1298023912074
:102C0000F1391B835A2613CF2032D9338C8C1033E1
:102C10006032143499250800028540F41D00FD0A35
:102C20000090024F404F6DFF56FE0228DF021580D4
:102C30009110F12980239120F1391B835A2613CF5B
:102C40002032D9338C8C103360321434992408002C
:102C50006DFFAE9E2802028200902098024F404CE9
:102C60006D00AF0B9110F1F980F49120F1291B84D4
:102C70005A3613CF2043D92D8C8C604F0818080387
:102C8000C218130328888223E9A3040082D3E9A38E
:102C9000050037087080D9AF1010DF022D8040F298
:102CA0008202C5032C002422FC3F3B10002FD9A533
:102CB0000400F9A2060040F43B50022059A208008B
:102CC0006D006A15D9A41600F9A80E006D009E00CB
:102CD000A004A005A006D9A710006D00740BD9A40C
:102CE0001810D9A50E006D00941510D23BD00250DB
:102CF00014243C3CD9A60300D9A73100A004D9A5CF
:102D00002F006D00600B40F2D202A083892248019F
:102D1000FC3E39A903003B90002FF9A2060040F4C5
:102D20001B390220D9A5040059A208006D003415F2
:102D300039A20300D9A51000A004E9A23000F9A827
:102D40000E006D00350C6D004C0BD9A41100E9A2EA
:102D50002E006D005B00D9A41810D9A50E006D00DF
:102D60006D1510D21BB90250142440F440C56D00FB
:102D70000208AB72BF2200909120F1F980F260420C
:102D80001BC2A0FC102F080200909120F1F980F2E4
:102D900060421BB2A0FC102F080200909110F1F9C4
:102DA000B5F45C660090200882B2DF042C8091208C
:102DB000F1F939FF918C91300528D922EC66502227
:102DC000D9A40400B92400006D00F5CC0CA4912016
:102DD000F139D9338D8C82825E1839F3918C0133AD
:102DE00000261423AB02802339F3918C9120F12922
:102DF000013300F6280F9A1316FF5E42820FE92F67
:102E0000918C0090820200901D007DB76D0022A67B
:102E10008B0220F28BB23FF4AA8200906D001DA6B7
:102E20008B0220F28BB23FF4AA8200901DFFEE9C31
:102E30009100F1FB80F354421BC3B3FC1382213F8A
:102E40003B60FF2F603FC82CBD0C21004839405D1E
:102E500037096891820FD94E0C008FFF0F817F9840
:102E6000148090CFC80F0832F62DC82FC804BC4A72
:102E7000B06440E53B0002406D00BEFEF62334D84E
:102E80000090C21F3CEB3B60FF2F00904C40202085
:102E9000BF8F0480A0020090538F21909100F1DB3E
:102EA000D9DDBCCC404C01D9004619420800762738
:102EB00001D900D6CCD2BD0F3A803CED8F8F008077
:102EC000B7F8014B6D00089CDF02E6FF40A2D2027A
:102ED000A03389224801FC3E8252538F25F059A22B
:102EE0001C009110F1597B000420C222D955B41660
:102EF000A682105574A240A4823259A204006D002B
:102F0000399ADF02C9FF9110F1597B000430D9557D
:102F10007466C2131055A63840A474A859A20400C0
:102F20006D00289ADF02B8FF3CC440C440A56DFF85
:102F300081FFA002F6260CA090FFC80FC82FC80280
:102F400000902018DF044800404D4DC0E18F8F24D1
:102F500000F0104E404C8209821A7DEC2500D4C24C
:102F6000CC22C813743939220300DF021B80C80F3A
:102F7000BD0F1600C8E3343AE93801000822DF1219
:102F80001180992208009924100082046D00909805
:102F9000762300A03C00C8EF28223C0300A03C00A0
:102FA000B04C3CDC02F5538821F09100F1FB8F8896
:102FB0000090D9FFBCCCB7F9014B10F540D46D009F
:102FC0003E9B7B000440C214A694824540F440A579
:102FD0006D00359B009054482018024A02598282A5
:102FE000FF883E80D9A503006DFF24FF022F828257
:102FF000EE362CA8ACA77804ACAA538825F0911023
:10300000F149D944B41639A20300910001F51044E6
:10301000D9A508003B000140D9FFE451E9A209000D
:10302000F9AA0A00F9A90C002D0F0000DF02188090
:103030009110F1F9D9FF7466910001C510FFD9CC48
:10304000D07140F4D9A508003B000140D9A6040086
:103050002D0C0000DF02F7FFC9A2140000904C40C5
:1030600020180B541088FF8F4080D9AF080040F221
:10307000D2028922480189224801D9A503006DFFA7
:10308000D9FEDF023280538F25F09110F149822260
:10309000D944B416E9A208009100012539A2030021
:1030A000104440F53B000140D922E451E9A2090057
:1030B000F9A90A00F9A80C002D020000DF02158012
:1030C0009110F1C9D9CC7466910001D510CCD9DD2D
:1030D000D07140C440F53B000140D9A604002D0D3D
:1030E0000000DF02F8FF0090544820180B5410A88D
:1030F000405C0269828FFF884580D9A503006DFF7F
:1031000099FEDF023F80D9AF08005388258040F246
:103110009110F149D2028922480189224801821F77
:10312000D944B4162CA8014800460CA391000125EF
:1031300040F53B000140D922E4512CA9F9AB0A002B
:10314000F9AA0C00F9A90E00B5AC10002D02000080
:10315000022FDF0217809110F1C9D9CC746691005B
:1031600001D501C800C6D9DDD07140C440F53B008F
:103170000140D9A604002D0D0000DF02F8FF8CAA43
:1031800002F20090544820180249828FFF883F8045
:10319000D9A503006DFF4EFEDF023980D9AF0800CC
:1031A0005388258040F29110F149D20289224801CA
:1031B00089224801823FD944B4162CA80148004610
:1031C0000CA39100012540F53B000140D922E451B8
:1031D0002CA9F9A90A002D020000022FDF02178096
:1031E0009110F1C9D9CC7466910001D501C800C60F
:1031F000D9DDD07140C440F53B000140D9A60400A0
:103200002D0D0000DF02F8FF8CAA02F20090404270
:1032100000900090D444405F7C486D00249791104A
:10322000F1295922B4C63C0782046D005A977623CF
:1032300000A03C000CF06E0C0CF19100F14B538F90
:103240002120D944BCCC014200469D58780F009003
:10325000404FD444405C024F7C486D00049791106D
:10326000F1295922B4C63C1C82F46E0D82041EFB67
:10327000913005281922DCA302F476254B2F114248
:10328000AB1400456D002D970228C2428F42C02129
:1032900037025020762300A03C00DF08298014C2AA
:1032A000F62382083C2482F46E058BFF3F42AB0F6D
:1032B00080440CC19100F14B538F2120D944BCCCE8
:1032C00001420046ED58800F0228DF02EC7FC8045F
:1032D0007C489110F1F919F4B4C66D00DB963C07F7
:1032E0006D001597DF02DF7F00A03C000282009096
:1032F0000C50404F6E0C0C519100F14B538F21201C
:10330000D944BCCC01420046ED588C0FC8047C4720
:103310009110F1F919F4B4C61D00BC966D00F79632
:10332000762300A03C0000900B4510888B68A0F22B
:103330008B4980F52068404F405C82B2DF0FE2800D
:1033400080438054BA038B04E0F4DF0FDB804C41F0
:103350001444EE03DF04D680B9CA0600DF048C00F3
:10336000063482056D00F785820F7801402DBD027D
:10337000C8008B392032603E370870D0821E820B25
:10338000820C5801080216FF7F2F68805801D4C2B2
:1033900016FF60F302F230321423DF1327804CF162
:1033A00001D203561302214FD9A4280060434C31A7
:1033B00019340800780A0C3059A43000E9AF2C0009
:1033C0000C30E9A33800E9AF34008C3602D4F9ABF5
:1033D0003A00F9AF3C00F9AB3E0059AC001059ACD3
:1033E00004106D00E2863C33C2E380EF8B23603231
:1033F00026F3DF0386004CF1F9AA0C001302213FEB
:1034000001D20356D9A40C006033B045193404002E
:10341000C21A59A410000C308264E9AF14004C3277
:10342000370A70A078060C30E9AE2000E9AF1C0026
:103430008C36F9A82400F9AF220014238B33003214
:10344000AB248033E9A326006DFFC4AF5801C21F2F
:103450007801DF02987F3C54134820F99120F1292C
:10346000D922928C102234229110F129D922B8C687
:103470009022F42DB9F20200DF02230013482099B4
:103480009110F159D95598E601590256820F8223BD
:103490000284D9A42800780AE9AF2C00780CE9AF9F
:1034A0003400E9A33800F9AF3A00F9A23C00F9AFC3
:1034B0003E00781078116D007886DF022280B9CF47
:1034C000040082026E1E59A21000E9A214003BF013
:1034D0007F30E9A21C00D9A40C008222D9A50800E3
:1034E000F9AA0C0059A31800E9A22000F9AF2200A4
:1034F000F9A82400E9A226006DFF6CAF7622828233
:1035000000908B4560F28B6460F4201882B26E28C4
:10351000134420559110F1F9D9FF98E601F502F610
:103520004CF0EE0382820090144482B2FF94198022
:103530004C4140457800910001250C41D9550C00C3
:10354000D9A41000D92228612CA4E9A408002D02D6
:103550000000C80440A56D003A86DF02E5FF009038
:103560008B4560228B6460242018820982B8DF02B8
:103570004100134420F59120F1D99110F1C9D9DD12
:10358000928CD9CCB8C610DD90CC404F0CD08FF9BE
:103590000F217FF22E80D4C2029F16FFD022D424A6
:1035A000BC4540A56D0011863C0899240400BD046B
:1035B0001E0040A56D0001910228DF0218800CA8B2
:1035C000280F0CA4281F5800681F6D007CB1D9F487
:1035D0000C006822910001F5D9A5100039A408005B
:1035E000D9FF28612D0F00003C04C2193CD082880D
:1035F000028200901D0067B18202009080528043D9
:103600008B0220F28B0320F48B446022262F204073
:103610000249404F405C82B2DF0F13010C508B0F08
:10362000A1F2DF0F0E810C518BEFA732DF0309816E
:103630007BA08D21538421C08F8F00F0A62F7B109B
:10364000F1E978001B8EBFE6821F94422CA42CACBB
:10365000E9AF1000370470801AEC60F5820B3B0074
:10366000F8AFF9A214000284820240A459AA08000B
:10367000F9AB1200F9AB160059A2180059A21C00B0
:1036800060FD6D009285DF02DB807BB08D311B0316
:10369000F037F9A21200F9A2160059A2180059A297
:1036A0001C001B4C002074A31A2E8213E9A30400F3
:1036B000E9A30C00E9A3100060F58803028440A48C
:1036C00059AA0800F9A314006D006F85DF02B880C5
:1036D00039C301007B00BCA10FA3A04014C3F9A211
:1036E00012000673A643F9A2160059A2180059A2A7
:1036F0001C001B8C002074A31A2E8213E9A3040063
:103700007B00FCDFE9A30C00E9A3100060F588034F
:103710001BFD7FD0028440A459AD0800F9A314001A
:103720006D004385DF028C8014C31BFA07400673CB
:10373000A643F9A21200F9A2160059A2180059A234
:103740001C001BCC002074A31A2E8213E9A30400D2
:10375000E9A30C00E9A3100060F58803028440A4EB
:1037600059AD0800F9A314006D001F85DF026880C1
:1037700014C3821F0673F9A21200F9A21400F9A261
:10378000160059A2180059A21C001B4C0120A6A328
:103790002CAC1A2E74A360F58213E9A304000284F2
:1037A0001B1DF83F40A459A30800E9AB10006D00B1
:1037B000FC84DF024580821F2CACE9AF10008CF046
:1037C0001B0C01C0ACAA1ACE821360F5E9A3040059
:1037D00002847B00FC3F40A474AA59A30800F9A20C
:1037E0001200F9A2160059A2180059A21C006D007F
:1037F000DC84DF02258099D4100082146D00EB84F4
:10380000DF021E809110F1598222D955D816E9A203
:103810001000015902568812820F028440A47800D9
:103820002CA478022CACACA9F9A21400ACAB78069D
:1038300078076D00BA84AB82BF220090828200902C
:10384000201882BFFF442E80536420909110F1C94C
:10385000404F8208D9CCB8F61A8990C2D424BD044E
:103860001D0040A56D00B184022FDF02178054A215
:1038700040F4681239A20400D9A51000281239A218
:103880000800910001F5894208003B800040D9FF03
:1038900028612D0F00003C05C218DF68DFFF828F12
:1038A00002F20090201882B2FF44278019420400DF
:1038B000404574A239420100910001F5E9A20400DB
:1038C00009524800024FE9A20800D9A41000820260
:1038D0003B800040D9FF286159A20C002D0F000049
:1038E0009110F1F9D9FFD81690FF40A5C8046D00DA
:1038F0006E84AB82BF220090FF4410809110F1F9DA
:1039000080F21B82BFF61384212F602FC844BC4570
:103910008B0500421D005F840090804F20508B0F6C
:1039200020328B446034404F82B2DF035300820266
:103930009110F1C98F2400F0E9A21400E9A21C0043
:10394000D9CCE8168212E9A22000370470A0944274
:1039500010CC82F88209F9A2240002A48202D9A420
:10396000100040C559A8100059A81800F9A9220054
:10397000F9A9260059A2280059A22C006D0015842F
:10398000DF022780D4C482146D002584DF022180E9
:103990008223E9A3200010A5881302A4D9A4100053
:1039A00059A81000E9A9140059A81800E9A91C0099
:1039B000F9A22200F9A32400F9A2260059A22800A6
:1039C00059A22C006D00F183AB82BF22009082824D
:1039D0000090804F20188B0F20228B44602482BFE0
:1039E000DF0226009110F129D922E81601240226CF
:1039F000404FD42440A56D00E883022FDF021780DA
:103A000054A240F4681239A20400D9A5100028126B
:103A100039A20800910001F5894208003B8000406E
:103A2000D9FF28612D0F00003C02828F02F2009026
:103A3000201082B2FF4424809110F1F9D9FFE816DA
:103A400001F402F68202C804BD041A00BAF78B061C
:103A500000F48214EE1040A5D9A6080074A6E9A5CA
:103A6000040059A70800E9A50C006D00B283F626F2
:103A7000C80482046D00AF8376228282009082FFA8
:103A80006C426C43820FE94F26002010822482157D
:103A90008206404F405C6D002562022F3B60FF2F85
:103AA000DFFF510014C439C201008F8401408F022E
:103AB0000120A64239C403008245A62439C202006F
:103AC00082168F8200300F34A0208F8201308F82C7
:103AD0001E80A638BB00F03F26238F8300400F488E
:103AE000A0307BF00F802682068202F40F23A08094
:103AF0006D00916240A2D2028922480189224801C8
:103B00003B00012034A23B8045438222E9A2010010
:103B10006D00941E02F440A43B000150F9A2020083
:103B200059A804006D00BF5FF62802F482156D00ED
:103B30008B60F623682F009002F46D00ED5F3B6010
:103B4000FF2F00909110F1D9D9DFFC16404C2028AE
:103B500040F402486D007C0280C28B0820F28B0288
:103B6000E0F482B9DF0FB9804CC0DF0FB6009110CE
:103B7000F1298204D9A40C0059DFFC16B52CF816E3
:103B80006D00A0BC0229DF029F8082FF681F822493
:103B9000822582066D00A6610228DFF29700821F4F
:103BA000780039A30C000CAD8F8301308F0F01F02A
:103BB000A63F39A30F008245A6F30CAE82168F8F65
:103BC00000200F23A0F08F8F01208F8F1E40A6248E
:103BD000BB00F02F26F28F8200300F34A0207BF044
:103BE0000F30263F0284068FA62F6D0014620284D8
:103BF0003BF0FF503B00026040A482476DFFE0A70E
:103C0000820540A402843B80006082476DFFD8A7F4
:103C1000D9AC180040C2D202892248018922480149
:103C20003B000120E9A218003B8045438222E9A223
:103C300019006D00031E028440C43B000150F9A22C
:103C40001A0078076D002F5FDF02278099D2FC16DB
:103C5000392404109A148FFF0F41764FD9A406001F
:103C60006D006B5B02843BF0FF503BB00061D9A458
:103C7000060082676DFFA4A79110F1C9D9CCFC168C
:103C8000681840C4D9A50C006DFFFBFEF629821F01
:103C9000E9CF25003C1C02846D003E5F3C166D00A0
:103CA00014AEFB803E600B2310483B803EF06D005D
:103CB00058FA0BF240208B03A03059C2140059C3AC
:103CC00018003C05DFB2090082893C06820F687F3C
:103CD000688FE9FF240002920090200882BFDF0471
:103CE0001D809110F1F9D9FFFC1648143B60FFFFCD
:103CF000DFF414004062DA10D9A60800B9450000CC
:103D0000896F3CF5404F8206405440256D00CE5FE0
:103D1000828F8E23A802820F02F20090200882B2C6
:103D2000DF0428809110F1C9D9CCFC1619C40C000D
:103D30003B60FF2FDFF41E0039C22600404D025FBA
:103D4000F62D8218D9A4080089483CF58265826660
:103D500082476DFF35A7E9C8260019C40C0040D47E
:103D600002F582066D0085600BF21021AB82BF2246
:103D70000090201082B2DF042F809110F1F9D9FF5A
:103D8000FC164CF13B60FF2FDFFF260040A2D20261
:103D900089224801892248013B00012034A2822265
:103DA000E9A201003B80454382F2025F404D59A2E7
:103DB00004006D00431D481440D402F5820640A55E
:103DC0003B000170F9A202006D00DE5F0BF21021D2
:103DD000AB82BF220090200882BFDF0422809110B6
:103DE000F1F9D9FFFC1639F22600820FDF02190023
:103DF000D9A40800894F3CF5483482658266824721
:103E00006DFFDEA67623828F3C0B4834A00482052A
:103E100082066D002E60DF02F8FFE9FF260002F245
:103E20000090538422209110F1F9D9FFFC1601F281
:103E30000046024F82B2DF04118048338282DFF3F2
:103E40000D006D000A0148346D00665E82F2683232
:103E5000684FE9FF26008202009020180B4510A849
:103E6000405C804C6D0031ADFB803E600B23104800
:103E7000538A22F06D0075F99110F1F9022882023F
:103E8000D9FFFC1674C210FD023D40FE82B9DF0A64
:103E90009280D9FC240039C20100DF0226804863E9
:103EA00048540B3D00210B8450220B3DA0228289F7
:103EB000DF0281808204D9A408006D0003BBDF0209
:103EC000468040D4D9A508006DFFDBFDF624821F93
:103ED0002CC13C3C3B803E200B2840808B0DA0F049
:103EE0006858686F3C3340D46D00EB003B40FF9F47
:103EF000DFE261004834DFF42C803B0001204824DD
:103F0000D9A4080040A574A26D000C5D0229DFF25F
:103F10001E00D9A41800821289422CF502948265F1
:103F2000821682476DFF4CA60294824582166D0070
:103F300072603B0071220B2840808B0DA0F0683925
:103F4000684A6858686FE9CA020082893C33484968
:103F50000B9B8050BF151F001A9C60F482066D00F9
:103F60000F5F8E2F42923FB216803B0071220B28CA
:103F700040808B0DA0F0684A6858686F82093C1A2F
:103F80008289F6298204A0046DFF4DFF3B40FF9F0C
:103F90003C0282B919E3180019E414000B3D00211A
:103FA0000B8430220BD3A02276258204A0046DFF5F
:103FB0003AFF02920090201082B2DF042F80404D21
:103FC000D9A40400406F405C6D007CBADF022580FC
:103FD0000CD082042CA40CD1D9A404002CA50CD2A2
:103FE0002CA60CD32CA70CC02CA80CC12CA90CC23D
:103FF0002CAA0CC32CAB0CF02CAC0CF12CAD0CF29D
:104000002CAE0CF32CAF6D006FBAF6266D009CB988
:10401000AB82BF22009082820090D9AA800F025802
:1040200040A43B00805082066D00AA5E022F3B70C8
:10403000FF2F8EFC028440A402F582066D00195FFA
:1040400082030BF20021AB739F2200909110F1F9D3
:10405000B5F4DC460090CC48BCFE82FF4824404CBE
:104060006D005A5D682F820FE9FF1400820F6CC843
:10407000E9CF24000090404C6DFFEFFF82FF8208E3
:10408000CCC7BD0F1D0048146D00465D48246D006F
:10409000435DE9F8140099C21C00681F682FA00353
:1040A000BD02F07F7DF209807C34B5C31C003CE981
:1040B000542274323CE64023D4223CF30090394F22
:1040C00024002018404C1E14DF4F41003C4CCC48CB
:1040D000D214D9A408004CF27802822FACA66D004D
:1040E000355FDF02178091000125D92218512D027A
:1040F00000003B803EF04BF21122484482034835D9
:104100003A430B2550F28B0400F58208EE2D3C1744
:10411000DF1216808CA76F1F1300824F48243BF0DC
:10412000FF503B70006140A4D9A5040078016DFFE9
:1041300091A3F6255800EE03823F3C0540C46DFF75
:104140008CFF822FE9CF24003C0E4C47CC486E02F6
:10415000680F820F6CC8E9CF240082FFECC76CC3E4
:1041600082E83C028208CCC79120F1D9821AD9DDBD
:104170007C4BBD0F50004CF1D9A4080078024CF2E2
:10418000D224F9AA0C007804F9AA14006D00DE5EAE
:10419000BF121900C9A20E008209820F6F02090026
:1041A000481448256DFF3BFF022F8B022092C9A2C5
:1041B00016006F020D00482448156DFF30FFF629E8
:1041C0003C25DF0226004CD05E443C22F6926E2055
:1041D00048146D00A15C48246D009E5C99C21C00CF
:1041E00082FF681F682FA003BC2D7DF209807C34FC
:1041F000B5C31C003C074CF06C303C044023D42277
:104200003CF4820FE9FF14003C05DF09E3FFC80F0F
:104210003CB1028200909110F1F919FFDC462010A8
:104220001384222F404D602C39CF2400DF0F9A8059
:104230009110F149D944E4268042A042538F21A035
:10424000602E014A00F639F41400D9F314007645C3
:10425000C21FFC251D008600D20282F8821F2C306E
:10426000681889F24C096804682819C20C0091008A
:104270000125D922185168122D0200003B803EF022
:104280004BF211223B007DF082030BF240208B03A6
:10429000A0F0684F68328224821582066D00225E8B
:1042A000022FDFF2580014D439D201008F8401406C
:1042B0008F020120A64239D403008245A62439D2B8
:1042C000020082168F8200300F34A0208F820130CE
:1042D0008F821E90A639BB00F03F26238F830040BB
:1042E0000F49A0307BF00F902692068202F4682FCF
:1042F0000F23A0906D008F5E40A2D2028922480158
:10430000892248013B00012034A23B8045438222A0
:10431000E9A201006D00921A02F440A43B00015092
:10432000F9A2020059A904006D00505C762D91207D
:10433000F12919227C4B8B620922F62602F46D00CA
:10434000EB5B68283C07821F8202ECC8E9CF24009F
:10435000009001EA00F6820F8282E9FF14000090CB
:10436000820F250F14006D00BCF99110F1F999F43A
:10437000DC46BC436DFF81FE820200908B4560F2FB
:104380008B0400F48202EE05BA058B1400F4EAB245
:10439000009082146D00099AF62A82046D00059A35
:1043A000F6267B00404082056D00A2AA7B200040DB
:1043B0001B046A486D00558E3CFA1D00DEB7821260
:1043C0000090BC43820F2C40BC53820F2C50BC6326
:1043D000826F2C60BC7440741D0064AC009082023B
:1043E00000902008D9A404006D0082AC19A204003A
:1043F00000901D0067AC2008024A025F0B7610880F
:104400006DFFBEFFDF02288002F4D9A40400F6AFDE
:104410006D00E3B7DF021F8002F4D9A40400E9A90C
:104420000500E9A806006D00E8B73C0E6D0028B84D
:10443000DF02118002F4D9A40400E9A90500E9A86B
:1044400006006D002EB8F6266D007EB7AB92BF2237
:1044500000908292009020080248025F404F405C2A
:104460006DFF8EFFDF02128002F4D9A40400F684EF
:104470006D00B3B73C036D0003B8F6260CA5280FFA
:104480000CA62CC000908292009082146D003EB861
:10449000AB92BF2200908B4560228B040024022443
:1044A000200882B2DF0437007B2000201B82842E8C
:1044B0001B82E5393A360B2670F2EE1206228FF295
:1044C0001F303A360B2670F2EE0B7BC000301B0318
:1044D000503306123A360B2670F282B26E1B7B20E6
:1044E00000F01B9F84FE74A63BC02B200BF650618E
:1044F0003BB036F02B2F4066025440A4F9A60400CE
:104500006D005BB77623829200906D001DB7DF02CD
:10451000FCFF009020080249025F02686DFF30FF37
:10452000DF02238002F4D9A40400F69D6D0055B784
:10453000DF021A8002F4D9A40400E9A804006D0087
:104540005CB73C0B6D009CB7F62E02F4D9A40400B6
:10455000E9A804006D00A5B7F6266D00F5B6AB928C
:10456000BF220090829200906D00749A8B0220F21C
:104570008BB23FF4AA8200906D006F9A8B0220F2FA
:104580008BB23FF4AA8200909120F1F939FFAA8CF6
:10459000EE0D6D00F3B78B621FF28B92FFF46E038A
:1045A00000A03C00821FE9FFAA8C0090BC43821F40
:1045B0002C40BC57405F6DFFE9FF40F41D00FDB784
:1045C0000090BC43820F2C40BC53820F2C500090B3
:1045D000024F6DFFDBFF02F46D0010B81D00E0B765
:1045E00082020090820200902008024F6DFFCEFFF1
:1045F0005E7382020090A004D9A50700A006A00760
:104600006D0008B8DF02F7FF39A207008B022022F5
:104610000090404D024F405C406F6DFFB7FF40D4AB
:1046200002F440C540F66D0056B81D00B9B7024F00
:10463000404E405D406C407F6DFFA8FF1E7740E418
:1046400040D540C640F71D00E5B73B60FF2F009006
:10465000910001F5D9FF0061DC0F1D0034A9822F04
:1046600082022C40E94201002C42009082A2BD044B
:104670002800CC42C8023B60FF2FBD022200B92FA8
:10468000260082A27FF41D804C2D1384212F602FE1
:1046900082A2B9FF00007FF514804CF31305212F8F
:1046A0007452602F8202BC6C0C43EE044CF16C60BF
:1046B0000090C814406C6DFFACF58202F4C200900B
:1046C0008042805F8B0220328B0F20342008024A08
:1046D00082BFDF034900405E0B651088406D404C8F
:1046E0006DFFFDD8820F40240B98104840A5D9A635
:1046F000040078007801402F6DFFBAFF022FDF021F
:104700003380D4A2B9C30000B92202003F232B801A
:10471000B4C2BCD3142234D2392201006F0210007B
:104720000CF3EE070BA9104802866DFF56D53C0628
:10473000C8140B9810486DFF50F4022F40F46DFF21
:10474000F4D899A504009100012540E4B9C4000003
:10475000D92228612D02000040F46DFFEDD8AA8F08
:104760003C0282BF02F200902008D9A60700404C0C
:10477000405F6DFFA7FF022FF62839A40700B9C5D7
:10478000000040F46DFF54F302F20090200882B262
:10479000BD041800D9AE0800820289E23CF5404F02
:1047A0000268025F6DFF9BD80BF81048402440E57B
:1047B000A0066DFF5DFFF62599A204000C20280FCE
:1047C00000902008024B82BABD0466008202D9AE76
:1047D000080089E23CF5026F404C0279025874A24D
:1047E0006DFF7DD80B8F1048402440E540A6402F38
:1047F0006DFF3EFF022ADF024F8099A20400B9221A
:1048000002005F9248801424029540C46DFFFE8F21
:1048100099A20400392201006F02188040F46DFF54
:1048200084D8D4A491000125D922286140C50294DE
:104830002D02000040F46DFF7FD899A204003922B8
:1048400001006F021A803C270832F6290BB8104885
:1048500002F640C402976DFFC2D43C08C8140B8F07
:10486000104840C502966DFF41F4DFE21500DF02FB
:10487000D77F828A3C100832F6270BB8104802F620
:104880006DFFA9D43C08C8140B8F10486DFFE9F3E5
:104890003C0282BA02A2009082B2BD042500404FC1
:1048A0006DFF1DD882A2BD021F0099220800D42CE2
:1048B0003B60FF2FBD0C1800820F910001D540F422
:1048C000D9C506003B000240D9DD2861E9FF200080
:1048D0002D0D0000D9F42100D9C5030082342D0D1F
:1048E00000008202009082B2BC4E404C6DFFF7D7B0
:1048F00082A2BC29CC22C80F3B60FF2FBCF44CFA2B
:1049000082026CC000900248025F6DFFE8D782A26D
:10491000BD021700CC22C80FB9F326007F3F1180DB
:1049200039220300F6260B8F10486DFF5AD43C063F
:104930009924040002F46DFF27F4AB82BF2200909B
:1049400080530B45108880448B0320228B04202445
:1049500020080B6710A8405F82BFDF023E003B606B
:10496000FFFF8202FF3B39800C408FF20F317FF353
:104970003380022F1943040016FF130F2243C21283
:10498000604268040C20EEF10B89104802A6D9A4FD
:1049900007006DFFFDFE022FDF02178039A207001E
:1049A0008B8200328B624035DF031400C802E92B92
:1049B0000100C802E9281C00C80FA8C9A8DA6DFFC9
:1049C0004EFE68123C098BA23F22ABBF9FF23C0413
:1049D000829F3C0282AF02F200902008D9A5040019
:1049E0006DFFB0FFF624D801821F280F0090820FC0
:1049F000820514428FFF0F3192147F230B801942DE
:104A0000040016FF130F2232024F603F28053CF2CC
:104A1000009082B2BD0423001443820F8FFF0F2148
:104A20007F321C8019420400130F2272607F08023B
:104A3000DF02120039F21C005F420E80B9F218004A
:104A40005F520A80B9F21A005F620680820F280F57
:104A500082020090C21F3CE38282009080428B025F
:104A600020F28B3460F482B26E06CC42820201F4F2
:104A700001F6A805009080428B0220F28B3460F48E
:104A800082B26E08CC42820201F401F6B9FF000046
:104A9000AC500090B9520000DA13DF222480406F3E
:104AA000405D6DFFBFE0402C7C23DA723C1B40244C
:104AB0006DFF7BE6DF02FBFF40C408146DFF53E689
:104AC0008B621F22DA12F62E6DFFE7E3826FACD005
:104AD000DA14BF62088082FF282F283F284F285F02
:104AE000820F02F200902020404E405C406F6DFF2C
:104AF000D4E39120F1D9B9CF0000F9D2A21B02234F
:104B000080D83B300120DF3F41810CF108228F8F9C
:104B100000F0422F370F70F0BB10822A5F2F080180
:104B2000BB20822A7F2F2280BBA0812A5F2FA80072
:104B3000BBB0812A7F2F0C80BB10802A5F2F8D0095
:104B4000BB30812A5F2F92001D001E01BBF0812A1D
:104B50005F2FC900BB00822A7F2FCC80BBE0812A57
:104B60005F2FAA001D001001BBC0184F5F4F390016
:104B7000BBD0184F7F4F0D80BB00184FBE46BB60A7
:104B8000184F5F4F22005F2FFF801D00E800BB30F1
:104B9000192F5F2F4B00BB00F02F5F2F5200BB205F
:104BA000192F5F2FF1803C2F827FACC0FF730580EF
:104BB0003B4001200090821F283FD9F404006DFF84
:104BC000FEFB1D00CA00824FACC0BF43F3FF40E4B0
:104BD000D9F503006DFF13E6AB22A22200906DFF12
:104BE000F0FBDF02AD80DA09ACC0B9DFA21BBF9FCA
:104BF000E1FFA004A005A006D9F703006DFFE3FBC9
:104C00001D00AB00827FACC0BF73D4FF6DFFEBFB18
:104C10008F821EF0283F8F021FF0284F8F821FF0D7
:104C2000285F28621D0099008B3361323B400120D0
:104C3000DF03AC80D9A403006DFFDDFB3C2A827F3B
:104C4000ACC0BF73B7FF822F283F820F284F285F69
:104C5000286F1D008200825FACC0BF53ABFF8F8303
:104C60001FF0283F28433C78826FACC0BF63A2FF8F
:104C7000821F283F820F284F285F3C6E8B036232D1
:104C80003B400120DF038280D9A403006DFFBEF00A
:104C9000D9A403006D00E8F5D9F40300910001F5F3
:104CA000022FD9A503000224D9FF28612D0F00008F
:104CB000C23F3C166DFF85FBDF124280B9DFA21BAD
:104CC0008B2F62F2DF0F76FFA004D9F50300D9F62F
:104CD0000400D9F705006DFF76FB0CF4C25FACC091
:104CE0003C3B824FACC0BF4365FF6DFF7AFB3C4944
:104CF00040E4D9A502006DFF8EE5DF022180B9DF17
:104D0000A21B39A402008B7F61F2DF0F53FFD9A5EC
:104D10002000895223F4D9F40300A006A0076DFFF8
:104D200088FCF62D0CA3C23FACC00090D9A40200B1
:104D3000D9A503006DFF3CFC0CA2EE043B20022031
:104D40000090825FACC0B9DFA21BBF5F33FF0CA332
:104D5000283F820F284F82020090D9A40200D9A5D3
:104D600003006DFF30FC0CA2EE030CA36EE8608222
:104D7000824FACC0B92FA21BBF4F1CFF6DFF32FC8E
:104D800028323CEA3B1003200090395901008FF98A
:104D900000811BF8FFBF8FFB0FF1BF4F0480DA319A
:104DA0003C4E06C91BF9FFAF8FFA0FF1FF4FF9FF19
:104DB0000B980030B9420000C223DA135F32408002
:104DC000405F404C6DFF69E2820F82049B0B00B292
:104DD00010F20BFB80303925020006330F3500300E
:104DE000C21F42348FFF0F313F83F4FF01F80036BA
:104DF000820F82059B0A00A210320BFA80303926FE
:104E0000020006330F360030C21F42358FFF0F31CC
:104E1000370570503F93F2FFDF05C37F1B150080FD
:104E2000DA143F820D80D9F401006DFF9FFBDA3167
:104E3000DFB20600DA22F623B4C8820F02F2009035
:104E40002008404FD9A50700A0040B5410886DFF1F
:104E5000AFFB39A20700DA22DF021E800CF0081433
:104E6000EE046DFFF0E83C036DFF88EF08048BF85B
:104E7000A7A28B2480A58B0981A5DA31F6AC022587
:104E80000B9810686DFFB9FAAB2AA7A28BB23F222C
:104E90002BFA40F202F200900C612008404C405D79
:104EA0008F1F0091A004D9A50600406F6DFF80FB05
:104EB000F6958B8F00F26E2B3C025E7839A80600C7
:104EC000DA33DF08D300DF192C80B9D20000DA13FF
:104ED000DF22CC8039A8060008196DFFDEE140C44E
:104EE000022A6DFF9FDE402CDF085E006DFFB7FBDE
:104EF0003B803E30DA373F32B98019C310001B8344
:104F00003EF07FF25180DA361D00B00039A806006D
:104F1000F687B9DF00001E6DDA131D00A700DA1353
:104F2000DF18A480B9D200008B222822DF029E80E5
:104F30000CF16DFFB2E140C4022A6DFF73DEC2FFC7
:104F4000392906008FFF0F21402CDA245F298E803B
:104F5000820F2C26DF081380082208548F8201302C
:104F600008328F0201F0423F42F40CF48F8F00F0C0
:104F7000424F8B7F21F26E0C3C41D9F40200092490
:104F8000480902966D00BB020228DF022780D20486
:104F9000E9C9050089C44809822FACD0FF2A1C80CA
:104FA000DA143C6339C4040002956DFF40E4DA1260
:104FB000DF125C80DF082580FBA00240E9C9060003
:104FC00089C44809826FACD0BF6AECFF2828283812
:104FD00028482854820F3C496DFF41FB59C21000FC
:104FE0008B681F22DA24DF024180DA22DF883E004C
:104FF0008B581F82DA72DF083900DA353C3640C43C
:10500000D9A507006DFF07E4DA120228DF022E801F
:1050100039A407006DFFEAFADA22DF1227806D005B
:105020006601E9C9060059C20800022F59C30C00E5
:105030003BC00020B4D2BFCAB5FF8F831E202842D8
:105040008F031F2028528F831F20286277F30024AC
:105050002873288277F3002877F3003C2828283823
:10506000289228A328BF3CB702F20090404C405F32
:105070006DFF13E1B9C30000DA13DF230B800814BE
:10508000DA12F647B4C3DA14BF2204802814820F60
:1050900002F200902008404C405F6DFFFEE0DA1401
:1050A000BF3278800CF108228F8F00F0422F370F2B
:1050B00070F0BB20822A5F2F2C00BB30822A5F2F2A
:1050C0004400BB10822A5F2F6480B9C20000DA134B
:1050D000DF52608008380CF48B28A0228B0F00254B
:1050E000DA31DF025780D9A40700A0056DFF60FA0E
:1050F00082146DFF7BFA0CA78B0200328B0FE03419
:10510000DA22DF03478002846DFF64FA3C3BB9C2B8
:105110000000DA13DF423E800838DA31FF283A8097
:10512000D9A40600D9A507006DFF4DFA39A20600E3
:10513000DF18040039A20700DA22DF022B00028404
:105140006DFF52FA3C1FB9C20000DA138B8268224D
:10515000DF022080D9A40700A0056DFF29FA39A23B
:105160000700DA22DF02160014C4D9F407201B94CA
:1051700007408FF40F41D9F50300D9F603206DFFE6
:105180004AFADA72F6268232820FB4C23C02DA316F
:1051900002F20090395901008FF900811BF8FFCF0E
:1051A0008FFC0FF1BF4F0480DA313C5706C91BF961
:1051B000FFBF8FFB0FF1FF4FF9FF0B9800D0B94FE6
:1051C00000001B3D00207F2F0480DA133C46805AEC
:1051D000404F6DFF62E0DA14BFA24080820F82046C
:1051E0009B0C00C260A310320BFC8020392302000C
:1051F00006320F230020C21F42248FFF0F213F825F
:10520000F3FF820F820542A89B0B00B2608310322D
:105210000BFB80203923020006320F230020C21F1F
:1052200042258FFF0F21370570503F92F1FFDF05B8
:10523000BD7F1B2D0080B9FF00000B8500205F2F74
:10524000C6FF1A8A60F4DA316DFF98F9DFB2060002
:10525000DA72F623A808820F02F200909110F1F999
:10526000D9FFF04648047BA0F42748131B52C127FE
:105270007B70E3F90B2440201B9F9BF70BF350F04E
:10528000772F00618F2F1E300FF3C050681F7B50A7
:10529000CEF10F26C0401B9F5BFE7B80F57B680232
:1052A0001BD7767473F4682003740A3303F50A334A
:1052B0007B004D791BB79B74772380528F531E4020
:1052C0000F25C0F07B1033211BB21E210F34C060AC
:1052D000732F6840037F0A5503260A5577458020BF
:1052E0008F151E30C642C65300909120F1C939CFA8
:1052F000989C9110F1D9D9DFE046EE146DFFAAF920
:105300009110F129D922F046892240096DFFA8FFAA
:1053100089F240096DFFA4FF821F89F24809E9CF95
:10532000989C48134804482648350F46C0F00F356E
:10533000C0207743005C77F20068C625C665681513
:1053400077F280527734007C6825535440401353E1
:1053500020558F0F0100C6F7772F80F277548023F6
:10536000683F774580F3C6075392402059D7E046FF
:10537000139F20330090820FAC43AC42AC41B44445
:10538000B54508000090B9430600B94F000082A25D
:105390007FF31F80B94202004C421302213F603F5D
:1053A0000952480189F248010952480189F248012D
:1053B0008C43B9430000C21FAC438C418202C21F20
:1053C000370F70F0AC415FF30480F94202000090A7
:1053D000B94F060082826E1119420800B94F0400CD
:1053E000130F2132603F09F248018952480109F246
:1053F00048018952480182020090B94F060082821A
:105400006E0FC2FFAC438C42B9430000C21F370F7E
:1054100070F08202AC425FF30480F9420400009015
:10542000820FAC43AC42AC4100907B0030F0264F81
:105430007B003020FE28370464F982022C403704B8
:10544000E7F52C413704E4F38FF407412C42821F27
:10545000E94403002C458BF42742DF04238082FFBC
:105460002C4300903B60FF2FEE1C7BB00D200F24DF
:1054700080305F230480821F3C097BA00D300F34F5
:1054800080503B60FF2F5F3504802C4482028F8464
:105490001FF02C43820FE94401002C422C402C4584
:1054A00000900C45DE177B00BCF16C500C408F2F38
:1054B00001F09B0FBC2174520C418FBF00F0422FB2
:1054C0006C5039420200130228FF6C50394203002D
:1054D0003C110C445E147BB08DF13C037BA08DF13C
:1054E0006C500C4354528F8F00F0422F6C50394255
:1054F0000100422F6C508202009020A8D9AD2800F4
:10550000D9AC0400404F0249A004A00540D640C7D2
:105510000264025F6DFF8DF80228DF0245803B00C8
:10552000082059A21C0040F482423B000840A0051C
:105530003B800050D9A61800D9A70800B5AD1800C7
:10554000B5AC200059A224006D000501DF122980AE
:105550008F8F1E20E9A210008F0F1F20E9A21100DB
:105560008F8F1F20E9A21200779F0024E9AF13005C
:10557000E9A21400779F0028779F00FCD9A40800B7
:10558000D9A510003B800040E9A21500E9AF160044
:10559000E9A917006D0030EBAB58BF823C053B50CA
:1055A000FF8F3C028288028200902030404C024AE9
:1055B000405F0258406E820FBFB481809130055821
:1055C000D955B2173BA000406D0016EBDF02778083
:1055D00060A3DA0AD932F5FF10C314328BF22F22FE
:1055E000F623C21FFC2A0BFA8090BD0F17801B18F0
:1055F00000205F290400820F3C6110CF0CF0EEFC0C
:105600005A8A10C5910001F540E40284D9FF28614F
:105610002D0F0000821F3C520804D9AD05006044E4
:1056200040D3D9420900402482023C022432FC4F7C
:105630008022A2891B2400305F290F001BB40020A8
:105640005F29DBFF6093D9A23000303282521B44C5
:105650000030E922D1FF8FF80FB13B0003208FF318
:105660000F3140F51B4B0050910001F5E9A20600F7
:105670004235E9A20800D9A40B008262C214D9FF06
:105680002861E9A20A00E9A50700E9A309002D0F96
:1056900000006094D9AF3000304F8242E9F2D3FF6E
:1056A00010C5D9AF3000304F029440D4E9FBD4FF8D
:1056B0006D00A2EADF02A67F3C9F02F20090195221
:1056C0000400D453602FD9AAE87F4052022F0BF276
:1056D00080300133005692F3FDF003003C05145571
:1056E000F653023F3CF58B03A8520BF48052820222
:1056F000DF0530800248404F02F4D9A40800402C56
:105700006D00770219A40C006D00FD02D9A40C20D5
:1057100040F50284D9A60800022F6D000002D9A22C
:105720001460F4A299C50800D9A40C2019C40C0077
:10573000D9A6080002F5D9A71040872F00906D0068
:10574000830440F40284D9A50C206D0096020292D5
:1057500000908B1468222080024FF6238202009072
:1057600091000125405FD9222861404540A4406C4A
:10577000407D02582D02000040A402F440C56DFF98
:10578000A0FFDF02ED7F40A402F440F5028540D681
:105790001DFF0DFF0C502C400C512C410C532C4282
:1057A0008C512C430C572C44B95F06002C454C51AE
:1057B000068F2C464C512C4700900C403B60FF2F2D
:1057C000DF2F2680394201008BD22F323B60FF2F22
:1057D000DF031E802C500C412C510C423942030037
:1057E0008F8F00F0422FAC5139420400394407003A
:1057F0008F820130394205008F0201F0423F42F4AE
:105800000C4682028F8F00F0424F6C5100900C5179
:10581000405C2C40845F910001D5404F2C41826454
:10582000B024D9DD28612D0D0000D9F40800D9C5B8
:1058300008003BD00140DC0D0C51910001D52C40FB
:105840008C50404C2C410C52405F8B0F20F22C426C
:10585000B035B0343BD00140D9DD28612D0D0000BA
:1058600039FF2000D9C42300E9CF200039FF2100EF
:10587000D9F52300E9CF210039FF22003BD00140B8
:10588000E9CF2200DC0D8B54214282A2DF042D805F
:10589000404C910001D5405FD9DD286140548264BD
:1058A00040C52D0D00000CC6D9F40700286FD9C5DE
:1058B000070082442D0D0000D9F40B00D9C50B0060
:1058C00082442D0D0000D9F40F00D9C50F00824489
:1058D0002D0D000039CF13008202E9FF130039CFEC
:1058E0001400E9FF140000900C51405C2C40845FD0
:1058F000910001252C41404F8264B024D9222861B7
:105900002D0200000CC8288F00901BD4FE4F8BD4B2
:10591000A14282A2DF043780394F11008BEFA1F240
:10592000EE31405C4045045F404F910001D540C4DA
:10593000D9DD2861244F82442D0D0000D9C4050013
:10594000D9F5050082442D0D0000D9C40900D9F510
:10595000090082442D0D00000CFDD9C412002CCD8D
:105960000CFED9F512002CCE0CFF2CCF39FF100005
:10597000E9CF100039F41100E9C411002D0D000029
:10598000820200900C51405F2C408C502C410C52F4
:105990002C420C532C430C542C440C55B0652C4514
:1059A0000854910001F5B064D9FF2861DC0F404C28
:1059B00091000125405F4054826440C5D92228618E
:1059C0002D0200000CC6286F0CC7287F00905A4596
:1059D0000F4FC020C654264207F2FF2F00908FB40D
:1059E0001FF0C21F062F8FF401411044F6435442AA
:1059F00000904C4154438B040221173F80220090B9
:105A000064441BF4014006B40624604F820F3C023C
:105A1000244FFCFF00904C40404F1BFF03B0405D03
:105A200006BB821982028B0400A17FB91C808F29DA
:105A3000003001F300C601D300264CC0542502F407
:105A400042F542250FF5C0808B0820C28F1C80C113
:105A5000262C6DFFBEFF26A8C68FA6C26CC0C21939
:105A60003CE500909AF4604F9044820B820FC2F4A0
:105A70008B0F00D1FDF0470002F4BBF0FF5F6DFF1C
:105A8000A8FF8F0F1F908B020031C6F926390FF93E
:105A9000C0A002A406423BF00F50130B22B26DFFD0
:105AA00098FF8F8A1F808B020031C6A826380FA866
:105AB000C09002943BF00050022C6DFF8AFF8FC90A
:105AC0001F808B020031C6982638C6980284823522
:105AD000022A6DFF7EFF8FE81F408B020031C684D3
:105AE0002634C684821502296DFF73FF42B2138CDF
:105AF00020C2134A20AC132920AA87FDBF2F42A23F
:105B0000009087FDBFDF8F1D80D109423CF1325DDF
:105B10002BF240FD2BB440BD3CAB4C602018780408
:105B2000C27F8FDF1FC00B4CB0F192F69AF4404C4D
:105B3000405D024A406F820B7805DFF63500820D2A
:105B40007FC60D808F36C02101F200268F3600D12E
:105B500019220400063D570268DD820E7FA60880E8
:105B600019A21400A26201D20026142E8B0B20224F
:105B70008F128021602E0BED104859A604006DFF96
:105B800028FF0BDE104859A20C006DFF22FF19A35D
:105B90000C00325280EF19A60400A6322B2B50BF06
:105BA000C2F63CCC40C419A410006DFF2BFF0BAC17
:105BB00090F160FF8F8B1EB0FDF005008F9B1F20C2
:105BC00000900BFA802001D20026C2FF14220FB2EF
:105BD00080308F3FC021C24201C200268F3F00218A
:105BE00006320F2300800289492840083CE6404CD9
:105BF00002428FE41FF09F0F21808F3400F106E4F2
:105C00001B140020FF2F05806E2F0C503C101455E4
:105C1000395301005E248F8500F03C088F830030EB
:105C20008F0501F0A63F39530200A63F01C202F6DC
:105C30001B240020680F3C18C2C2015200F60B243E
:105C4000803001C30026080608138F8601608F0389
:105C50000130A6630836A63608238F8300500F56FE
:105C6000A03074233CC9D9C404001BF2FF4F6DFF60
:105C7000FBFE74C200904C500242C27F8FDF1F5067
:105C80005A54820360F23F540480DFF50680A0027C
:105C90003C032803C2F25A24104FFC2C9A3206EF20
:105CA0008F32002140F38F2F0030DF220D00DF32D2
:105CB0000500DF1215803C0D01530026B01FB922EC
:105CC0000200343201530026542206822802B01FFB
:105CD00001530026C2FF54222802B01F905560F2E3
:105CE000FD2003000090095F3CF18F8F1E202802E9
:105CF0008F0F1F2028128F8F1F202822283FB04F80
:105D00003CF08B24005173450A208B2200217352F2
:105D10000A3073430AF08B2F00F1733F0A2073425D
:105D20000AF08B2F00F1E22F734F0A20C2E2E22F1C
:105D30003704412026F200904C40404F1BFF03B037
:105D4000405D06BB821982028B0400A17FB91C80D2
:105D50008F29003001F300C601D300264CC0542423
:105D600002F55244A2240FF4C0808B0820C28F1C7D
:105D700080C1262C6DFF2DFE26A8C68FA6C26CC042
:105D8000C2193CE500905472405E024C0224404F20
:105D9000406D1BF201B0407C6DFF34FE06BB8F2BC3
:105DA00000F010F6D9E50400820AA00E06EF9F0F5E
:105DB000108040F440C582046DFFC0FF8B0A204272
:105DC0008F12802140F440C5A6241DFFB7FF545D0B
:105DD00019D3040048128206033D0A22E2C282005F
:105DE00082076024820182051B1500E08F2E00309F
:105DF00060338203013D1070D477013F102054229C
:105E0000807430C303D46822804482090B7240201E
:105E10000B135070543302280343682882010B622D
:105E200040200B035060820076555922FCFF02E5AA
:105E30003C0282153FB5DAFF0B7640600B10500034
:105E400080E30BA640200B3050A07462A00EB0453A
:105E50003CAF0F64C0A08B0A20A28F1A80A1025F02
:105E60000269404FAB04A0AA3BF00180820B8B0873
:105E700002C117FA80CC0B9C10486DFFAAFD8B085D
:105E800002D1A29C8B0D00418B0800310F4C0040C9
:105E90000F3A0030024C8F1280210F890040A63249
:105EA00052448B020031C6ACC6F4263C0F8200205F
:105EB0002643C2F8C6CAC63FA62BDF08DAFF0B9FEF
:105EC00010486DFF86FD8F128021A6A252998B0289
:105ED0000031C6F92639C69F680FA6B20090545803
:105EE0002010404FDF088F008B18A2F2405C024C5C
:105EF000EE0E1944040002C519560400D9A40C0082
:105F00006DFFA9FF19A20C00681200901BF801F0A8
:105F100006BF60FE1B08FE8F02846DFF62FD062F28
:105F200010F2D9F504005424D9F4080059A404004F
:105F300092C402296D0078E9028440F4681C6DFF68
:105F400050FD028440C4022F6DFF4BFD0B9F104893
:105F50000226D9A40C0002286DFF7DFF022FC689FE
:105F600092F28B0F20F28F1F80F18B0920928F19F4
:105F70008091AB02A0FFABFFBF39D208821D821E09
:105F800080EF3FEF25808F2E00F010C210FD542CC3
:105F90004CD0033C688854D574A3A28F02F46DFFE3
:105FA00018FD029A820B1312408A02F26CD00BFC8D
:105FB0001048C6C2602D6DFF0CFD80D4C21E8B043C
:105FC00020F28F1F80F16A2D54A33CDB19A5040039
:105FD00002846DFFFEFC19A4040002850F92A0F05C
:105FE0006DFFF7FC40F40F92E02040C502F4A62DAF
:105FF0006DFF13FD0FFDE0D040F440C502D46DFFEE
:106000009DFE00905452404C1BF201F0405F06BFD1
:106010006E0840C4820440F56DFF63FFC2FF3CF987
:106020000090A002325401251030012410F09F0589
:10603000038000900CF01432B012C6F22642C62F34
:10604000280F3CF25462404D1BF203F006BF8F2F25
:1060500000E0910001E54074024AD9EE286102E4B3
:10606000805D40D5406F407C02592D0E000040C439
:1060700040F56DFFC9FF40D448046DFFC3FC821298
:106080008F3A00C059D204008208C2FA5FC82800C3
:106090008FD81F200B2A80201A2D60F2D4A4142B35
:1060A0008F78002140C640F740D50294570B61B26B
:1060B0006DFF6BFED4A502E502B440D46DFFB3FFC3
:1060C000D4A440C540C640F702946DFF5EFED4A53F
:1060D00040C402E42D0E0000C2183CD900900C759B
:1060E0003B70FF2FFF7F17801443395205005F2359
:1060F0000700821F2C743B70FF2F009016FD5E4539
:10610000826F2C7582A23C04824F2C7582024C4215
:106110006C7000900C41404F82D2DE15194404008F
:106120005453B704064DB703063D5F340D80D9F5CF
:106130000C000804910001F54074D9FF28612D0F6F
:106140000000820200900C412008404F02491E14BA
:1061500082881D00AD00405C6D00FD030228DF82D7
:10616000A78040F402946DFF8B890228DF82A08013
:106170004815370568F88B0FAFF2EEEB8F851F607F
:10618000B7060AF4BB00A02EC66F5F2F6E800CF01E
:10619000DF3FE0FF08DB0CFE08C28F0F01F08F8BA2
:1061A00000B042FB422B8FF60FA18FF50FF10BAB26
:1061B00010680B9F10486D002901BBB0EC3F828234
:1061C000820C82068BFA0F5282375F3B14800B9F42
:1061D000104802A66D00DC063C334CC21386213FFA
:1061E0006032025354248FF40FF10BFA7032F637F9
:1061F000C216B9CF04003FF6F2FF3C22370468F81C
:1062000006848B0FAF02B7040AF4B7040E39C6F444
:106210002B345030AB1C80C55FB3ECFFB9220C00AF
:10622000820F76274CC41346212F6023B93F080004
:10623000992210008202D022E92705003CDABA1C1C
:106240008B821FF46E33DAFF084674AB78010B9A29
:10625000104882176D00A500AB98BF828BB23F2219
:10626000ABB89F823C24BB00802E5F2F73FF0CF0E5
:106270008B8F20F2DF0F6EFF39FF120039F411000F
:106280008F8F003039FF130008C78F0F01201A23AA
:10629000424F78000CFD029478018FF50F518FF674
:1062A0000F616D00A90082083C0202280282009062
:1062B00082351DFF28E9025FDF14088002546D005B
:1062C000AA0102F41D00D20602546D002F0402F44C
:1062D0001D00ED08D2023B1080707B0000023703E6
:1062E00070F07F4F4180538321F0104FB9FF0400BD
:1062F0005F7F3B804CF07F0F38800CF65E15B9FF56
:106300000C00EE323C03FF3F3080B9F60C008205F2
:10631000DF061B00370570F07F6F1380C852012520
:106320000326992304000C229F0F048082023C065E
:1063300009324800DF12FAFF82B2C2153CEC022F8C
:10634000DFB20F800090C852CC210C229F0F048036
:10635000820F3C0609F24800DF12FAFF3C05C21327
:1063600002F23CBE009082B20090404F9944080077
:10637000B9F404006DFFB0FFF626C834B9F4060086
:106380001DFFAAFF009082B2BC4A09424009911049
:10639000F1F9D9FFF84689F24009820200907B802A
:1063A0008EF18F8600602018A6F6821F2CA5DA08D1
:1063B0002CA439AF1C0019A21800A665E9AF110082
:1063C00082FF59A50800E9AF1200E9AF1300E9AF59
:1063D0001400E9A215008F821FF082358F021F2062
:1063E000D9A40400E9A71000E9AF1600E9A217003C
:1063F0001DFF89E89110F1F9D9FFF846C81F0CA4D8
:10640000BCF37801DC0F00909110F1F999FFF84688
:10641000BCF2DC0F00907B10F1296022D92FC0560E
:106420000942480189F248010942480189F24801BC
:10643000009080408B6460F28B0020F482B26E5D2D
:106440005445DF055B00B9420400820FDF022200E1
:10645000370F70307F232080134F2335603F486310
:10646000DF0318004823DF0315008867B9F3300005
:106470000627C227370770703BA06F000B035061DF
:106480000B73A062C21FDF06E57F3B60FF2F009009
:1064900082B200909110F1C9D9CCE85601C402C66D
:1064A000404DF4C482083B803E90820ACCC037083D
:1064B0007020B9FF04007FF21F80B70810F8D4D213
:1064C000534F23F0C80F102510FFD954100068B99E
:1064D000D95514006DFF9FE6D4C2D4221022392F63
:1064E00032005E176DFF88E8E9FA200068A2689222
:1064F000C2183CDD82020090009080428B6460F202
:106500008B0220F482B26E174C406E15B94F040016
:106510008203EE020090370370507FF50580C213AE
:1065200082023CFAF6289110F1F9D9FFD05601F415
:1065300002F6E8040090026F82B2FF642D80911091
:10654000F1C9D9CCE85601C402C63B60FF2FD4C2C2
:10655000BD02220053452380D4220128002639227F
:106560003200F62F8282DF1617806DFF45E8CCC01F
:10657000C80F01F800F668A26892E9FF32003C0AF1
:106580008B1200328B06003482827635820FE92F1F
:1065900032008202009082B2FF641D809110F1F9F6
:1065A000D9FFE85601F402F63B60FF2FC80FBD0F7C
:1065B0001200B9FF040082B27FF50D804CF0134544
:1065C000232F6025D9541000D95514006DFF24E6FF
:1065D0008202009082B2FF641D809110F1F9D9FF10
:1065E000E85601F402F63B60FF2FC80FBD0F120002
:1065F000B9FF040082B27FF50D804CF01345232FC4
:106600006025D9541000D95514006DFF73E682023D
:1066100000902028FF649E819110F1D9D9DDE856C1
:1066200001D402D6820D4CD0EE0200907B10F1C94D
:106630001B0CD4C67B0001A5024802CE1B8A1AA1FE
:10664000D4DE370D7090B9EF04007FF98381B70D68
:1066500010F8D4E2534F23F0102F39FB200076B509
:10666000DF1BE8001D00730139F23200DF126F8179
:106670006DFFC2E7CCD0C80C10CC19C328003F3244
:10668000668160C4D4E399420800103FBC250284AF
:1066900008E52D0200000B8910486DFF7EFFD4E253
:1066A000820440F41022D9C61C0099251800D9C7CD
:1066B00022006D00D3070B891048022B6DFF8CFF61
:1066C000DF0B4E80CCD0C802BBA0EC2F59A20C002F
:1066D000102E82198262E9A91100E9A2080039E2AC
:1066E0000E00D9A40800E9A210006D004F0759A2BE
:1066F00018003B800020E9A91500E9A21400C80F8A
:10670000B9E92200D9A4200010FFC865F69A60A359
:1067100082242D030000F9A92200F9A924003C05D8
:1067200060AF82642D0F000082FF02848235D9A4FD
:106730001400E9AF2600E9AF27006DFFE4E6762CF0
:1067400060E2CC23BD0F6E00028439E50E00824664
:106750002D0F00003C66E9E220003C63B9C21C003A
:1067600082734B3211228FF20F4137037020762251
:10677000C214E9C41E00CCD0C80F820BE9AB1100D3
:1067800010FFBB00C0FE7803827F2CA882FFE9AF18
:10679000120008E2D9A40800E9A210006D00F60674
:1067A00059A218003B800020E9A2140082193B0086
:1067B0000220E9A91500E9A22000B9F21C00028418
:1067C000E9A221000682E9A2220039F21E00E9AF07
:1067D00024003BA0FCFFE9AF2500823582EFD9A45D
:1067E0001400E9A22300E9AF2600E9AB27006DFF02
:1067F0008AE6762E60E399320C00BC26028408E516
:1068000082362D020000820FE9FF20003C0A6DFF56
:10681000F3E61B220320E9F91F006892E9F9200042
:106820006DFFEAE61B823E2059C228001D008F0042
:106830006DFFE2E648933F328A8039F21F00D4DED2
:10684000C2F253722020D4E437027020104C59A2B7
:1068500004008272E9A20800BB00B02E59A20C000D
:106860008202E9A2110082F2E9A2120039C20E00EE
:10687000D9A40800E9A210006D00880659A21800EA
:106880003B800020E9AB1500E9A2140039F21F009B
:10689000E9A2200039F31E00D4E27F322A801022C0
:1068A00060A34C2699A20400D9A42100827410256B
:1068B0002D03000002848235D9A414006DFF23E665
:1068C000762C60C4CC43BD0F4200028439C50E0053
:1068D00082562D0F00003C3A39FF1F00C21FE9FF0E
:1068E0001F006DFF89E61B22032068923C2FB9F23E
:1068F0001C00827310224B3211224C2699A20400F4
:106900003703709060A3AB7980991025D9A421003A
:1069100002942D030000DF790F0060948B79002131
:10692000D9420D006023D9A41400304282F23C0207
:106930002422FC3F02848235D9A414006DFFE3E5D4
:10694000820FE9FF2000DF02BEFFC21D1DFF7AFE9D
:106950000090203082B2FF64E880B94F00003B8095
:10696000103082825F3FE1809110F129D922D05608
:106970008F2400B0012B00C6402E4CC0DF0FD50085
:10698000024F404F19440400D9A40C006D001406B6
:10699000D4C239A514008202B92304003702704022
:1069A0007F34C280534221A0D42DC21260A3303D57
:1069B00014D85F85F5FF39D30F007635DF136600F5
:1069C0001D00B20019A4100039A21500BB00C06E52
:1069D0000B6400518B020054DF052D0008C58B05A8
:1069E0002252DF05288039FF120039F511008F8F00
:1069F000004039FF13008F0F01201A241254BBA04E
:106A0000ECFF82825FF491800CFE08D28F8F00F041
:106A1000422FF9DF0B000CFFE9D311002CDD821FA0
:106A20002CDE2CDF6DFFE8E51BE22E2059D207009B
:106A30003C66BBA0EC5F0B5400318B1200348282A9
:106A4000DF037300D9F40C00D9A528006D00D1052F
:106A5000D9F40E00D9A51C006D00E8058202F9A248
:106A6000180019A22000762282129110F1F999FFE4
:106A7000C056F9A21A00BD0F43000BF81048D9A464
:106A800018002D0F00003C3B4814D9A418006D00DD
:106A9000930519A41C00BB00B03E82825F34458080
:106AA00039A92100DF09418001EB002608C8D42262
:106AB000D42C9110F12901CA00C639C20E005F28FA
:106AC00021801922C05639CA0D0039A5200074A2B0
:106AD00002F4D9C40B00D9F50C00D9C60100D9C7FE
:106AE00011006D0025065FA809006DFF85E51BE21A
:106AF0002E2059C207003C03E9C90F008202009012
:106B0000D92FC056C81F7F280780BCFB02F414C5CC
:106B100082063C05BCF614C502F482162D0F000057
:106B2000820F2CCF82820090FF6435809110F1D9C2
:106B3000D9DDD05601D402D68208D4DC7CC20090C4
:106B40009110F1E90249D9EEC056820AB9CF04008A
:106B5000370870207FF21F80B70810F86DFF4CE5F2
:106B6000CCD0534F21F0C80F10FF08F3DF13118072
:106B700019F307007F230D8099E20400BC28D4C4D8
:106B800002948226104314352D02000028FAC21800
:106B90003CDE0090202882720B561088E9A2080083
:106BA000820BBB00C02ED9A40800027A024F39AC78
:106BB000280059A20C00E9AB1100E9A81000E9A9CE
:106BC00012006D00E30459A218008212E9A2150018
:106BD0003B800020E9A2140082F2E9A22000E9A291
:106BE0002200E9A22300E9A224003BB0FC2FE9A285
:106BF000250002F482E28235D9A414009110F1F943
:106C0000E9AA2100E9A22600E9AB2700D9FFC06666
:106C10006DFF79E4DF1C0C80F623C84F3C0AC83FA7
:106C2000BD0F16000BF8104882763C0FF629C82FCE
:106C3000BCFE74AA0BF8104802968217DC0FC81F1E
:106C4000BCF60BF8104882362D0F00000090404F24
:106C5000024F194404004054405C6D00AD0419C457
:106C60000400BB00C03E82825F341B8039C3090030
:106C7000DF03178008C35FF3148039F2120039FF75
:106C800013008F8200208F0F01F039F3110042F2C0
:106C90004232BBB0ECFF0BF21021AB82BF2200905E
:106CA00020180B451088D9A50C003B100140404C22
:106CB0006DFFCFFF022FDF024D809110F1F9D9FF58
:106CC000EC6601F802F6C8029110F1F980F31B435B
:106CD000DC26134821425423604FB9F20A000856BB
:106CE0001382214339A2140060435F26328039A207
:106CF000160039350E005F252C80DF19228039C33C
:106D00000D00DF03180039C20E0028630833287F06
:106D10003F230B80AB12802228326DFF6DE4684266
:106D2000824228423C1639350E00028474A98277CB
:106D30003C0B6DFF61E41BA2412068323C0A8212C9
:106D400074A2028482476DFF27FF284F3C02828F86
:106D500002F200902018404D024F19440400D9A4BB
:106D60000C0002596D00280419A41000BB00B03EAD
:106D700082825F345F8039A81500DF085B80911044
:106D8000F129D922FC868F4F00A0012A00F639A3F1
:106D900016000855402E5F354D8039A3140008C6F3
:106DA0005F364880DF193F8039D90C0008325F29EF
:106DB0002C809110F1499110F1391942C066D933F4
:106DC000D4669033082874A2D4360BF6104840F4E9
:106DD000D9D50C00D9F70D006D00AA045F89120007
:106DE0000CF70862C21F16FF287F3F2F0480822FF6
:106DF0003C096DFF01E41BE22E2068228202009014
:106E0000824F284F3CFC74A802F43B8000703F295D
:106E1000038082776DFFC0FE01EA0026820F2C24DA
:106E20003C0774A802F482676DFFB6FE2848828290
:106E300000909110F1F9D9FFC066A042444F64FF61
:106E4000FC2E009082B2BD045400B94304008B03B1
:106E500020F28B6460F46E4C5445DF054A001946FD
:106E600008008202820FDF061400370270607F364E
:106E7000128013822165606F4826766A8866C21286
:106E80000626C226370670600B6FB0F13CEF82B267
:106E90000090B94206003BA06F600BF250F10B620C
:106EA000302126F2404F0248820FDF022000B9F263
:106EB0000400370F703092197F231080B70F10F83D
:106EC0004802138F2132029F6035D9541000D955E2
:106ED00014006DFFA0E13CEC9110F129D922EC6681
:106EE000012802268202EC2000903B60FF2F0090D8
:106EF000804F8B6460328B0F203482B276399110D0
:106F0000F1F9D9FFD46601F402F68202E804009098
:106F100082B2FF641D809110F1F9D9FFEC6601F493
:106F200002F63B60FF2FC80FBD0F1200B9FF04002F
:106F300082B27FF50D804CF01385212F6025D95446
:106F40001000D95514006DFF67E18202009082B2F3
:106F5000FF641D809110F1F9D9FFEC6601F402F68F
:106F60003B60FF2FC80FBD0F1200B9FF040082B2B3
:106F70007FF50D804CF01385212F6025D95410002A
:106F8000D95514006DFFB6E182020090025320082B
:106F9000024D026582B2FF6468809110F129D92206
:106FA000EC668F2400B0012B00F6402CC80F8282C3
:106FB000BD0F5B00B9F404008202370270807F4885
:106FC0005380538221A0C802C21260A330323926F6
:106FD0000E005F56F4FF534D21907B10F1C91B4CFE
:106FE000DCC61A9C60FF60CD0842DF0234800BD8FB
:106FF00010482853A8586DFF8DFF01CB00261B8930
:107000000020D422D42460A360F6992508001A2C0D
:1070100060F7821430346D0021030BD81048022A27
:107020006DFF97FFF6A4821F284F3C1B822F284F2D
:10703000B9FF000082724B2F1122370370F08FF2DC
:107040000F216E02C212282201D900F682FF286F9A
:107050003C08821274A202D4023682176DFF9CFD96
:1070600082020090828200902020FF641F82911093
:10707000F1E98F2400C0D9EEEC6601EC00E6024E87
:10708000D4EDBD0D5C017B10F1B960B3534421A078
:10709000D932C476802B012A00F60848D9FC0400B6
:1070A000DF084D01DF285500DF48AF00DF184781BA
:1070B00054D3B9F20A00E9A809001382214382627D
:1070C00034A2604CBBB0EC2F59A2040039C20E00B0
:1070D00040A4E9A208006D005902E9A80D0059A2D8
:1070E0001000B9F808003B800020E9A20C009100D4
:1070F0000125D9222861D9A4180099D50800F6895C
:1071000082242D020000F9A81A00F9A81C003C04F2
:1071100082642D02000082F202E48235D9A40C00C0
:10712000E9A21E00E9A21F006DFFEDE11AAB60FFAE
:10713000DF025B009110F1F9D9FFC066C83FBD0FB7
:10714000FE0002E439C50E0082461D00F60054D34D
:10715000B9F20A00820913822143827234A2604D7F
:10716000BB00C02E59A20400E9A9090039D20E00C3
:1071700040A4E9A2080039C201008218E9A20A006D
:107180006D00040259A210003B800020E9A20C000F
:107190003B000120E9A21800B9F2000002E4E9A2D4
:1071A00019000682E9A21A0008228235E9A21B0012
:1071B00039C20200D9A40C00E9A21C003BB0FC2F8C
:1071C000E9A21D0082E2E9A80D00E9A21E00E9A9DA
:1071D0001F006DFF98E1F62B28386DFF0DE21B2292
:1071E0004E206832823228421D00A9009110F1F928
:1071F000D9FFC066C83FBD0FA20002E439D50E001A
:1072000082561D009A006DFFF7E1022948423F298E
:107210009680D4EEB9F20A0040A454E3138221F31D
:107220000832C2F25372202060FD370270D08272A1
:1072300034A2BB00B02E59A204008202E9A20900C8
:1072400039D20E00E9A2080039C20100E9A20A0001
:107250006D009C0159A210008212E9A20D003B8032
:107260000020E9A20C0008320823E9A218009100CE
:107270000125D922286119E608007F3226801AD616
:1072800060F5D9A4190082742D02000002E4823551
:10729000D9A40C006DFF37E1DF024580083239C305
:1072A0000200C212283239C20300C2128FF20F212B
:1072B000E9C203003F3206801B294E9068393C9397
:1072C000C25968493C3BB9F2000082744B421142FA
:1072D0001AD660F537057080D9A41900AB7880887C
:1072E00002842D020000DF780F0060838B7800415C
:1072F000D9320D00604FD9A30C00303282F43C0229
:107300002424FCFF02E48235D9A40C006DFFFBE0CD
:10731000F6291AAB60FF1B294E90683982521DFF77
:1073200064FF9110F1F9D9FFC066C83FBCF739D5A9
:107330000E0002E482662D0F00009110F1F9D9FFD2
:10734000D46601FC00F64802DF02B0009110F1F9AA
:1073500080F41BC4E326130E21F260FF0842D9FC1F
:107360000400DF02A300DF220500DF425500009089
:10737000827234A2BB00C02E59A2040039C201009F
:107380008208E9A2080008C240A4E9A80900E9A20D
:107390000A006D00FB0059A210008212E9A20D0044
:1073A0003B800020E9A20C003B100120E9A218005C
:1073B00039C2020002E4E9A2190008328235E9A2CA
:1073C0001A0082F2E9A21B00E9A21C003BB0FC2FCC
:1073D000E9A21D00D9A40C0082E2E9A21E00E9A8DE
:1073E0001F006DFF90E0F62B823FE9C20300284F9B
:1073F0006DFF02E11B224E20682200909110F129BE
:10740000D922C06699220400BD02500002E408C5DA
:1074100082163C4A827234A2BB00C02E59A20400DC
:1074200039C201008208E9A2080008C240A4E9A804
:107430000900E9A20A006D00A90059A210008212F9
:10744000E9A20D003B800020E9A20C003B300120A6
:10745000E9A21800B9F2000002E4E9A219000682CC
:10746000E9A21A0008228235E9A21B0082F2E9A2F1
:107470001C003BB0FC2FE9A21D00D9A40C0082E245
:10748000E9A21E00E9A81F006DFF3DE0F623284297
:1074900000909110F129D922C06699220400BC25E0
:1074A00008C502E48226DC0200902008FF646D809B
:1074B0009110F1F98F240090D9FFEC6601F900F6E4
:1074C000024FC80CBD0C25009110F1F980F31B434D
:1074D000DC2613442142604F0848C2D88FD80F8160
:1074E000DF0817806DFF88E048333F321280B9F221
:1074F0000A0054C308561382214382128237604225
:1075000002F439250E0074A26DFF46FB2848911045
:10751000F1F9D9FFD46601F900F64802DF0235001F
:107520009110F1D9D9DDFC868F4F008001D800F68B
:107530000842D9FC04008FD20F21DF1226806DFF94
:107540005BE048233F3221800842DF120E00DF3229
:107550001880820239C5010008C602F474A282377D
:107560006DFF1AFB3C0D9110F129D922C0669922BA
:107570000400BC2602F408C582062D02000001D8D2
:1075800000F6820F284F009014428F7200218FA2C4
:10759000013019420400B7020E298F8200F03942EF
:1075A0000800A6F20C49A632EE050C4A8F8F00F0B7
:1075B000A6F20090370463FD8F841F202C40B70291
:1075C0000EF9E94408008F8F1F306C418B03AF32F6
:1075D000F63A2C4AB7020AF4E9430900C6F25942C6
:1075E00004000090821F2C4982FF2C4A00900C401E
:1075F00006AF2C500C40370F62F22C510C40370F65
:1076000062F12C520C4016032C530C4106AF2C5443
:107610000C41370F62F22C550C41370F62F12C569A
:107620000C4116032C5700900C4114438F8F00F02F
:10763000A6F30C4216E08FBF00200F23A0F06C5180
:107640000C42161F2C580C43167F2C590C43069FD6
:107650002C5A820F2C5000900C408205066F16FFAA
:107660002C503942010082238F3200210642A6F2BB
:1076700034520C421603062FA62F2C503942030019
:107680008F320021A62F2C500C44066F16FF2C5170
:10769000394205008F3200210642A6F2E95201006C
:1076A0000C461603062FA62F2C51394207008F32A5
:1076B0000021A62F2C518202B94F0C0037057060B3
:1076C0007FF63180B70510F81946080013CF2076F1
:1076D000607FF6450CF0DF1F24803C07DF1421801B
:1076E0000CF0EE1E0CF96E1C015300264CF1C24347
:1076F0002C204CF1C212068F2C214CF13703703034
:107700008F5F1FF08FFFC1610CF837027020161FCA
:10771000A66F2C2208960CFA37F699F32C23C21583
:107720003CCCB472B4638B22A0220090B94F00000D
:107730002018C2EF06EFACA10C430B4510A8404F38
:10774000405D406C407E19A918005E190C518238CA
:107750002C600C522C61820FACA03C0A537F20F0AD
:107760008218C29F370F70F0C2EF06EFACA040C482
:10777000D9A510006DFF3DFF14E2DF0224008B420B
:1077800000F1C22201D8005616FF01C20046910046
:10779000012502F4D92228612D020000428FD9C4AC
:1077A0000200D9A504008FFF0F816DFF3FFF769780
:1077B00060920BAB104840A42D0200008CA0C21FA9
:1077C000ACA00CF308225FF20C80C2F213722028E6
:1077D000B9FF0000C2F2370270207FF2128001D898
:1077E0000046D9A504009A486DFF20FF8FFF0F8146
:1077F000769760920BAB104840A42D02000008322F
:107800000CF27FF21A80FF8812808B8800F18FFFC4
:107810000F4101D800569100012534E4D9C402007B
:10782000D92228612D0200003C03820F2CE00CF3CA
:10783000C21F283F009000908F8400200684A6423B
:107840003702702000908F841E208F8401F00FF289
:10785000A030BB00F02F26428F8200F00FF3A02053
:107860007BF00FF026F40684A6420090FF240780E8
:10787000DF143380820F2C400090404FCE55DA2D1C
:10788000D94F01002C409AF41045820F0B50C05183
:107890002C503BA0006080F280538B0520F20B320D
:1078A00030F26E094B6501221B0303F0895F3FF440
:1078B00002253CF2DF05E0FF795F0000EE05DA30DB
:1078C000280F281500900144002640F40152202082
:1078D00080241D00A9DC00903B40FF2F0090404F0A
:1078E00002487C4891300548D944BC176D008C454E
:1078F00000A039FF01108F5F0021DF520A806F085E
:107900000800481276252E5440F41D00463300909E
:107910002008404F405D406C7C5891300548D94468
:107920009F276D00714500A07CC891300548D9445F
:107930009F276D00694500A04CF154D25FF22500ED
:10794000D9AE080089E23CF56CC040C440E56D004A
:10795000170840C440E56D00102340C440E56D00A9
:107960003A0340F440C540E66D008F234CD040F40C
:10797000681F82146DFFB5FFC872BC2440F42D024D
:107980000000821200908202009000902008405C6B
:10799000407E404F406D6D0050457CC5913005C81C
:1079A000D9CC2C357CD5913005D8D9DD2C357CE56A
:1079B000913005E8D9EE2C354CC06E1182024CD0C6
:1079C00048233E32682F4CE048333E32683FF62F62
:1079D00040F440C5D9A604001DFF9CFF40F440C5FB
:1079E000D9A604006DFF96FF82123CEA0090405E2B
:1079F000404F19A90400406D407C6D001E4580F287
:107A0000BA028B09E0F46E03A00200907CE591308D
:107A100005E8D9EE2C357CD5913005D8D9DD2C354B
:107A20007CC5913005C8D9CC2C357B1005381B831B
:107A30008D37820F68538203E9F30110681F682FA6
:107A4000683FF9FF3800D9F228008202A0B324224F
:107A5000FC3F7B20F18954A2608268923922999C74
:107A600040E5E9F2041019A2080040F4684240D64B
:107A700040C7687F688F59FF081059FF0C1059FFE5
:107A800010106DFF85FF609240F42D020000608EA3
:107A9000DF02BCFF7B3005A87B3005B882091B4A9A
:107AA0008EA71B8B8FB739FF04108BFF2FF2EE03CD
:107AB000E9F904109110F1D999DCE0A6820F3B009E
:107AC0001080BD0C1B007DFC068060A46D009C44F2
:107AD00000A0C21F3F8F060060B46D00954400A057
:107AE00039F3041039C204105F320680C212E9F281
:107AF00004103CDAD4CC3CE639FF04108BEF0F22A3
:107B0000762580C2E9E2999C3C04C21FE9EF999C6A
:107B100019DFE0A6680F39FF0110B5DFE0A62E548B
:107B200040F46D00883240F20090404F6D00854473
:107B30009110F129B52FDCA60090404F6D007D44D7
:107B4000BD0F110039FF0110AE0DC8729601E9FF9B
:107B50000110BC2440F42D02000040F482341DFFCB
:107B6000C0FE0090404F6D006844BD0F130039FF08
:107B70000110AE2F960440F4E9FF01106DFF6C85F3
:107B800040F482346DFFADFEC882BC2340F4DC02B9
:107B90000090404F6D005144BCFF39FF01102E2C66
:107BA0008F4FC0F1E9FF011040F46D006522C882DB
:107BB000BC2340F4DC020090024F6D003E44911063
:107BC000F1F999F2E0A66E0BBC2939220410C21219
:107BD0008FF20F213E25D4223CF80090A0020090A5
:107BE0000248404F6DFFEAFFBD021100792F0210DD
:107BF000D9F40200280F792F03108244281F1BF8A4
:107C0000FF5F6DFF35FE40F20090A0020090404FF4
:107C10006D0013447CF3A0020090D9F40200A0058B
:107C20003BA000406D0056DF8FF20F21F62679FF52
:107C300002008B0F23F2EEF09110F1299922E0A6B9
:107C4000BD02EB7F392F04107E2D79F30000792FD0
:107C500002105FF3088079F30100792F03105FF3BE
:107C60000400D4223CEE00909120F1F9404C99F4AC
:107C700018CAD9FD18CA200819D414006D003F3B5A
:107C8000CCC19110F1297B20F1B9089A992FE4A673
:107C90007B3005C8802802298203A00E1B8B32BAD4
:107CA0001B6C92C7BD0F180039FF1400FEA10CF821
:107CB0006E0999D2040039220410C2128FF20F21EA
:107CC0007E274CF0F69A6E0A19D214003E2740FE29
:107CD000C84F3CE902320090EEFB39FF15002E053B
:107CE00048124CD45FF2F5FFC862BD02F27FC8743F
:107CF00060B740F540C64CC12D020000762CBD0E89
:107D000015004CF460826CE4192FE4A6B52FE4A6AC
:107D1000684F3C0B19C204005FF2060060C46D009E
:107D2000734300A082233CD482120090404C405FF9
:107D30006D00834380C280F3BA028B03E0F4EE054A
:107D40004CF082026CC0009082A20090405F404CD8
:107D500080FF6D007243BCF439FF0410C21F2CC8B1
:107D60000090404F405C6D00684380F280C3BA02CF
:107D70008B03E0F4EE0A4CC08202681F39FF150045
:107D80009601E9FF1500009082A20090404F405DEF
:107D9000406C6D005243E86DE87C0090407E404DA1
:107DA000806F405C6D00494380D38B0300228B0FB2
:107DB000E024DF02628080E254A38B0200828B0306
:107DC000E084DF085A8039D215006F121600B9CF4F
:107DD0000A008B4F61F2EE50D9DD0C006035B5ED35
:107DE000101040C4A006D204820640E76D007B3A22
:107DF00059E810100090B9C208001B420130370347
:107E000070303F23298040C43B4001406D00914CBD
:107E1000DF021400FB4002403B0028606D00164D5D
:107E2000402FBD021900B9C20800DF02170040242C
:107E300040C56D00794E3C1140C43B4001406D008F
:107E40007B4C40CF762A91300548D944AF576D001E
:107E5000DB4200A082F2009039D209006F520F80FD
:107E600060F240E454246D004A3A76287DCF050044
:107E700040F46D00954C82A2009039D215006F221B
:107E80000D0060F254228F020F218B022E22F62564
:107E900008D28F42402128D260F254228F020F2153
:107EA0008B022E22F62439D417003C0339D40B0060
:107EB000D9D20C00D4A5B5E2101060F640F439D543
:107EC0000A0039D6140040E76D000D3A022F8202F5
:107ED00059E210107DCF050040F46D00614C02F2B4
:107EE000009080428063BA028B03E0F42008EE1910
:107EF00039440800406C405D404F76446DFF5EFEA3
:107F00003C224C6016F08B0F0EF2EE0540C46D0063
:107F10002F373C19394416006DFF50FE7C243CF786
:107F200082A200904CF040F36E0516F08B0F2EF2FB
:107F3000EE03D9230400F4A340F440D540C6402703
:107F40001DFF2EFFBD02F0FF82C20090D946040043
:107F50001DFFC9FF404F6D0070429110F1399932F9
:107F6000E4A67DF20A804CF4593FE4A63C0C992328
:107F700010007C354032BD02FCFF3C057DF3FCFF68
:107F80004CF46C24820440F41D00284B024F6D0019
:107F9000544282046D00144BBD021600402382023D
:107FA000C50F1F002432FCFF9110F1F919F2E4A66D
:107FB000E92F140082FF2C2BE92F17005922100003
:107FC000B5F2E4A60090025F6D00374202F41DFF97
:107FD000DFFFBD041800544280538B0220F28B0354
:107FE00020F46E104C509110F1F999FFE4A66E0A3E
:107FF000BCF948024C405FF204804C50680FC84FF7
:108000003CF800909100F14991300558B94236068C
:10801000BBF0FF4FD9551825C50FFFF3C212370229
:1080200070205F420480BB00002C820FA03290536E
:10803000D433D433BC3EB9331A005F230880FDF03B
:10804000EF7FF942360682020090993310003CF32C
:10805000C21FFD20EE7FF942360600906D00D5412B
:108060003B0000FCA6F29100F1F9F9F2360600900F
:10807000394F1800404F5E1891300548D944956734
:108080006D00C24100A0822440F41D00A74A404F69
:108090007C4891300548D944A6676D00B54100A0E1
:1080A0006D00CB418CFF6F9F1B8099F20020BD02B9
:1080B0001700392F2100C21FE92F210099F200205B
:1080C000392F2100EE0891300548D944B2676D0080
:1080D0009B4100A08CFFB7FF81F4A8FF0090404FA8
:1080E0007C4891300548D944A6676D008D4100A0B9
:1080F0006D00A3418CFF6F9F1B0099F20020BD0211
:108100001700392F2100EE0891300548D944B26795
:108110006D007A4100A099F20020392F2100C2FFA2
:10812000E92F21008CFFB70F81F4A8FF0090404F8A
:108130007C4891300548D944A6676D00654100A090
:1081400039FF18001E4D9E72DF3F218040F46D0004
:10815000DA15DF02178040F46DFFC3FF3C0540F4E1
:108160006D00D115F62E825F3C0640F46D00CB15F4
:10817000F628DA09E9FF180040F46D0033173C06D1
:10818000DFF207808CFF9608A8FF82020090009023
:10819000405C404F024F6D0050417CC5913005C896
:1081A000D9CC2C35BD0F490039F21800DF024880C8
:1081B0000893A0338F4300318FF30F31F632A04381
:1081C000EE076DFF21FF022FDF0228803C3A91303D
:1081D00005488202D9441825B0F301420226D42270
:1081E000D422BD021800B9241A005FF4118076353C
:1081F000392409006F240C805424DF04250054C660
:108200008B0600520B647052DF051E80992210000D
:108210003CE9C212FD30E37F54C27622680291101D
:10822000F129A8DF192FF4A6B52FF4A6684F6D0029
:10823000831A820200903B00FF2F009082A20090E0
:1082400082E2009082820090405F404C80FF6D008F
:10825000F440BCF439FF0410C21F2CC80090404FFA
:10826000024F405D6D00E940BD0F7B0039F2180000
:10827000DF027B8008929110F1299922F0A66F22EB
:108280001000BC2EB9231A00B9F21A005F23068031
:10829000542348025F236C00992210003CF382347F
:1082A0006D008E49402CBD026600485259221400D0
:1082B00088D2F9221A008212E922180039F2190034
:1082C000E92219000892E92209000882E92208003F
:1082D00008B2E9220B0008A2E9220A00480274222F
:1082E000B9F21A00DF0217009110F1399932F4A6A1
:1082F0007DF2078048425932F4A63C0A4032BC283D
:10830000992310007DF3FCFF48425922100082029D
:10831000684240F46DFFAEFE7B2005281BE29228E8
:1083200059C21C008202E9C2210039C21800DF12C2
:10833000090091300548D94487776D00654000A059
:10834000EE02821F9110F1F9E9CF200019FFF0A68B
:10835000B5FCF0A66CC46D00EF19820F3C0CA00CAC
:108360003B00FFFF3C083B10FFFF3C02828FA00C4C
:108370003C0282FFBCD2ACD040C20090404F7C484F
:1083800091300548D944B4776D003E4000A0B9F261
:1083900036003B90B6304CFAB9F42C0048C57F3219
:1083A000048002233C033B80B6300B54802042F211
:1083B0000B3280300E34F9F42E0000905AF5CEF3D3
:1083C000820F3C0C7B1000203F2F09809130054824
:1083D000D94498876D00184000A0F9FF2E00820252
:1083E0000090404F02486D002840BD0F2C0039FF1F
:1083F00018005E1891300548D944B2876D000440DA
:1084000000A0B9FF2C003B106D311284370470407E
:108410000B3450210BF4A02276263B006DF1F9FFBE
:108420002C003C03F9F42C0040F46DFFA9FF3B4005
:108430005BF03FF208808CFF40F49602A8FF1D001D
:10844000D1150090BC4B404F99440400BC436D00D3
:10845000A749824440F41D00C1480090BC46CC406E
:108460006DFFF2FF40F43CFB0090404C7C489130A3
:108470000548D94498976D00C73F00A082446D001D
:108480009F48402FBC28A0F304CF242FFC3EC814E3
:108490006D00064B40F20090404F405C6D00CD3FB8
:1084A000BCF2E85C0090404F405C6D00C63FBCFDF4
:1084B00039FF18005E1891300548D944B2976D0015
:1084C000A33F00A0B5FC08200090404F405C6D0029
:1084D000B43FBCFD39FF18005E1891300548D944FF
:1084E00099A76D00913F00A0B5FC04200090404F7B
:1084F000405C6D00A23FBCFD39FF18005E18913052
:108500000548D94480B76D007F3F00A0B5FC14201A
:108510000090404F405C6D00903FBCF539FF180063
:108520005E12E87C0090404F405C024F6D00853F3A
:10853000BD0F110039F21800DF1209809130054893
:10854000D944A6B76D00603F00A0B5FC1020E9FF3C
:10855000210000907C4891300548D94484C76D00C3
:10856000533F00A09100F1F99110F12919FFC45572
:108570001922F8A642F259F2C4550090024F404F1A
:108580007C5891300548D9449EC76D003D3F00A0FE
:10859000BCFEB9F23800762B8B9262321B82FD2F23
:1085A00037027020763282020BF290F102F20090D4
:1085B000406E404F405D02486D003F3F80F280D3E7
:1085C000BA028B03E0F4EE1439FF1800EE144CD01D
:1085D0000884681FA8E876446DFFF0FA3C05D9F4DA
:1085E00004006D00C533402C7C2982C200903B0002
:1085F000FF2F00903B60FF2F00904CF0EE0419C25B
:1086000004006802B9FF1A00EE356DFFFDFCA8D228
:10861000DF02800040F46DFF9FFF59F21410C2F298
:1086200059F2081059F21C1059F220103B006D212C
:108630008203F9F22E00F9F22C00F9F224103B80AB
:108640002120022440C468A368C3F9F23600D9F59A
:1086500004006DFF95FFF9F236008212F9F20C105A
:10866000B5FE0C2040F482246D00C512DF02290003
:10867000009008926F22D07F913005488222D94421
:10868000182501420226D422D423BD031600B93393
:108690001A005FF30F80B9331C005F830B805434E2
:1086A00048035F3407801934040054D35F34340026
:1086B000993310003CEBDF32AF7F82323CE3822201
:1086C000E9F218006E139110F1399932F4A67DF297
:1086D000078048435933F4A63C094032BC2799230C
:1086E00010007DF3FCFF4CF46C249110F129192249
:1086F000ECA6B52FECA668426D001E18821F9120D3
:10870000F12940F4E92F9C9C6D006C1482020090CA
:1087100082E2009082820090404F99443810BC461B
:10872000820F6DFF9DFE59FF38100090404FBD0431
:108730002C00394F18008B2FA0228BAF2024DF0292
:1087400024006DFFCEFC99F43C10BC46820F6D00F6
:10875000274859FF3C1019FF38106E0440F46DFF94
:10876000DDFF99F4301082FFF9FF34006DFF78FED1
:1087700099F43410820F6DFF73FE59FF301059FFCA
:108780003410F9FF2C100090404C405F7C58913021
:108790000548D94485D76D00373E00A07CC891308C
:1087A0000548D944A1D76D002F3E00A0D4C27DF268
:1087B00006804CF46CC03C094032BC279923100061
:1087C0007DF3FCFF4CF46C24820F684F40F46DFF86
:1087D000AFFF39FF18008BAF20228B1F2024762992
:1087E000B9FF1E002E069602A8FF40F46D00FA1392
:1087F00039FF18009E1F19FF30106E089130054890
:10880000D94481E76D00003E00A019FF34106E08C6
:1088100091300548D94499E76D00F63D00A019FF55
:1088200038106E0891300548D944B2E76D00EC3D30
:1088300000A0820FE9FF1800820FA8DF0090404FD0
:1088400002486D00FA3DBD0F700039FF18005E1838
:1088500091300548D94489F76D00D63D00A039F222
:1088600018008BA220F2EE0B9110F149D944E8A632
:1088700040F56DFF8BFF40F41DFFFCFB19FA14104F
:1088800048A999FC1420C85DB9FF1A00DF021880BE
:108890006E239110F1399932F4A67DF207804CF4E1
:1088A000593FF4A63C094032BC27992310007DF3C0
:1088B000FCFF4CF46C24820F684F3C0F9110F1497F
:1088C000D944ECA640F56DFF61FF82129120F12999
:1088D000E9229C9C3C03820F820899F43410BC432B
:1088E0006DFFBEFD99F43010BC436DFFB9FD99F4E6
:1088F0003810BC436DFFB4FD40F46DFFF2FB768C85
:1089000040F40BA9104840F5D9F6040002F6B9F777
:108910001C006D00181340F46DFFACFBBCC540D4C7
:108920003B30FF4FDC0C009082141DFF8AFF405F3C
:108930007C5891300548D944BAF76D00653D00A0D8
:1089400040F46DFFF3FF3B30FF2F0090404C405F41
:10895000BD04138091300548D944D7076D00543DBC
:1089600000A03C0A48024CC0C84D5FF2058040F4AC
:108970006DFFDCFF40DFBD0FF7FF0090BD04250059
:108980004C406E229110F129405F9925ECA6404C95
:108990006DFFDEFF9110F1299925F4A640C46DFF0B
:1089A000D7FFBD0F12004CF09110F1299922F0A6CB
:1089B0006E0BBC2A54224CC05FF204804CF06C2039
:1089C000992210003CF700909A840248BF2F09803A
:1089D00091300548D944CB176D00163D00A0911089
:1089E000F1F99110F12999FFECA61923F8A6820F4D
:1089F000A004BCFE39F218005F82098048920B2364
:108A000080203FF20480022F40F4C84F3CF3BC4466
:108A100082041DFF16FF0090024F6D000E3D822460
:108A20006D00CE459110F1D999D4ECA6BD028C8091
:108A3000BC4EB9421E00CC446F3208008F82C02168
:108A4000F9421E006DFF75FB40F43CF39110F1F903
:108A50009110F1C999FFE8A619C4F8A68202BCFAE0
:108A600048930B3480303F230480023240F4C84FD7
:108A70003CF7BC436DFF5AFF82246D00A145BD0247
:108A80005B803B9000406DFFA1FF82246D00984504
:108A9000BD024A803B8000406DFF98FF82246D003C
:108AA0008F45BD023980370F48200E2402F3EE04B3
:108AB0003C253BF0073099DFECA6C2F319C5F8A6B8
:108AC0008FF30F318204A004BD0F160039F2190094
:108AD0003F3209805F320C8048930B3580303F4332
:108AE0000880489440F40B4580403C020232C84F55
:108AF00002233CEBBC436DFF19FF82246D006045EF
:108B0000BD0265009120F1F9D9FF683AC8CF8822EB
:108B1000C2F2A8229120F1F9D9FF683AC8CF882281
:108B2000C2F2A8229120F1F9D9FF683AC8CF882271
:108B3000C2F2A8229120F1F9D9FF683AC8CF882261
:108B4000C2F2A82240238202C50F27202432FCFF54
:108B50003B006D21F9222E00F9222C0082F2E9223D
:108B60000B003B802120F92236008262E92F190098
:108B7000F92204103B00DAF2F922021082F291107D
:108B8000F1F9F92F2810F9223400F92F0E10821272
:108B90007B2005F81B4FD6F8F9220C1019F2F8A625
:108BA000592F08209120F1F93B0071F2592224003D
:108BB000592F182039F29A9C3B007DF0592F1C2028
:108BC000DA09E9222200592F202000903B000440BE
:108BD0001DFF24FF404F02487C4891300548D9448E
:108BE000D9176D00113C00A039FF1800DF084C00B8
:108BF0008B7F00228B4FE024DF02460019F23C10ED
:108C0000F627B9F22C003B006D315F323D008CFF3E
:108C1000AE4891300548D944F9176D00F53B00A0E6
:108C200040F419F4141048A540F5D9F60400B9F63B
:108C30001A00B9F71C006D00861140F46DFF78FD35
:108C40009110F1399932ECA67DF207804CF4593F2E
:108C5000ECA63C094032BC27992310007DF3FCFFB1
:108C60004CF46C24820F9120F129684F821FE92F68
:108C70009C9C9110F1299922FCA67DF25B806D00ED
:108C8000670A3C5EDF1F2A006E10DF2F57809110AD
:108C9000F149D944ECA640F56DFF78FD821F912083
:108CA000F129E92F9C9C3C45B9FF1A006E429110B6
:108CB000F1399932F4A67DF207804CF4593FF4A6BD
:108CC0003C094032BC27992310007DF3FCFF4CF493
:108CD0006C24820F684F3C2D91300538821FD933A8
:108CE000182582029032D422D422BC2A9924002052
:108CF0007DF4048059220020992210003CF7C21F05
:108D0000DF4FF2FF9110F149D944F0A640F56DFF15
:108D10003DFD39FF18005E1891300548D944D2272F
:108D20006D00723B00A0823440F46D0057443C0853
:108D300040F46DFF9FF93C0440F41DFFFAF98202F4
:108D40000090404F6D00793BBCFB39FF18001E14AA
:108D50008CFF9610A8FF40F482141DFF3DFF3B00DE
:108D6000FF2F0090BD051100BC6B4054B964080092
:108D7000406F6DFF38FB40F46D0012453C08F6472C
:108D800040541DFFE0FF3B00FF2F00908202009047
:108D9000BD043E00994C3C109942082082020CCD43
:108DA00059423C10404FBC299944140040F540C63C
:108DB00082042D0200003C07A00440F540C6820456
:108DC0006DFFD2FFDF021C806F5F2500B9FF2C0012
:108DD0003B006D213E24C21FF9FF2C0099F20820B0
:108DE000BD021900C85440F5A00682042D020000FF
:108DF0008B323F22F62F3B30FF2F00908B321F2209
:108E0000DF02FBFFB5FC3C1082B200903B00FF2F5D
:108E10000090820200909120F1F939FF9A9C911004
:108E2000F1E9C21FE9FF9A9C80FF9120F1C9D9EEB8
:108E3000ECA61BAFA59CD9CC9C9C8208CCE0BD0FB6
:108E40002D00609239F222000C205FF22400E9FF2D
:108E50002200B9FF1E002E0A9602A8FF40F46D0002
:108E6000C1108CFF8F3FC0F1A8FFB9FF1E002E3745
:108E70008F8FC0F1A8FF40F46DFF5BF919FF3C1024
:108E8000C84D6E0940F434C86DFF84FF0CC06E03FA
:108E90003CD6C84D40DF3CD40090404F0248025FB2
:108EA0006D00CB3ABD0F270039F21800DF12260003
:108EB000DF08120088F240F48F024121A8F28214E8
:108EC000EE1799F43C10BD041C006D00694459FF75
:108ED0003C103C166E159AD216FFFF5F0F8082126F
:108EE0000FF200208F3201F16E0840F482041DFF62
:108EF00073FE3B00FF2F00903B50FF2F009082023B
:108F000000909110F1D919DFF8A69120F1F9C21F54
:108F100059DFF8A67B10F1C939FF9A9C1BCCEAC631
:108F20007B20F189C21F1BC8A58C80FB60CCE9FFA8
:108F30009A9C028A60C27B3005E8CC20A00E1BBE42
:108F4000CAE7BD0FAB0139FF1800EE0560E46D0004
:108F50005B3A00A039FF18005E1891300548D944EB
:108F6000D4376D00513A00A039FF18008BAF20F2C2
:108F7000EE0891300548D944FD376D00453A00A010
:108F800060B239F22200392F9A9C5FF2058048497D
:108F90001D00800139F21800E9FF220039FF061098
:108FA000DF220780BF6F0580821D1D00A300FFCF59
:108FB000FDFF39FF25206E4219FF34106E089130F5
:108FC0000548D944E9476D001F3A00A019FF301049
:108FD000EE0891300548D944DB576D00153A00A0E2
:108FE00039FF2620FFCFE2FF39FF252091300528E9
:108FF000D922C9B7102239F22420392FFFFF7FF27E
:109000000580C212E9F2242039F224203FF2718057
:10901000B9F4241040F4F6476D00A012DF02698015
:109020001D005F016D000F0DDF025B8140F46D00DC
:10903000D90FDF025E001D005401C9FF34003BF070
:10904000FF378B0F80220B3F10227624C21FF9FFBF
:109050003400C9F23400C9FF04103FF24A0040F462
:109060006D008D0E762719FF3410EE4219FF301077
:109070006E3F39FF18009E2EC9FF0010C9F2021082
:1090800086DF422F39F20610913005288BC220234B
:10909000D922D0B70122002614220F2F00F03BF076
:1090A000FF277F2F0500370F50F03C02022FF9FFFA
:1090B0000410820FF9FF3400B9F30C10B9FF24102B
:1090C0000BF39031B9FF360006F38F1F00203702F3
:1090D0007020F9F30E107F230480F9F20E10F9FFCF
:1090E0000C10820FF9FF2E1040F46D00F111820D6B
:1090F00039F21800DF620F8088F36F430C00489349
:1091000019DFF8A652338B936232F6349A1D8FFF23
:109110000FD108936F3330008B7200328B42E034F2
:10912000DF032A0019F7182019F21C2019F4202057
:109130003B401F3003420A47489619DFF8A64B34DC
:10914000114252667F6407809A1D8FFF0FD18219EA
:109150003C1339F4272003240A274B3211227F6263
:109160000B8040F46D00D911F62639F22720C21287
:10917000E9F22720820919F23810762EC9F204107C
:10918000489319DFF8A65362202052333F2305800D
:1091900040F46DFFC3FA39F21800DF320D804892B7
:1091A00019DFF8A652228B926222F62F9A1D8FFFAA
:1091B0000FD13C0B8B922022F628489219DFF8A69B
:1091C00052228B12AF22F623DF0D440040F419FF28
:1091D00014206DFFADFAD4C2BCEE7D2F0980913012
:1091E0000548D944D0676D000F3900A0484259E2C4
:1091F00010003C0C7DF2090091300548D944FB6712
:109200006D00023900A0484374C3769E40F419F4FF
:10921000141048A540F5D9F60400B9F61A00B9F7BC
:109220001C006D00900E40F4485D48496DFF22F728
:109230006082820234226E0760D460FF3B30FF4FB1
:109240002D0F000060A20C20DF0F76FE40EF3C21C6
:1092500039F2200039F32100C2128FF20F21E9F216
:10926000200048493F3216806082E9FD2000342DFD
:1092700099F210208202BC25C85440F52D0200004E
:1092800060A20C20DF0F58FEF62440F46D00AA0EF9
:1092900040FE609F1DFF57FE9110F1E97B3005886D
:1092A0007B30059899ECE8A61B58DE87D9DDF8A637
:1092B000D9EEE8A61BB9E397BD0C120039CF180010
:1092C0008BAF00F2EE0560846D009E3800A04CC9A3
:1092D00054D25AF28B1FAFF2EE0F3C310090820F46
:1092E000E9FF242039FF2520FF7F03FFC21FE9FF8C
:1092F00025201DFFFEFE40C46DFF1AFABCFFD4E21C
:109300007D2C098091300548D944D4876D007C3884
:1093100000A019C3100068433C0AD4E27DC20600D5
:1093200060946D00713800A04CC46CE040C44CC423
:109330006DFFA0F640FC40CF60FC3CBF4CC43CFC41
:109340009120F1F96DFF69FD39FF9B9CC21F16FF4B
:10935000E9FF9B9C2E031DFFD6FD00909120F1F9A3
:10936000B9FFA81B9212F9F2A81B9110F1F999FF0D
:10937000CCB6BCF79120F129B922AA1B7F2F0A8015
:109380009110F1F999FFD0B610FF39F21400009056
:10939000A22F16FF10FF08020090404C405F7C484F
:1093A00091300548D944DDB76D002E3800A099C230
:1093B0000C000C2D39240C008F8F00F0A6F46DFFEB
:1093C0003DF29110F1E9D9EEC8B66F024A0040F4BF
:1093D0006DFF46F8A00F3C53C832B9CF080054E4E3
:1093E00039230500392204008F8300300F23A05059
:1093F00039230600392207008F030130A6538F82DC
:109400000120A63252230B430050B9F308000B355C
:109410008030BF0329000C2D39240C008F8F00F001
:10942000A6F46DFF0BF26F02170099CD0C008214A9
:1094300039D20D0039D30C008F8200200F32A0F0FA
:109440006DFFFCF1A6F237027020E9D20C00068213
:10945000E9D20D0040F4C80D6DFFF6F740DFBD0FF7
:10946000BDFF3C0D0B4280405AF4CEF937047040EA
:1094700099C40400F9C408006D009642ECC0009045
:10948000404C7C4891300548D944C2C76D00BC3778
:1094900000A09120F1E9B9EFAC1B6E429120F1D907
:1094A000820FF9DFA81BD9DDA81BD9EEAC1B40DF6A
:1094B0003B405B80B9EF0000B9D200007FF2318001
:1094C0006DFF4EFFDF12F87FDF022B00DF222080CE
:1094D0006DFF46FFDF422580B9F20000C2127FF225
:1094E00020006DFF3DFF8F820020370270F06DFF7E
:1094F00037FFA6F2370270209AF2370F70F03F8FD5
:1095000004803B405B20F9C236003CD56DFF28FF4C
:10951000BF2207808CF0C2EF42F2A8023CCC009040
:10952000404F7C4891300548D944DCC76D006C370A
:1095300000A09120F129392F9D9C6F4F18008CFFBE
:10954000AE4999F21420BC26C8543B10FF4F2D029F
:1095500000009110F14940F5D944ECA66DFF16F9D1
:1095600040F46DFF87F582120090820200907B101C
:10957000F1A97B3005B89120F1E9404C405F1B4ACE
:10958000ECA61B1BF4B7D9EEA61B01068094BD0FF9
:10959000570060A2542CC832392305003925040035
:1095A0008F8300300F53A040392306008F03013012
:1095B000A643392407008F840140A6346DFF45F18E
:1095C000C832022FB9F8080039230D0039240C00E5
:1095D0008F830030A6346DFF31F10B8C80808F3289
:1095E00000215AF88B022022A22FBF0F2900C81495
:1095F000C80D6D004D42022FB9C200007FF20680F7
:1096000060B46D00013700A094C240F45AF2ACC0BF
:1096100088428CE0422FACE06DFF16F7B9CF000016
:109620006E0C010D80F4269F6E0891300548D944D8
:10963000E9D76D00E93600A040DF3CAA40F2009077
:10964000404F7C4891300548D944C9E76D00DC366D
:1096500000A039FF1800FF4F098091300548D94418
:10966000E2E76D00D13600A09120F129392F9E9CB0
:109670009110F1D97B20F1896F4F5B0119FF181010
:1096800019D2C8B6B9F42410522519F31C10911040
:10969000F1C9BF0518007E2619CFC4B65AF3BF0F13
:1096A000120019CFC4B65FF326809110F1299922D8
:1096B000D0B60C2F39250E008F8F00F0A65F7FF4F7
:1096C0001A809110F1299922D0B60C2F39250E005D
:1096D0008F8F00F0A65FB9F52610F9FF24107FF5F3
:1096E0000480F9FF261059F2181019C2C4B659F2B5
:1096F0001C1019F2081019CFC4B60BF28050BF0528
:1097000037006082B925A41BDF05E380B9F524107A
:1097100019F61C10424342655F35DB80C9F3340003
:109720003AF207338F37263FDF0FD30039F20710A5
:109730009A1216FF7FF20480E9FF071039FF071025
:10974000BF4F0F80B9F20C10C9FF3600422F370F00
:1097500070F07F2F038082FFF9FF0C103C03DF3F86
:10976000B88040F46D00BD0B1D00B30092F3A2233E
:10977000BF03AC0019F31410A2F3BF03A700B9F3A1
:109780001E006F230C008F43C031A8F3C9F30E10E5
:10979000F9F30C108203F9F32E10C9F40010C9F587
:1097A0000210820386D4E9F306104254E9F307104D
:1097B00039F31800F9F4041059FF0810BF4336803C
:1097C0005222B9F30E10B9FF0C10370270207F3F00
:1097D0000F8088F382246FB303008214C9F336002C
:1097E000E243370370300B2390213C14B9F32E1061
:1097F0004232370270207F32038082F2F9F22E105B
:10980000B9F22E103FF21280A2F2F9F22E10C9F234
:10981000360042F2370270207FF2068082FFF9FFA5
:109820000C103C03F9F20C1099F5341099F6301035
:10983000D9FE2A1040E46DFF9CFE99F53010B5F278
:10984000341040E440266DFF94FE99F33410B5F2D5
:10985000301082FFBC32820FF9FF3400820FE9FF23
:1098600020007C24802FF9FF2C109120F149C9FFA2
:109870002810C942A61B422FF9FF28108CFF6FBF8A
:1098800028007C36BD021D0099220C003C03993251
:109890000C000C25392304008F8F00F00F3FA0200F
:1098A0000C26392407008F0F01F0A62F8F8401406A
:1098B000A6F46DFFCAEF19FF1010A2F20E298CFF5B
:1098C000B70F81F5A8FF3C0440F46D005E0B48E43F
:1098D000DF042F0019C2C4B64CFF5222FF02290038
:1098E0009110F129C9F300101922F8A6A2428FD3D2
:1098F0003F40A24237027020370250F04223370324
:109900005030F9F30010CEF43252370250F0C9F261
:10991000021086D38FE23F40A242422F370F70F0F1
:10992000F9FF0210423FF9FF0410820F68EF6082D6
:1099300048A2B924A41BDF04FD0339FF1800FF7FF0
:10994000F98319D3C8B65A3292F5BF0560001BF3EC
:10995000FF5F4254A224BF045A009110F1E9D9EEEE
:10996000D4B699EC04007CC891300548D944FBE793
:109970006D004A3500A0BBF0FF2F3F2F09809130CA
:109980000548D944CBF76D003F3500A099E20400AB
:10999000370F70F0B92208007FF209809130054836
:1099A000D944DAF76D00303500A099E20400C9E22D
:1099B00008008204C9230800A2F2A2F33703703022
:1099C000F9E20800B9C20A007FF20B80A22FF9C3A6
:1099D0000800F9C40A00370F70F0D4CC3CF402F44C
:1099E00040C46D00A93E4CFA99E20C00370F682480
:1099F00059DFC8B6E9220500370F68282C248F8F5D
:109A00001EF0E92206002C273C070B238020CE24E1
:109A10008CFF9602A8FF19DFC8B648A25223BF03E5
:109A20008603B9F42C001BF2FF3F4243A2F3BF03AD
:109A30007E035FF23B829110F1C9D9CCD4B699C2B2
:109A40000C00B9C908000C2D39240C008F8F00F0D0
:109A5000A6F46DFFF3EE8F320021AB19002237021E
:109A600070206083B9FF2C00F932A41B7F2F628025
:109A700099C20C000C2D39240C008F8F00F0A6F435
:109A80006DFFDCEE6F02190099CE0C000CED39E28F
:109A90000C008F8F00F0A62F02F46DFFCFEE8FE247
:109AA00003416DFFCBEEB70F06F4A6F2370270F05C
:109AB0002CEC068F2CEDC9FF2C0099C20C00ACC415
:109AC0000C2D39240C008F8F00F0A6F46DFFB6EE3C
:109AD0006F1205008CC4C2FFACC499C40400B9C4A1
:109AE00008006D00613F99C20C00B9C908000C2D37
:109AF00039240C008F8F00F0A6F46DFF9FEE8F329B
:109B00000021AB19002237027020608219D3C8B639
:109B1000B9FF2C0048A6F922A41B426F42325FF223
:109B2000090091300548D944EAF76D006D3400A072
:109B300019FF3810DF0FE00099C20C000C2D3924FA
:109B40000C008F8F00F0A6F46DFF78EE6F020C0012
:109B500099F43810BD04D0004C4059FF38106DFF07
:109B600073F43CF780D299FE381080CF1B82ECC68C
:109B70001B4886ABBD0EBE0060A260C3B9220000C8
:109B800099E20C00543639240500392304008F84EF
:109B900000400F34A05039240600392307008F04F9
:109BA0000140A6548F830130A6430B3280400B64E2
:109BB0000050B9E408000B458040BF044C00392236
:109BC0000D0039240C008F820020A6246DFF36EE94
:109BD0006F023B0099C20C0039220D0039240C00A1
:109BE0008F820020A6246DFF29EE6F122E8060F276
:109BF000821419290C00609339320D0039330C009E
:109C00008F8200200F32A0B06DFF18EEA6B26092D6
:109C10003702702060F3E9220C000682E9220D0071
:109C200099320C00B939080039230D0039240C0091
:109C30008F830030A6346DFF01EE60A28F320021C9
:109C4000AB190022B42254E940E46DFFFDF3609E9D
:109C50003C92A2630B238020FF024C0099C20C00AF
:109C6000F9C308000C2D39240C008F8F00F0A6F4E6
:109C70006DFFE4ED6F1205008CC4C2FFACC499C443
:109C80000400B9C408006D008F3E99C20C00B9C928
:109C900008000C2D39240C008F8F00F0A6F46DFF06
:109CA000CDED8F320021AB19002299E20C00370272
:109CB0007020608319D3C8B6F932A41B423239230D
:109CC00005000C248F8300300FF3A0400C268F0F6B
:109CD00001F00F4FA0300C278F8F01F0A63F5FF2ED
:109CE000090091400548D94420086D008D3300A03B
:109CF000B5FE3810608219D2C8B6B92FA41B42F243
:109D000068A2B9F22C007FF2098091400548D9443D
:109D10001A186D00793300A06083C9F22C00C93F86
:109D2000A41B40F45AF2F9FF2C006DFF29F399C2ED
:109D30000400B92F08006E079110F139820FB53277
:109D4000C0B66CC199C20C000C2D39240C008F8F49
:109D500000F0A6F46DFF72ED6F0209009120F12969
:109D6000392F9D9C9620E92F9D9C80D27B4005B881
:109D70009110F1E99120F1D91B82ECA61B8B07B859
:109D8000D9EEC0B6D9DD9D9C99FC3810BD0C84007D
:109D900099C20C00392205000C248F8200200FF29A
:109DA000A0300C268F0F01F00F3FA0200C278F8FC3
:109DB00001F0A62F48A25F2F6F8060A3B9C80800EA
:109DC0006C300C2D39240C008F8F00F0A6F46DFF41
:109DD00035ED4CFA99C20C00428F8F320021AB1F37
:109DE000002268A20C2D39240C008F8F00F0A6F4FD
:109DF000B9C90800B9F82C006DFF20ED8F320021A1
:109E0000AB1900227F28068060B46D00FD3200A0EF
:109E100099C20C00B9C808000C2D39240C008F8F92
:109E200000F0A6F46DFF0AEDC9FF2C008F3200216F
:109E3000AB1800225222F9F22C0040F46DFFA0F280
:109E400099C50400B95F08006E09D4E4BC446D00F4
:109E50003C3E3C02F4E5820F6CC199C20C000C2D13
:109E600039240C008F8F00F0A6F46DFFE7EC6F0231
:109E70000B000CD096202CD039FF18005E44827F56
:109E8000E9FF180054C240C459F238106DFFDCF2EB
:109E90001DFF7CFFB9FF1E002E058F1FC0F11D00A6
:109EA000540196011D00520199FC3810A00E92F643
:109EB000BD0C16809110F149D944D4B66DFFD7F28C
:109EC000B5F238101D003301BD0E3E805223BF0392
:109ED0002F00D4C340CEBD038900403C99C20C0082
:109EE00039230500392204008F8300300F23A0405E
:109EF000392206008F0201200F42A03039220700CC
:109F00008F820120A6325F2FE1FF9110F149D944E1
:109F1000D4B6B94F0800B9C208007FF208816DFFBE
:109F2000A6F2BD020401BCEBF4E23C0B9110F14936
:109F3000D944D4B66DFF9BF2BD02F900B5F23810DA
:109F400040243C4E99E30C003934050039330400B9
:109F50008F8400400F34A050393306008F03013046
:109F60000F53A040393307008F830130A6430B36CF
:109F70008030BF03B07F1BF2FF3FA2F3BF03AB7F74
:109F80009110F149D944D4B66DFF71F2802FDF0FE3
:109F9000CE0099E20C0019D4C8B639230500392641
:109FA00004008F8300300F63A0503923060039224C
:109FB00007008F030130A6538F820120A632A2240E
:109FC000B9E208000B248020CE293704704099E4C0
:109FD0000400F9E408006D00E73C60F46CE040C563
:109FE0006DFFDDF91D00A3005AF2FF0FA0000C2D3C
:109FF00039240C008F8F00F0A6F46DFF1FEC6F0268
:10A0000096809110F149D944D4B66DFF30F2F4C274
:10A01000BD028D0099C20C000C25392404008F8FDD
:10A0200000F00F4FA020392406008F0401400F24B8
:10A03000A0F0392407008F840140A6F419DFC8B6C8
:10A040005244B9CF08005AF4CEF93704704099C48D
:10A050000400F9C408006D00A73C19D2C8B6B9FFC6
:10A060002C006082A22F48A242F2B92FA41B5AF200
:10A07000FF0F5D00D4C299220C000C2D39240C0076
:10A080008F8F00F0A6F46DFFD9EB6F021A00D4C2D7
:10A09000992E0C000CED39E20C008F8F00F0A62FEA
:10A0A00002F46DFFCBEB8FE203416DFFC7EBB70FFF
:10A0B00006F4A6F2370270F02CEC068F2CED48A2C5
:10A0C000C9F42C0019DFC8B64224D4C2A2F4370464
:10A0D000704099240400F92408006D00653CD4C246
:10A0E000B929080099220C000C2D39240C008F8FFF
:10A0F00000F0A6F46DFFA2EB8F320021AB19002215
:10A100003702702019DFC8B6608248A3F922A41B69
:10A1100042F2B9FF2C00423F5FF20900913005483E
:10A12000D944EAF76D00703100A040F41D002D07FE
:10A1300019DFC8B652230E37B9F32C00C2F24223FE
:10A140005AF3CEF48CFF9602A8FF00909120F1F90B
:10A1500039FF9D9C9610E9FF9D9C0090404F7C48E4
:10A1600091400548D9442A986D004E3100A0C81F7F
:10A1700008E28B12202200900249025F0268404CE4
:10A18000405F027A14AB7C4891400548D9440FA83F
:10A190006D003A3100A07CF891400548D94433A8BD
:10A1A0006D00323100A07F8F17806F1A0C8088F20B
:10A1B0006F62128076B719F23010F62419F234105B
:10A1C000762A1B7F5B508F35C0510B859051370528
:10A1D00070503C0202F502943B0028606D00363B53
:10A1E000402FBD0212005422762891400548D944E0
:10A1F00012B86D00093100A0885240F2A2F2B4C238
:10A20000A84FA85F0090A0020090404D405C0B4515
:10A2100010A8026F7C4891400548D94426B86D00CB
:10A22000F33000A07CC891400548D94406C86D00B1
:10A23000EB3000A082092E02824982446D00C039B1
:10A24000402F7C2540C46D00AB3A3C212C2A820F64
:10A250006C20B9C20800370970F0B52C04007FF2F9
:10A26000098091400548D94427C86D00CD3000A031
:10A27000C9C2080040C45AF2A84F3B4001406D00DB
:10A28000583A0228762640F46DFFDEF0A0020090D6
:10A29000C812992C0400B9D41A00E83C6DFFCEEA2C
:10A2A00034C237027024B9D41C00E9C20100C83C92
:10A2B0006DFFC4EAE9C202003702702402B4E9C2A9
:10A2C0000300C83C6DFFC1EA8B092042022FE9C29E
:10A2D0000400C254370268248FC40040E9C205005C
:10A2E000A6A4370F6828370470408F8F1EF02CC744
:10A2F000E9C20600C83C6DFFA1EAC832E9C20C0001
:10A3000037027024E9C20D00E9281200E928130081
:10A3100040F20090D4AD404C405F806F407E7CD8CE
:10A3200091400548D9443CC86D006E3000A060F5EE
:10A3300040F48264B9F5080040E648186D00E8373B
:10A340006082E922100037027024E9221100BCCAA1
:10A35000D9C20C00B5D2101039C40B0039C50A009F
:10A360003C03FBF00F4060F540F440E6826640D7C6
:10A370006D00B927022F820259D2101040F46D00EF
:10A380000F3A02F200901B45015037057050024908
:10A39000026F3B4002403B00286002786D00563A55
:10A3A000402CBD025100B9220A008B428122F628BE
:10A3B00091400548D9442DD86D00263000A0028474
:10A3C000CCC16DFF3BEA280237027024B9A400001B
:10A3D00028126DFF33EA282237027024284F2832D2
:10A3E000370F682402942852370F68288F8F1EF089
:10A3F000287F28626DFF29EA370268F439A4040037
:10A40000289F370268F8288228AF8F821E203B00E1
:10A4100000F5A6F428B26DFF11EA28C237027024B5
:10A42000B9A4080028D26DFF09EA28E23702702497
:10A43000820828F2E9F81000E9F81100E9F81200A2
:10A44000E9F8130040C200902010404F0248025F1C
:10A450007C4891400548D9441BE86D00D52F00A0E9
:10A46000B9F21C00B9F71A0074A23B00012059A2EE
:10A470000400B9F22E0048A459A20800028502F691
:10A480006DFF83FFBC26B9FF2E0048A2422F68CF84
:10A4900000907C4891400548D94400F86D00B42FE5
:10A4A00000A000902010024A0258405F026F02791B
:10A4B0007C4891400548D94426F86D00A52F00A09E
:10A4C0007CF891400548D94440086D009D2F00A0BC
:10A4D00002A46DFFBAE93B40013059A30400BB6000
:10A4E000013D74A959A30800028482050B2F10684E
:10A4F0006DFF4BFF402FBC2440246DFFCCFF40F28A
:10A5000000902008404F405C406E407D7C58914058
:10A510000548D9445B086D00772F00A0BCF608847D
:10A5200076446DFF4BEB3C0440D46D0021247C2627
:10A5300040C46D00353982C20090F4A240F440C599
:10A5400040E640D71DFFE8FE2028820FF9AF260025
:10A550007C443B00FF2F0090B9422610B94F3600D3
:10A5600006F20BF290D1F6D202FD59A51400024A70
:10A57000B5A50C00404F6D00602F99A30C00BD03E2
:10A58000EA7F39F218001BE2FF3F8B7220F28B3317
:10A59000A0F4DF0FE080DF0AE100B9FF28107FAFF1
:10A5A00007808CFF9680A8FF1D00D300B9FF2A10FA
:10A5B0008B0FA222DF02F7FF19F234106E0CDF02BC
:10A5C000CD8019FF301091400548D9444418DF0F61
:10A5D000C5803C0AF62519FF3010DF0FBF009140FF
:10A5E0000548D9447E186D000F2F00A01D00B6004D
:10A5F0000CCA6F0FBE80820FB9C2080042F27F2DD5
:10A60000090091400548D94470286D00FD2E00A036
:10A61000C9CC08000BCD80C0A2FCB9FF2C10370CB0
:10A6200070C0F9AF2600DF0FA7007FFC09809140C2
:10A630000548D94447386D00E72E00A0B9A226008E
:10A6400080C80B2A90F10BCF90F1A2FCA2F2370C3C
:10A6500070C0F9A22600B9A326008B0320220BAFFD
:10A660001022762891400548D94467386D00CC2ED9
:10A6700000A00BAF30218B0C2024DF02BE00B9C23A
:10A680000800DF02BA000BFA80E019A314000BCE19
:10A6900080E1370E70806F037300821274A282040F
:10A6A000028502C6D9A4260040F502376DFF66FD7B
:10A6B000402DBD02B20199A30C009924040002842C
:10A6C0001035ED58D40840D46D00E23942B237025B
:10A6D00070B0820E128C370C70C080C819A31400A1
:10A6E000A0038F1300318209B5A3180059A31C00E1
:10A6F0007FAC00810BCA80203702702019A31C0098
:10A700000BD2902159A21000DF0398008B09002280
:10A7100074A23B80034019A5100002D6D9A42600DC
:10A7200040F519A714006DFF29FD402EBD026E8073
:10A730008CFF9680A8FFBCD440D46D00313876944D
:10A7400060946DFF8DEEB9FF2A10DF0F698182F2F0
:10A7500000903B50FF2F009099FC3010B9FB2A105D
:10A76000BD0C400054C9DF09457F609C3CFC824F12
:10A770001DFF44FF8208820F1DFF6FFF99C2040076
:10A78000D423BC3340323CFD39220C008F020C2113
:10A79000DF021580B9220A009922040099A30C0057
:10A7A000012200267D230B806E1891400548D94474
:10A7B00045486D00292E00A03C10820402858216B7
:10A7C0006D004438402DBD02280199A30C001032C1
:10A7D000B5D204001DFF79FF028EA00D1DFF7CFF86
:10A7E000B9FF2C106E0C91400548D9446E486D009D
:10A7F0000B2E00A03C0402FC820E3C048208D20E08
:10A80000820CA00D1DFF6CFFB9220A0019A31000D5
:10A810007F32098091400548D9445D586D00F42D80
:10A8200000A099A50C0060C299E40400302519A489
:10A830001000ED58D4083C2AB9A226007628914091
:10A840000548D9445B686D00DF2D00A03B800340C4
:10A8500019A5100082166D00F9378028DF086A7F7D
:10A8600099A20C0060C360843023B5430400FB80D0
:10A8700003403B0028606D00E937402E7C23608454
:10A880003C0F608540246D00203940E46D000039A4
:10A8900042B2370270B08B1B6222F62640E46D0094
:10A8A0007F371DFF47FF19F5201040F440E5820473
:10A8B00042C582066DFFABFC8028DF083B7F769F98
:10A8C00099A318007C3891400548D94469686D0007
:10A8D0009B2D00A099A3180074383C02802919A36D
:10A8E000100059A81800423C370C70C01DFF02FF31
:10A8F0006E2399CE0400BD0E1C00C9E2080042F28E
:10A90000F9E2080054E2DF021280B9E20A0099E499
:10A910000400602299A50C00302402F4ED58D408FC
:10A92000C9E20A0042F2F9E20A00D4EE3CE5C9C2EB
:10A930000800422FACC4C9AF2600F9FF2C10BD0D92
:10A9400015007CC891400548D9447A686D005C2D9B
:10A9500000A099C4040040D56D00B738C9D20800E2
:10A960008CC4422FACC43C22DF0E1D00BCC34CC1C2
:10A97000EE0891400548D94472786D00452D00A03D
:10A9800099C204008C24D42342EFAC24BC3340325F
:10A990003CFA8C2542EFAC258CC442FEF9CE08006F
:10A9A0003C057CC459F930103C0274C919FF2010D1
:10A9B000F9FB2A1042AF59FF2010C9FF281052AAF4
:10A9C000F9FA281076BE19FF3410EE0B19FF30107B
:10A9D000EE0891400548D94467886D00152D00A008
:10A9E000DF082F006083CC33BD0F2B0019A31400A8
:10A9F0006F13278008D208C38F8200203B8000405D
:10AA00000F32A0F06DFF1AE7A6F23702702028C2BD
:10AA1000068228D23C15A00D1DFF8CFE19FF3410B4
:10AA2000DF0F97FE19FF3010DF0F93FE91400548AE
:10AA3000D94467886D00E82C00A01DFF8AFE8202C1
:10AA40000090404C02487C4891400548D9444598C4
:10AA50006D00DA2C00A099CF3010BD0FCA00F68A25
:10AA600091400548D94467986D00CE2C00A082A281
:10AA70000090B9FF08007FF8B780B9CF36007F8F0C
:10AA8000098091400548D94449A86D00BD2C00A01B
:10AA9000B9FF0800EE0891400548D94456A86D005A
:10AAA000B32C00A008AB82096F0B030082498CF421
:10AAB0003B800340A28F370F70F03B002860129557
:10AAC000370570506D00C236402DBD029200C8148B
:10AAD000884299250400C94508006092A225428554
:10AAE00037057050302502F46D00A73802295FF257
:10AAF0007D80C832820A0C2D39240C008F8F00F023
:10AB0000A6F46DFF9BE68FF20F218FF203F16F32F7
:10AB100006008F7203F13B8000A02E0416FE8F1AF0
:10AB200040A1C83239220500392404008F82002058
:10AB30000F42A03039220600392407008F0201207D
:10AB4000A6328F840140A6246DFF7FE640D540C425
:10AB500002A40B82005002B66DFF59FB402DBD02CE
:10AB60004800C8146D009437C814C9C32A10C944DA
:10AB700008000B238020A29437047040F9C22A10E9
:10AB80006D0012378842C83E0B928090A84939E286
:10AB90000D0039E30C0002F48F8200200F32A080F8
:10ABA0006DFF4CE6A68237027020C814E9E20C0063
:10ABB0000682E9E20D006D006B37C9CF2A1099D4E7
:10ABC000040042F2F9C22A106D006237C9CF2A1080
:10ABD00042F2F9C22A10480274D2E80D4CD0EE03BA
:10ABE000F9CF2C108202009040D46D00D93582F24A
:10ABF00000908F340091404F024FF69891400548E5
:10AC0000D94464A86D00002C00A07CF89140054850
:10AC1000D94479B86D00F82B00A0370FE180820A83
:10AC20007682824A370A70A03B80034002A53B002F
:10AC300028606D000B36402CBD021700B9220A00B7
:10AC40007FA2098091400548D94458C86D00DC2B8B
:10AC500000A040C540F402F419F5201002866DFFF3
:10AC6000D6FA402C7C268CFF82F29680A8FF0090BA
:10AC700019220C008F320021762891400548D944D2
:10AC800051D86D00C12B00A0B9C2080076289140B0
:10AC90000548D94469D86D00B72B00A099F230104F
:10ACA0007C24B5FC30103C06D423BC3340323CFD40
:10ACB000F42C8202F9F22C10769619F22010C212AE
:10ACC00059F220102E048CFF9620A8FF99C404008E
:10ACD0006D00DE36C9FF2A1042F237027020F9F209
:10ACE0002A10762E19FF3410EE0B19FF3010EE08E3
:10ACF00091400548D94453E86D00862B00A082029C
:10AD00000090404F7C4891400548D9447BE86D0055
:10AD10007B2B00A099FC3010BD0C1300D4C2BC23C7
:10AD2000402C3CFD99C20C000C2D39240C008F8F57
:10AD300000F0A6F46DFF82E58F720021762540F4C5
:10AD400082141DFF58FF99CC0C00821439C20D00EB
:10AD500039C30C008F8200200F32A0F06DFF6EE52A
:10AD6000A6F2370270208CFFE9C20C000682E9C20D
:10AD70000D009620A8FF82020090404F7C48914031
:10AD80000548D94455F86D003F2B00A099FC3410BC
:10AD90007CC882A200906DFFE3F9DF02FCFFD4CCF7
:10ADA0004CC040C4EEF96DFFDBF9022FDF02F3FF68
:10ADB00019F2301099C20C0074C219F2341059FF04
:10ADC000341059F2301088F2B7F28125A8F23922F6
:10ADD0000500392404008F8200200F42A030392260
:10ADE0000600392407008F020120A6328F8401401B
:10ADF000A6246DFF2AE599C20C00B9C908000228F3
:10AE000039230D0039240C008F830030A6346DFFE8
:10AE100015E542988F320021AB18002259F210102C
:10AE200068EF82020090404C7C4891400548D9442C
:10AE300079F86D00E92A00A099CF34107CF382A242
:10AE4000009040F46DFF8CF9DF02FBFF4CF0D9CD90
:10AE5000301059CF3410D4D27C294CD0680FECD0AC
:10AE60004CF0EE32F9CF2C103C2F99220C000C251F
:10AE7000392304008F8F00F00F3FA0200C263924C7
:10AE800007008F0F01F0A62F8F840140A6F46DFFFD
:10AE9000DCE4C83202280C25392204008F8F00F030
:10AEA0000F2FA0300C26392407008F0F01F0A63F8A
:10AEB0008F840140A6F46DFFC8E40B288020FF02B8
:10AEC000CE7FD4DD3CC939CF06108BFF0F22F6248C
:10AED000C21FE9CF0610820F6CCE82020090404F55
:10AEE0007C4891400548D94491086D008D2A00A006
:10AEF00019FF34106E268CFF6F2F248040F46DFFF5
:10AF000094FFDF021F80B9FF2410B9F30C100BF37C
:10AF10009031B9FF360086F3F9F30E108F1F002031
:10AF20007F230480F9F20E10C9F20E10133F20F2B5
:10AF3000F9FF0C108CFF9604A8FF820FF9FF340074
:10AF40000090404D405C40544065406F6DFFACFA4E
:10AF5000BC2740D4402540C640F71DFFD4FA0090DE
:10AF60002008BD041100405C404D40544065406FD6
:10AF70006DFF9AFABC28F4ADA004402540C640F706
:10AF80006DFFCAF90090404F7C4891400548D94474
:10AF9000AE086D00392A00A019F414106DFF55E4B5
:10AFA00040F4820402256DFF51FA402C7C268CFF70
:10AFB00082E29603A8FF009040246DFF6CFA40F4F3
:10AFC00040C540F6D9F704006DFF9DFA8CFF76244A
:10AFD0009603A8FF00908F3FC0F1A8FF8202009067
:10AFE000404F6D002A2A7CF891400548D9448E18BC
:10AFF0006D000A2A00A039FF18005E18914005482C
:10B00000D944A6186D00002A00A09110F1299922B8
:10B01000FCA67DF28A0099FC3010B9FF0C10B9FA39
:10B020002410BD0C370080F80884C24876446DFFB8
:10B03000C5E53C0460846D009B1E402D7C2382C2CC
:10B0400000904802F62419D20400680299C20C004C
:10B050000BFA90A10C25392304008F8F00F00F3FCD
:10B06000A0200C26392407008F0F01F0A62F8F8413
:10B070000140A6F46DFFE9E3B9CF080019F3081009
:10B08000A23F42F27F2A6180B9FF24105FFA4F008D
:10B090008CFF6F1F460040F41DFF77FF99C20C0024
:10B0A0000C25392304008F8F00F00F3FA0200C26C1
:10B0B000392407008F0F01F0A62F8F840140A6F4DA
:10B0C0006DFFC3E399E20C00022C0C253922040029
:10B0D0008F8F00F00F2FA0300C26392407008F0F20
:10B0E00001F0A63F8F840140A6F46DFFAEE380F32C
:10B0F0000B2C80201B4307F0FF02DC0160F3D432ED
:10B10000BD02A38160F2542274C2F42C99FC301069
:10B11000BD0C308019FF3010EE03F9FF2C108CFFAE
:10B120008F0FC8F1A8FF8202009019FF3410EEB112
:10B1300039FF2520EEAE8212E9FF2420E9F2252016
:10B14000E9FF26203CA699FE3410820FE9FF252056
:10B150007CEB7B4005E87B10F1B91BCE88E88209C7
:10B160001B8BEBB63C06D4E2BD02F57F402E3CFCC7
:10B1700099C20C000C25392304008F8F00F00F3F7B
:10B18000A0200C26392407008F0F01F0A62F8F84F2
:10B190000140A6F46DFF59E3B9CF080019F3081078
:10B1A000A23F42F23F2AB8FF99C20C000C2D39246D
:10B1B0000C008F8F00F0A6F46DFF40E36F220600B5
:10B1C00060E46D00212900A019F234108CFF762470
:10B1D0008F4F042176236FDF170099F23010BC2ABD
:10B1E0005422DF021180B9230800B9F236007F2310
:10B1F0000B80B9F228107627B9F22A108B0262224E
:10B20000DF02618139FF18009E284CC33B000140DA
:10B2100060F239220D0039230C008F8200200F329A
:10B22000A0C06DFF0BE3A6C23702702060F3E932C5
:10B230000C000682E9320D0040C46DFF91F7DF0279
:10B24000B48048A44CC36DFF00E360F23702683459
:10B25000E9220800E9230900370268388F821E209E
:10B26000E9230A00E9220B00B9F42E004CC36DFF5C
:10B27000E5E260F3B9FF2E00E9320E0037027024D8
:10B28000E9320F0048A2422F68CF39C20A004CC3EE
:10B290001B4F01C06F02120060853B405B4040D4F1
:10B2A0006DFF6EE97B402040A6246DFFCEE260F288
:10B2B0001B8F01C059221400C9F23400CE2482022F
:10B2C000F9F2340048E2DF021C8060B2542299C2D5
:10B2D0000C0068E239220500392404008F82002026
:10B2E0000F42A03039220600392407008F020120C6
:10B2F000A6328F840140A6246DFFA7E268F299C2AE
:10B30000040099C30C0019220400803FC9230A00DD
:10B31000522237027020B5230400A223F9230A0029
:10B32000C92308000B238020F9220800E939100006
:10B33000E939110039C20A00C50214006F02040085
:10B34000C5021800302380325F2C09009140054867
:10B35000D944A3286D00582800A099C40400608631
:10B360008264B945080040F54CC36D00D12F60F2EE
:10B3700099C40400E9221000370270246086E92293
:10B380001100D9F20C00B5D2101040F508B408A590
:10B39000826640D76D00A71F59D9101076258CFF03
:10B3A0009680A8FF009054C239FF180059F230105F
:10B3B0001E258CFF8F3FC0F1A8FF99C20C000C2501
:10B3C000392304008F8F00F00F3FA0200C26392472
:10B3D00007008F0F01F0A62F8F840140A6F46DFFA8
:10B3E00034E299C20C00022CB9CD08000C2D39248E
:10B3F0000C008F8F00F0A6F46DFF20E242DC8F324C
:10B40000002119FF1410AB1C0022A22FCEF359F219
:10B41000141099C20C00B9CC08000C2D39240C0072
:10B420008F8F00F0A6F46DFF09E28F320021AB1C74
:10B430000022DF02430019FF341074C9DF0F30FE11
:10B44000B5FC34103C3799220C0039220500392410
:10B4500004008F8200200F42A030392206003924D8
:10B4600007008F020120A6328F840140A6246DFFC1
:10B47000ECE199C20C00022C3923050039220400AA
:10B480008F8300300F23A040392306008F03013043
:10B49000A643392407008F840140A6346DFFD5E10F
:10B4A0000B2C8020FF02307E60F24C201DFF28FE16
:10B4B000F4EC40CE1DFF2CFE40C46DFFC5E71DFF20
:10B4C00027FE16A0DF0FA0FE1DFF26FE404F7C4882
:10B4D00091400548D944B6286D00962700A039FF51
:10B4E00006108BFF0F22F624C21FE9FF061040F45E
:10B4F0001DFF78FD404F7C4891400548D94499385C
:10B500006D00822700A040F46DFF39FCF62440F462
:10B510001DFFDEFF0090404F7C4891400548D94414
:10B52000B5386D00712700A019F41410C2F46DFF36
:10B530008CE140F4820402256DFF88F7402CBC2B7F
:10B5400040246DFFA8F740F440C540F6D9F7040049
:10B550001DFFD9F782F20090404F7C48914005488A
:10B56000D94490486D00502700A099FC3010BD0CC4
:10B57000830039FF26208BFF0F22F624C21FE9FF2C
:10B58000262099C20C000C2D39240C008F8F00F05E
:10B59000A6F46DFF53E1820F6F020500B9CF0800DA
:10B5A000BA0F99C20C0040F4392205003924040076
:10B5B0008F8200200F42A030392206003925070073
:10B5C0008F020120A6328F8501508F1F8041A62552
:10B5D0006DFF3CF7402DBD025100992E04006E18FE
:10B5E00039E20D000CEC8F820020A6F2B70206248F
:10B5F0003B100140370250F06DFF20E1A6F2370208
:10B600007020E9E20C000682E9E20D003C0F99C4CB
:10B6100004008CC4D9E51400C942080082140BF25E
:10B620008050370570506D00083399C20C000C250E
:10B63000392304008F8F00F00F3FA0200C263924FF
:10B6400007008F0F01F0A62F8F840140A6F46DFF35
:10B65000FCE019FF1410C212A22FCEF359F21410FD
:10B6600040D46DFF18F740F440D540F6D9F70400F8
:10B670001DFF49F78202009082F20090024F3BF0DA
:10B680000040404C405F6D009B2F7C299140054855
:10B69000D944B3486D00B82600A000909110F1394C
:10B6A000EC23993FECB682027422B52C08006C2181
:10B6B000BCF548125222CE2AEC20B532ECB60090EE
:10B6C0001932040052220E25403FC803BD03FAFF81
:10B6D000F423E802009099420400404F2D0200003C
:10B6E0006D00F1709110F12948031924E8B69120FA
:10B6F000054842345A24D94456BBCEF30B3200409D
:10B7000040F51DFFBDFF024F404F405C6D00952688
:10B710007B0000243F2F098091400548D944B05850
:10B720006D00722600A06D00CE7040F4122440C55A
:10B730001DFFA6FF9110F1F96D007F2619FFE4B6F9
:10B74000EE179110F129192FECA6EE069110F129B0
:10B75000192FE8A66E0D91200548821F3BA00F40CF
:10B76000D94470DBA00559FFE4B61DFFCEFF009061
:10B770009110F1F96DFFE6ED19FFECA6EE069110C0
:10B78000F1F919FFE8A66E0A912005483BA00F4089
:10B79000D94470DBA0051DFFB8FF9110F1F959FFE6
:10B7A000E4B60090913005C8912005F8821FD9CCED
:10B7B0002825D9FF56BBD0C540F454546DFFA5FFD2
:10B7C000C21F8B8F2022DF02F8FF00906D0035260C
:10B7D0006D0079709110F1D97B10F1990228D9DDB3
:10B7E000ECB61B89EE96D4D4BD0419004C410BF87D
:10B7F0008020BF021400994C0800994E0C0054425E
:10B80000609F3BF0004074D2680F6D00E72EBD0CC6
:10B81000EC7F40E42D0C00003CE700909110F1F922
:10B820006D000B2619FFECB66E0A6D004C7099FF87
:10B83000ECB64CF15222CE248202009082F20090AB
:10B84000404F405C02487C4891400548D944A66876
:10B850006D00DA2500A07CC891400548D94489785C
:10B860006D00D22500A00CF86E0F9120F129D9228D
:10B8700018CA9922040039220410C2128FF20F2133
:10B880003E23820200904802F68A762A9120F1F93E
:10B89000D9FF18CA4CF50BF200210090F623821252
:10B8A00000909120F1F9D9FF18CA4CF5DFFFF97F1C
:10B8B000C6F24CC226F28B02002200906D00A52534
:10B8C0003B0000FCA6F29100F1F9F9F23806009075
:10B8D0002008404C805F6D00B0257CC89140054831
:10B8E000D944AE786D00902500A0EE08914005483F
:10B8F000D94486886D00882500A0B9C20A00BF829D
:10B90000FD809120F1F999F418CAD9FE18CA19E4FA
:10B91000140019C904006D00F21C6092022839223B
:10B92000010014248F820020A6246DFF87DF60931E
:10B93000022B39320300393402008F820020A62402
:10B940006DFF7CDF9110F129992FF0B6802A022D2E
:10B95000A00D820CBD0F4200B9F216005FD23B80F1
:10B9600060F540F402846DFF6DFFDF02340039F2B0
:10B9700014006F221680BD0D1300768F19E214009B
:10B98000DFF20C8060F454D3194204005F230900F5
:10B9900048035F2306803C034802762240FDB9F24B
:10B9A00018005FB218804812DF02118040F2DF0CED
:10B9B000AA00484260C35932100060A31932F0B6A1
:10B9C000B53FF0B668421D009E0019E310005F32DB
:10B9D000EF7F80FCC84F3CBF40D2BD0D948060FF1C
:10B9E00019E2140048135F2389806092392207000E
:10B9F000392306008F820020A632DF02118040C466
:10BA00003B8000406D00982EDF021C0091400548ED
:10BA1000D9449F886D00F82400A03C6F9120F15913
:10BA20009120F16940C43B100140B9C50800D955C7
:10BA300028CAD9662CCA6D006B2CDF02E27F3C5D00
:10BA4000BD0D480039D209006F221180CCD9BD0F3D
:10BA5000550099D428009120F17940D540C6D97776
:10BA600028CA02B4D9AA0800DC0FF68919E214002A
:10BA70008F020F218B022E22DF02EAFF60A39120AA
:10BA8000F1E9993FF0B6D9EE28CABD0FE17F7DDF1D
:10BA90001F00B9F216005FD21B8060F540F40284EB
:10BAA0006DFFD0FEDF0214004892DF021100820415
:10BAB0003B20185040C46D006F31BC29C893C8A406
:10BAC00040F5402640E702B42D030000C84F3CDE9D
:10BAD000DF0814804CE516F08B0F0EF2EE0EC9E471
:10BAE0000C0040C41B840040370450406D00512EB0
:10BAF00040C482346D00A81140C4D9AA08001D00BA
:10BB00004F2E402D1DFF73FF405C404F024F6D00D4
:10BB100094247CC5913005C8D9CC2C359110F1699D
:10BB20009963F0B64032BD0F5700BC267D2F070049
:10BB3000992210003CFB82043C0282144032EE2524
:10BB40009100F159B9523806BBF0FF3FC502FFF32F
:10BB50009A12370F70F05F320480BB0000FC403453
:10BB6000BC4DB94216005FF20780FC23F95F38062E
:10BB700082820090994410003CF4F95F38063C231F
:10BB80007D2F078099221000BD02FCFF3C1C08920B
:10BB90006F220600392209006F22F6FFB922160033
:10BBA0005FF2F2FF54C554228B0500320B52703203
:10BBB000DF03E0FF80258B0200328B05E034DF03DA
:10BBC000E37F3CD754C2A8BF6802F648E843B56F8C
:10BBD000F0B63C043B00FF2F009082020090405ED4
:10BBE000404C806F807802496D00272454A38B035A
:10BBF00000228B08E02480E38B0FE0248B03E024F9
:10BC000080C38B03E024DF02B78039C209006F5282
:10BC10000600B9C21600F62B3C1360F2608454246F
:10BC20006D006D1BDF02F77F82A20090B9E2080071
:10BC30001B820030370370307F230B803C1B40C4D5
:10BC400040C582046DFF62FFDF02F27F009040E496
:10BC50003B8000406D006D2D40EFDF0215003B4042
:10BC600002403B8000503B0028606D00EF2D402FCC
:10BC70007C2382F20090B9E208007625402440E55A
:10BC80006D00522FB9F20A00FF82098091400548E9
:10BC9000D944B9886D00B82300A0B9C41600C81DE6
:10BCA0006DFFCCDD34D2370270240294E9D201005A
:10BCB0006DFFC4DDE9D2020037027024820AE9D2A6
:10BCC0000300E9DA0600E9DA070039C214006F322E
:10BCD0000D0060F354328F020F218B022E22F625C5
:10BCE00008D28F42402128D2B9F408006DFFA6DDAA
:10BCF000E9D2040037027024E9D2050039C21400E9
:10BD00006F021480D4A560F640F43B100140B9F5F1
:10BD100008006D00FD2AF623BBF0FF2FE9D20600D4
:10BD200037027024E9D2070060F454428F020F21D9
:10BD30008B022E22F62439C421003C0339C40B00A7
:10BD40006083D9C40C00D4A5B534101060F66087A8
:10BD500040F439C50A003B1001606D00CA1A6082C8
:10BD6000820359231010022F7DEF090040F46D006B
:10BD7000172D3C043B00FF2F009002F200908062E0
:10BD80008073BA0280528B03E0F480438B02E0F4AC
:10BD90008B03E0F42008EE124C406E068F0F0F214B
:10BDA0008B022E22F624D97F04003C051972040070
:10BDB0007E28404FF8001DFF14FF3B00FF2F00902E
:10BDC00082C2009080528063BA0280428B03E0F40A
:10BDD0008B02E0F4EE30024839440800406C405DCC
:10BDE000404F76446DFFEADE3C1E4C6016F08B0F30
:10BDF0000EF2EE0540C46D00BB173C15394420001F
:10BE000076446DFFDBDE3C0D4C476EF59130052826
:10BE1000192228355F2FF07FD9441C006D00A81728
:10BE20007C233CE9BC2B40F440D540C6028440272B
:10BE30001DFFA7FF3B00FF2F009082C200908042B1
:10BE40008053BA028B03E0F4EE07D9460400B944EC
:10BE500018001DFFB9FF3B00FF2F0090405F404CD2
:10BE600080FF6D00EA22BCF439FF0410C21F2CC809
:10BE70000090404F405C024F6D00DF2280F380C491
:10BE80008B0300228B04E024DF022580B9F2160028
:10BE9000762F9110F14954C29943F0B6A8CF39FFDB
:10BEA000140068129604E9FF140040323C0D40F47F
:10BEB00040F582046DFF2AFEDF02ED7F00907D2FAA
:10BEC0000D0099221000BD02FCFFE843B54FF0B60B
:10BED0003C043B00FF2F009082020090404F6D0019
:10BEE000AC22BCFC820F681FA8CF820F288F39FFBD
:10BEF00014008F4FC0F1E9FF14000090404F405DE7
:10BF0000406C6D009A22BCF3E89DE8AC0090404F75
:10BF10006D009322BD0F1B009110F1399932F0B6DC
:10BF20007DF20A804CF4593FF0B63C0C9923100086
:10BF30007C354032BD02FCFF3C057DF3FCFF4CF438
:10BF40006C24821440F41D00492B00906D00752272
:10BF500082146D00352BBC2B4023820FC50F2B00A4
:10BF6000243FFCFF82FF2C2BE92F210000906D0065
:10BF700064221DFFEDFFBD041800544280538B0264
:10BF800020F28B0320F46E104C509110F1F999FFC0
:10BF9000F0B66E0ABCF948024C405FF204804C5087
:10BFA000680FC84F3CF80090406D404C405F6D00FA
:10BFB00044227CD891400548D944A7986D0024229A
:10BFC00000A099C30C10E84D4032BC257DF207005B
:10BFD000D4223CFCE803B5CF0C1082020090404C08
:10BFE000405D6D002A2299CF0C10A002BCFD7DDFC0
:10BFF00009804CF0BC236C20009059CF0C100090AD
:10C0000040F2C80F3CF491400548D94485A86D0022
:10C01000FB2100A00090820F2C592C5C821F2C5811
:10C0200059540400405F6D00F021DA0A4BF20122FE
:10C030008202A8530090BC43820F2C4882020090D9
:10C040000C5D99521000C21F405F2C5D8224404C51
:10C050002D0200000CFDBFAF0880827F288F3B803F
:10C0600025F0A85F009040F46DFFE7FFC84F40C483
:10C070008214DC0F994F0C10BCF640F46DFFDDFF0D
:10C08000C80F3CFB0090BD05370080635452BA03D3
:10C090008B02E0F4EE304C606E2E994F0C10406E27
:10C0A000405D404CBB90EA8F8269BD0F25004CF18A
:10C0B00054D2FE2FB70F10F8FE8CB9EF0000BE89E6
:10C0C00008829AF28FFF0F21FF721480821F0F2FB8
:10C0D00000F08F7F0421F62516186E0B28893C0985
:10C0E00040F46DFFAAFFC84240C482242D02000024
:10C0F000C80F3CDC00900C453E47820F2C46820F57
:10C10000E9440500AC440090024F92298B59642207
:10C11000404F0258F62891400548D944A4A86D0024
:10C12000732100A010F2C21F370F70F08F881F20FC
:10C1300010FF342228083709702000900B65108802
:10C140001B28002042428B526422024F404FF628A7
:10C1500091400548D9449FB86D00562100A0921225
:10C160003702702010F201F200F6342992222808DA
:10C170003702702000908B446422024F404F0258D7
:10C18000F62891400548D944A1C86D003D2100A082
:10C1900010FF92122808370270200090024F924937
:10C1A0008B596422404F0258F62891400548D944E3
:10C1B00096D86D00292100A010F28F881E2034220D
:10C1C00092123702702001F20026370868283422C4
:10C1D000922237027020C23F370F70F001F2002622
:10C1E0003708682410FF342228083709702000908F
:10C1F00080428053BA028B03E0F46E03A0020090E9
:10C20000024F405E3B8003403B4013503B002860A0
:10C210008068404C6D001A2B402DBD02F17FB92281
:10C220000A008B42B322F62891400548D94490E891
:10C230006D00EA2000A05E3539E20500DF320E8095
:10C2400039E206009110F1F9F6256D00DE2059F271
:10C25000F4B619F2F4B674E2CCD1821240F2820341
:10C26000C50333402423FC3F2802281239C20010A2
:10C27000282254E46DFFE9DA370268342842285353
:10C28000370268388F821E202863929328728B238E
:10C2900060228B4FE024F629DE3439E20500C2C269
:10C2A0008FF20F21FF220E8039C2040028C239C24A
:10C2B000050028D239C2060028E239C2070028F258
:10C2C000A003A052013C104039423A00013F104007
:10C2D000E9421C00B013FC273B20F83F3B3006200E
:10C2E000E9F32D303B300530E9F22C30E9F32E3004
:10C2F000E9F22F30D9FF3030820440F43B50035034
:10C3000082166DFF1DFF40F4022402F56DFF35FF1C
:10C310007683608FA80240D20090404F1B1400200B
:10C320003702705001F400263702502082FF2C2083
:10C330008B52A4228B3404F1405482038206370FBF
:10C3400070F07626820F3C0401F4002634260B356B
:10C35000004037047040C2139F0FF8FF1B040F40CA
:10C36000370470401D00202BCC4A820F404E201015
:10C3700040F48264687F6DFFC0FE40E440F58214A3
:10C38000D9A60E006DFF36FF402CBD024D0099224C
:10C3900004008226B9A40E00D92D303040D43B9041
:10C3A00003506DFFCDFE40D40224B9E53800F9A258
:10C3B0000E006DFFABFE40D402243B70035082465A
:10C3C000F9A20E006DFFBCFE7B400588F9A20E00AD
:10C3D0001BE8CC8860831032B9A40E0040D4142529
:10C3E0006DFFCBFEC21FF9A20E00DF4FF5FF022446
:10C3F00040D440C56DFF93FF9110F1299924F8B600
:10C400007B3005F81BCF0EF591300568780040C5EC
:10C41000D96628353B30044040E76DFFE2FB40C45D
:10C420006D00BE290CF68BFF0F22F623C21F286F6A
:10C430000CF6BB00A62EFF6F0A8082120FF20020BE
:10C440003B803EF0E2F2370270203B401FF01B328F
:10C450001F204BF20122A842820200902008BD0456
:10C460007500CC4ABD0F7200820FA89F4CFA9EF255
:10C470001BEF01F03BC003204B2F1122022F7B103A
:10C4800000207F2F0580EE05821F3C03BBF0FFFFDD
:10C49000A8AF4CFB9EF51BEF01F03BC003204B2FD8
:10C4A0001122022F7B1000207F2F0580EE05821FB6
:10C4B0003C03BBF0FFFF370F70F0A85FA87F4CFC78
:10C4C0009EF51BEF01F03BC003204B2F1122022FE2
:10C4D0007B1000207F2F0580EE05821F3C03BBF000
:10C4E000FFFF370F70F0A86FA88FB9FF0C00B9F3EA
:10C4F0000A008B0F20220BF350227623820FA85FB5
:10C500000CF72E034CF83C1039FF1C00370F482065
:10C510000E23DAFF3C098B0F6CF2EE0482FF068FCC
:10C520003C03BBF0FFFF78004CF9404C3BA00040BF
:10C5300040F478016DFFE1FD40C4D9F51C0040A630
:10C54000D9A704006DFF24DA00909120F1F939FF9A
:10C550009F9CEE329110F1C919CFF8B66E08914048
:10C560000548D94490F86D004F1F00A06DFFF0FC06
:10C57000B5C2F8B69110F1D9BD0226000C29913050
:10C5800005C8D9CC2C35962040242C2940C53B40E9
:10C5900004406DFFBBFA99D4F8B640C53B30044067
:10C5A0006DFF69FC99D4F8B691200558D9559EBC09
:10C5B000A0066DFFA5FC39FF9F9C8202C21FE9FF08
:10C5C0009F9C009082F20090024F404C405FBD055E
:10C5D000360040546D0048B90228DF0230008B1F3E
:10C5E00004917F29098091400548D944B5F86D0030
:10C5F0000B1F00A00B9890818B087022F6289140A9
:10C600000548D944B5F86D00FF1E00A002F440C4EF
:10C610003BC000508FF80F616DFF92FD01F800D60E
:10C62000022F7DDF0C00D9FE010002F4080540C492
:10C630006DFFA3FD40EF022F3CF502F20090994CF4
:10C640002800404E200840C482346DFF56FD40E46F
:10C6500040C58234D9A606006DFFCCFD82FF402D77
:10C66000BD026700992204008226B9A40600D92FD2
:10C67000303040F43B9003506DFF62FD40F40224E3
:10C680003B002450F9A206006DFF40FD824640F4B5
:10C690003B2003500224F9A206006DFF51FD19C48E
:10C6A0001C00022FF9A206006DFFCFD802F440F45F
:10C6B00002256DFF75FD40F402243B700350824655
:10C6C000F9A206006DFF3CFD7B400588F9A206003B
:10C6D000820F1BE8CC8860831032B9A4060040F4B6
:10C6E00014256DFF4AFDC21FF9A20600DF4FF5FFBA
:10C6F00099E5340040F402246DFF68FF40F4022401
:10C7000040D5F9A206006DFF0AFE9110F1F999F4E7
:10C71000F8B69130056840D5D96628353B300440DD
:10C7200040E76DFF2EFB40D4022F6D00392839C23F
:10C7300006008BF20F32F634C212E9C2060039C28B
:10C740000600FFA208803B803E40E2423702702094
:10C750003C033B0071221B321F203B401F304B32F9
:10C76000014202F2F9C4080000902010BD04B50097
:10C77000994C2800BD0CB400404E821440C46DFF9B
:10C78000BCFC40E440C58234D9A60E006DFF32FDEA
:10C7900082FF402DBD028100992204008226B9A4A7
:10C7A0000E00D92F303040F43B9003506DFFC8FC91
:10C7B00040F40224B9E53800F9A20E006DFFA6FC92
:10C7C000824640F43B2003500224F9A20E006DFF84
:10C7D000B7FC19C41C00022FF9A20E006DFF35D85A
:10C7E00002F440F402256DFFDBFC824640F43B601E
:10C7F00003500224F9A20E006DFFA2FC19C4180018
:10C80000022FF9A20E006DFF20D802F440F4022599
:10C810006DFFC6FC40F402243B7003508246F9A22F
:10C820000E006DFF8DFC7B400588F9A20E00820F83
:10C830001BE8CC8860831032B9A40E0040F41425A4
:10C840006DFF9BFCC21FF9A20E00DF4FF5FF99E5BB
:10C85000340040F402246DFFB9FE40F4022440D5B8
:10C86000F9A20E006DFF5BFD9110F1F999F4F8B695
:10C870007B3005F81BCF0EF591300568780040D568
:10C88000D96628353B30044040E76DFFAAF940D413
:10C89000022F6D00852739C206008BF20F32F63465
:10C8A000C212E9C2060039C20600BB00A64EFF62F2
:10C8B0000A8082130F2300303B803E40E23437046D
:10C8C00070403B401F201B341F404B24014202F2AA
:10C8D000F9C4080000903B00FF2F009082A2009056
:10C8E000994C28002010404F024FBCC439C20500AB
:10C8F000F62891400548D944D1086D00851D00A057
:10C900001E176E031E2D009040F41DFFA9FD40C4AC
:10C910003BC00040DA146DFFF0FBACC400909130D6
:10C9200005E8D9EE2C3540E540E640E740F46DFFE0
:10C930002FD84CFA3BC0004060F46DFFDEFB60F581
:10C9400040F48244D9A60E006DFF54FC402CBD0279
:10C9500034009922040082463B200350D92D303008
:10C9600040D4B9A40E006DFFEBFB60F2022819243D
:10C970001C00F9A20E006DFF68D70284022540D486
:10C980006DFF0EFC40D4022440C5F9A20E006DFFDD
:10C99000C6FC9110F1299924F8B691300568F4AEDF
:10C9A00040C5D96628353B30044040F76DFF19F982
:10C9B00040C46D00F52600909120F1F939FF9F9C4D
:10C9C000EE0891400548D944C6186D001D1D00A011
:10C9D00039FF9F9CC2FF16FFE9FF9F9CEE09911053
:10C9E000F1F999F4F8B66DFF94FA59FFF8B6009092
:10C9F0009120F1C9820FD9CCA09C6C486C490CC322
:10CA00002008404F6E079110F129D922FCB64C2323
:10CA10006C4A0CC46E079110F129D922FCB64C2443
:10CA20003C034CFA06FF68BF0CC56E079110F12954
:10CA3000D922FCB64C253C054CFA537F20F006DF8A
:10CA400068CF39521100395F10008F8200200FF239
:10CA5000A030395F12008F0F01F00F3FA020395F27
:10CA600013008F8F01F0A62F687F0CC66E0D9110FA
:10CA7000F129D922FCB6192418006DFFE6D60CF76F
:10CA8000688296013C040CF78F1FC0F1287F0CC709
:10CA90006E0A9110F129D922FCB619241C006DFFF1
:10CAA000D4D668920CC86E1B9110F1F9D9FFFCB670
:10CAB00048846DFFCAD6D9AE080089E23CF58204ED
:10CAC00040E46D004C230CC96E0A48946DFFBDD63E
:10CAD000821440E459A204006D004123009091208B
:10CAE000F1F9D9FF18CAC81FC8AD2028406E996255
:10CAF0000400BD0DC9010CD4DF0FC601B96F0A00D7
:10CB00008BCF62F2DF0FC0810C20DF2FBD8139F4A3
:10CB10000010820F8FFF0F218B6260320B42303288
:10CB2000763E60F3C21F013F1040302339433A0084
:10CB300039321C005F23F07F1D00A6010C2539232C
:10CB400004008F8F00F00F3FA0200C26392407002F
:10CB50008F0F01F0A62F8F840140A6F46DFF75D6CC
:10CB60004CD05FF291817B20F1A960A3B9EF0A005C
:10CB7000D932A09C40238202A0942432FC4F8BCF58
:10CB800062F2802ADF0F80818203B9EB080059A38B
:10CB90000C00DAF0780219A9080040E2B9220A0074
:10CBA0003F290D80D422A229A22B37097090370B80
:10CBB00070B0BD02F5FF1D006701402C99220400F2
:10CBC000B5A21C007FB9418199A21C00609330324C
:10CBD0000C208BFF2F22DF0238011B290020370297
:10CBE000702059A204003F924F81B9C20A001B195C
:10CBF00000C08B3F03327F2C0500392201003C0727
:10CC0000D4C2BD023A00992204001422DF034980F5
:10CC10008B4FA332F639DF1F21006E75DF3F2300F3
:10CC2000DF6F26003C6F8B6F0332DF0358808B7FF2
:10CC3000A332F63A8B4F0332DF0341808B5F03321E
:10CC4000DF0348803C5F8BAF0332DF034D808BBF37
:10CC50000332DF034E803C560228DF421581826F8B
:10CC60003C58BF421181827F82483C538F3200F191
:10CC70006E111D000901DF0307818B4FA322DF0224
:10CC80001580DF1F01016E3FDF3FFE008202DF6F74
:10CC900039808B8220833F82F780DA083C3A022871
:10CCA000DF42F280823F3C358B7FA322DF02268069
:10CCB0008B5FA3F2DF0FE880820219A308008B12BA
:10CCC00020F28B030FF5DF0FDF80821882123C21E8
:10CCD0000228DF12D980821F3C1C0228DF42D48048
:10CCE000822F3C170228DF42CF80824F3C1202285D
:10CCF000DF42CA80825F3C0D1B6FFC2FBF22C480C5
:10CD00008202EE05370C70C01D00890082FF820888
:10CD10000B290030BBE0FF4F7F43B60019A304008E
:10CD20004232370270C0DF087A0080A482021B44BE
:10CD300002E060E28203742259A3100019A31000DC
:10CD400019A5040006230B3880D0370370308FFDFF
:10CD50000FD142353705705059A3180059A514005A
:10CD6000BFAF098091400548D944EA186D004C1BBB
:10CD700000A060A310321422DF025180370D7060D2
:10CD8000BF4D0380824660E5026440C419A51400CB
:10CD900074A66D00522754A65F627680BF5D268020
:10CDA0008F3D00D1DF0D708060A41042821219A463
:10CDB000240034226DFF49D519A310009110F139D8
:10CDC000D933FCB6C213903259A3100019A318002E
:10CDD00074221B69002042233703703019A4140009
:10CDE0003F435280C21F3CABDF4D078019A4240093
:10CDF0006DFF2BD53C05DF1D478039A2240060A3C1
:10CE000010329110F14959A22400D944FCB6821283
:10CE10003422904219A224007422B9CF0A003FFCA8
:10CE20001180A2FCA2FB370C70C0370B70B07FBC26
:10CE30002B80D4CCBD0C280099C20400B5A21C00E4
:10CE400002C91DFFC1FE60A40C406E169110F129AD
:10CE5000D922FCB682024C2034429E185E298203FD
:10CE600059A30C003BC006B0DA2C1DFF95FE5E34C2
:10CE7000821F78033C0B19A30C00DF03F2FF60A3B1
:10CE80000C31EE0940E41D008B243BC00EB0DA6C7F
:10CE90001DFF82FE9110F129D922FCB60C2499ECD9
:10CEA0000400DF5F288039D205008FD20FF1DE1732
:10CEB000C8A440C56DFF9EFD39FF01106F3F1700EC
:10CEC000C8AC3B80004040C46DFF17F940F4D9C5A1
:10CED000340019C41C006DFFA0F83CD5C2C2FF226B
:10CEE000D3FFC8A440C56DFF85FD40F46DFFB8FABF
:10CEF0003CCADE6C39D205001BD2FF3F8B3360F297
:10CF00008B12E0F46EC0C8A43BC000406DFFF5F882
:10CF100091300558D9552C3540F4405640576DFF97
:10CF200037D540F46DFF22FA3CAEDF2FADFF0CD5B4
:10CF3000DF6FAAFF0C32C8AD6EA619A30C0019242E
:10CF40000800F9D308006DFF80D459D2180039C207
:10CF5000110039CF10008F8200200FF2A03039CF9E
:10CF6000120040F48F0F01F00F3FA02039CF1300C3
:10CF70008F8F01F0A62F6CD76DFFF9FB3C84404EDC
:10CF80002008CC4A6D00591A40F482546DFFB5F860
:10CF900040E440F58234D9A606006DFF2BF982FFEC
:10CFA000402DBD025000992204008226B9A406003B
:10CFB000D92C303040C43B9003506DFFC1F840C4C1
:10CFC0000224B9E53800F9A206006DFF9FF840C4BD
:10CFD00002243B7003508246F9A206006DFFB0F8B0
:10CFE0007B400588F9A20600820F1BE8CC8860838D
:10CFF0001032B9A4060040C414256DFFBEF8C21F4C
:10D00000F9A20600DF4FF5FF99E53400022440C481
:10D010006DFFDCFA40C4022440D5F9A206006DFF82
:10D020007EF99110F1299924F8B640D5D9F6180067
:10D030003B30044040E76DFFA4F640D4022F6D0062
:10D04000AF2308628BF20F32F633C21228620862F5
:10D05000FFA208803B007D40E242370270203C0383
:10D060003B00E2241B321F203B401F304B32014269
:10D0700002F2A8440090BC4ACC4ABCF80CF592C31A
:10D080008B2360228BAFE024009082020090CC4A78
:10D090002008404C6D00D119BD0F6A000CF56E6779
:10D0A0004CF640C47801820F686F687F688F689F74
:10D0B00068CF68BF68AFA8AFA89FA88FA87F6DFF93
:10D0C000DCFF40F48204DF0246006DFF16F840C426
:10D0D00040F58274D9A602006DFF8CF8402DBD0288
:10D0E00030009922040082463B600350D92E303034
:10D0F00040E4B9A402006DFF23F819A40400022F34
:10D10000F9A202006DFFA1D302F4022540E46DFFF5
:10D1100047F840E4022440D5F9A202006DFFFFF871
:10D120009110F1299924F8B640D5D9A604003B30D6
:10D13000044040C76DFF25F640D46D003123913087
:10D140000558D9552C3540C4405640576DFF20D462
:10D150003C036DFFD2F740C4D9F534006DFF41F7B1
:10D160000CF46E05820F6DFF29FC284F0090404F94
:10D170006D006319BD0F440039FF01106F0F4000AF
:10D18000B9FF38003B002420C8AC3F2F37807CCA51
:10D190003B8004406D00F020402CBD022F00E8A22F
:10D1A0003C050CC46E036DFF09FC40C2912005686C
:10D1B000820FC5030710242FFC3F40F4D9C534006B
:10D1C000D966A03C6DFFF2F66DFFC1F9022FDF02B8
:10D1D00015808212E9C2040039F201106F22078023
:10D1E00040C482246DFF89F73C0C40F46DFFBEF80B
:10D1F000762840F46DFF4DFF82FF3C033B00FFFFAC
:10D2000002F200909110F1F999FCE0A67B4005A88C
:10D210007B10F1897B30059820081BEACCA81B887D
:10D22000EF861B890E95BD0CC200CCCABD0FBC0099
:10D230000CF5DF0FB900B9F21400DF02110088937A
:10D24000C21337037030A8935F230A8040C46DFF78
:10D2500020FF40C46DFF8DFF1D00A600B9F2100035
:10D26000DF0286001BF2FF3FA883DF1281808BAFB5
:10D2700000228B1FE024C2CF8B2F4025DF029400B9
:10D2800040F482446DFF39F740C440F58234D9A69A
:10D2900006006DFFAFF7402EBD0248009922040042
:10D2A0008226B9A40600D92D303040D43B900350DB
:10D2B0006DFF46F740D40224B9C53800F9A2060034
:10D2C0006DFF24F740D402243B7003508246F9A23C
:10D2D00006006DFF35F7820FF9A2060060A3103239
:10D2E000B9A4060040D414256DFF47F7C21FF9A268
:10D2F0000600DF4FF5FF99C53400022440D46DFFCE
:10D3000065F940D4022440E5F9A206006DFF07F854
:10D3100060826096D42440E53B30044040C76DFFF6
:10D3200030F540E46D003C220CF68BFF0F22F62313
:10D33000C21F286F0CF6FFAF08803B803E20E22F13
:10D34000370F70F03C033B0071F21B3F1FF03B4076
:10D350001F304B3F0122B9FF1200A842B9F214005E
:10D360005AF2BF2F210086FFA88F3C1DB9F20E0094
:10D37000DF021A001BF2FF3FA873DF1215808FBF78
:10D380000F318B1300228BAFE024762D40C46DFF4C
:10D39000F8FDB9F20C00B9FF12005AF2BF2F0400D9
:10D3A00086FFA87FD4CC1DFF40FF00909110F1F9BB
:10D3B00099FFE0A68208BD0F3200C8A2BD022D0071
:10D3C000B92F0800BF2F0580C2FFAC243C25DF1F0A
:10D3D00024800C25F92808008B6F00228BCFE024D5
:10D3E00040F4DF0218805E1E0C2640F4FF6F0580BB
:10D3F0006DFFBDF93C116DFF4CFE40F46DFFB9FEB1
:10D400003C0B5E3A0C2640F4FF2F05806DFF19F9A6
:10D410003C036DFFABF7C80F3CCF0090538421F065
:10D420009110F1C9D9CCE4C610CFC804BC456D0039
:10D43000B7218202680210CF820FE9FF140000902A
:10D440009110F1793BA00060D977E4C68207D20A37
:10D4500082010268026F02654076A09F5387210017
:10D4600037075020806901700036393314008B0370
:10D4700000C28BA800C4DF0C1280DF031100BD04C2
:10D480005600544D193C04005FCD5180BD056D0020
:10D49000993208007D254B8000900228C217FDF0CC
:10D4A000DF7F6F1442808BA82022405C404FDF0258
:10D4B00022806F043A008BAF0022F62F138F2129B0
:10D4C00060225422DF02130091400548D944D2382B
:10D4D0006D009A1700A03C0A8BA520F2EE068BA6E1
:10D4E00000F2EE22026F3C02025F02F46DFF98FF31
:10D4F00002F8538821F06093103239221400762804
:10D5000091400548D944E9386D007E1700A0BCF56C
:10D5100060924802102F68126093103F820FA89FFC
:10D52000E82C0282009082F20090DF1315800160E7
:10D530000026092310017638B92302003F13B0FFFB
:10D54000023102263CACB92302003FA3A9FF023AF4
:10D5500002253CA501600026B92312003FB3A0FFBD
:10D56000023B022F3C9C0090404D8058406E8079D9
:10D57000024F7C4891400548D944D2486D00441779
:10D5800000A03B0001403BC001503B0028606D0003
:10D590005D21402CBD025700B9220A008BC2A12296
:10D5A000F62891400548D944E0486D002D1700A0A9
:10D5B00002F4CCC16DFF42D1286237027024287278
:10D5C00039DF00101E6891400548D944D1586D00DC
:10D5D0001B1700A06093D9F20800A054043F242F29
:10D5E000FC4E99A30400D9F212008212A054043F09
:10D5F000242FFC4ED4A3D9F20E006086A034043F41
:10D60000242FFC4E99A30800D9F2180040C5A0347D
:10D61000043F242FFC4E820F280F283F826F2812D0
:10D62000284F3B800020824F40D440E73B60804041
:10D630002822285F6D00AF1640C46D00B120820221
:10D64000009082F200902018405F404D6D00F5166A
:10D65000BD0FAB0099DC04000CC114C28F8F00F029
:10D66000A62F3B0010205F2F9D800CC4DF6F9A8097
:10D670000CC5DF4F97800CC339C202008F8F00F0BA
:10D68000A62F8B8F00F2DF0F8D0040F440C56DFF99
:10D69000735780A4D9C20E001B0401806083A0349C
:10D6A000042F243FFC4ED9C21800D9A31400A03582
:10D6B000042F243FFC5E4CF16E0A19AA140019AB2A
:10D6C00010000BFA00A10BFB00B13C02D20AD9CE2C
:10D6D0000800822976A2821939FF00101E68914045
:10D6E0000548D944D3786D008F1600A019A4100006
:10D6F000DF043A0040F46D00020E022FDF02348096
:10D7000019A210008F020F218B020E22DF022C8043
:10D710006084029440F56DFF95FEBF0225009110D4
:10D72000F129802440E41B44F236138221438222F3
:10D730006042E9221400EC22D9230C005429A055A0
:10D7400004422432FC5EAC29769E609540F46C2045
:10D75000D9F63A0040E73B0080406D001C1660940B
:10D760006D001E2039C207000CC68F820020A6F271
:10D770003B0010F05FF216808F1B80F126FADF0A63
:10D780001100D9F53A00D9F20400F4A2B5AE0400B4
:10D7900059A8080040F440E6405782246DFFE6FE99
:10D7A00040D46D00FD1F0090404F7B4005F82010D5
:10D7B000D9423A00B04F1B8F3CF991400568B5A59E
:10D7C0000800F80078014025D9660EF94027821438
:10D7D0001DFFCCFE7B10F1B982081B4BF2B68229EB
:10D7E000824A538821401A4B60FF39FF14006E1A99
:10D7F0008892C21237027020A8928BC2B232F634DD
:10D800005E17BF520A8002846DFF0AFE3C0B5E3F2A
:10D81000E9FA14003C07C2441A4BC82460F56DFFB6
:10D82000C5FFC2188BA820F2EEDD0090DF4FFBFF92
:10D83000E9F914003CF77B10F18960825384219050
:10D84000D923E4C6201001390026404F39221400A4
:10D85000405E8038FF22098091400548D944F7781E
:10D860006D00D21500A01A9860FCD9FD3A0039C2AB
:10D870001400DF222F80B9C212008BD27132F63928
:10D880001B4900201A2860F540F46DFF8FFF3C1DF6
:10D890008BE27022DF021E807B4005381B833C39FF
:10D8A0001BC9002059A304001A281B490030D9F2D3
:10D8B0000400428360F6F4A259A3080040F440D566
:10D8C00040D782146DFF52FEF6248232E9C2140062
:10D8D0001BC900F06082102740F440E540D63B00B1
:10D8E0008040D9AA10001D0056155454404C405D8C
:10D8F000406F6D00040DDF02558054D38F030F215C
:10D900008B020EF28B03E0F4EE4C40D4821440C53F
:10D910006DFF98FD022FBF0248008BF24722F628C8
:10D9200091400548D944E7886D006E1500A07B1032
:10D93000F1998FFF0FB16092538B21F0D923E4C688
:10D9400080391032820839221400F6278212E92227
:10D950001400B52C0800821860931032392214008C
:10D96000F62891400548D944F5886D004D1500A072
:10D97000010F80A40F8AA020DF02180040C440D508
:10D980006DFF14FFF62C60931032078800303924A5
:10D9900014008B1400347633F922120076A700901D
:10D9A0003B00FF2F0090009082F2609310323923E9
:10D9B0001400BF231380BCC599C21010BC22342BA5
:10D9C0001BCF00F040F5609F10F740C4D9C63A0065
:10D9D0003B0080401D00DF14914005D840FCD9DD9C
:10D9E000DD98DF133080BD0C2A00B9C30A00B9C22C
:10D9F00008005F23088054C2762540D46D000415CA
:10DA000000A039C20C006F620480D4CC3CED40F41D
:10DA10003B0001403B0028506D00BE21402FBCFC64
:10DA200060931032D424BC436D00BA1E6093103250
:10DA30008202EC20009082F2009040F46D003020D1
:10DA40003CEF00902008404F405D406C6D00F514A5
:10DA50007CF891400548D944D2486D00D51400A007
:10DA60007CD891400548D944F7986D00CD1400A0AA
:10DA70007CC891400548D944F4686D00C51400A0E5
:10DA800054C440F46D003B0CDF0263804CC08F0F28
:10DA90000F318B032E32DF031280821F2CA2DA5E3D
:10DAA0002CA40CC1E9A20300167F2CA50CC2D9A797
:10DAB00002002CA60CC32CA73C4F48124823C6F2E8
:10DAC0002632762AB70F10F8BB90EA2F3E254CF38A
:10DAD0006E4BD9FC0C0099F410107B10F1291B42FD
:10DAE000F226BD0414001444FFA4118013842132D3
:10DAF0006032392F1400BF2F0A80992308007DF36C
:10DB0000068054C34C215FF31800820FA093138F3B
:10DB100021328FFF0F41603239231400BF2311805F
:10DB2000992508007DF50D8054C5192304005F3543
:10DB30000880BC42344440F440D51DFF7EFEC21F25
:10DB4000FD30E77F40F440C540D61DFFD0FE914038
:10DB50000578D9770EF940F440D5D9F63A003B0064
:10DB600080401D00181482C200907B3005F8201000
:10DB70001BCF0EF578007B4005F8D94F3A001B8F7C
:10DB80003CF991400568B5A50800780140F5D966D3
:10DB90000EF940F782141DFFE9FC7B4005F82010C8
:10DBA000405F1B8F3CF9D9453A0091400568F80069
:10DBB0007801F802D9660EF9405782141DFFD6FC91
:10DBC000B948080020088BC8A122404D0249025FD5
:10DBD00076233BC001801B8800A0370A70503B4071
:10DBE00002403B0028606D00311E402CBD025200F7
:10DBF000B9220A007FA2098091400548D944C1A8F2
:10DC00006D00021400A0CCC199DE040040D5281F8D
:10DC1000820F40C402843B8000502809284F285FAF
:10DC2000286F287F6D00861F39E30D0039E20C0054
:10DC30008F8300300F23A04039E20E008F020120B5
:10DC40000F42A03039E20F00D9AE08008F820120C8
:10DC5000A63289E23CF540E46D008A08402DBD0201
:10DC6000160040F4B9C40A00282F283F6D00521B4B
:10DC700028223702702440C42832A00540E6FBF079
:10DC80000F40821640D76D002E0B40C46D00881DDA
:10DC900000909120F129D92318CA993D0800404FDE
:10DCA00080590CD08038160F062F8B4F6122DF026F
:10DCB000C880B9420A00BF42C480994304001432AC
:10DCC0008B820022DF02BD006083405E19341400A5
:10DCD000B04E8F040F218B022E2276259120F1E980
:10DCE000D9EE2CCA992418CA6D00090B7623609EC0
:10DCF000B04EB9F20800BF82A48040F46D00101B42
:10DD0000DF029F801B0F01A040F402A4370F70B008
:10DD10006D000F1DDF023A00B9F208000B2B005016
:10DD2000370570503F258D803B0001403B00286047
:10DD30006D008C1D402CBD028400B9220A001B8F8F
:10DD400000303F321A809924040002F440D5ED5887
:10DD5000D40840C402F46D00EF1C762991400548B8
:10DD6000D944EDA86D00501300A03C0640C440F516
:10DD70006D005A1F762540C46D00121D3C6140F4B1
:10DD80006D000E1D40CF3C0E40F402A46D00D41C6B
:10DD9000762991400548D944E1B86D00351300A0BB
:10DDA0003C4F40F402F4C81D6D00C31CDF024980E3
:10DDB000C81C0CE060822CCC0CE12CCD0CE22CCEEB
:10DDC0000CE32CCF392F1000E9CF1000392F1100B0
:10DDD000E9CF1100392F1200E9CF1200392F1300BB
:10DDE000E9CF13000CD334D239D202008F8F00F068
:10DDF000A62FBB80FF2F3F2F05801B9F00F03C0309
:10DE00001B8F00F0370F70F040C42CD2068F2CD33C
:10DE100082FF2CC8820F02B42CCA2CCB6D007A1A58
:10DE2000E9C20A00370270246097E9C20B0040F48F
:10DE300040E5A006FBF00F4082166D00540A40F446
:10DE40001D00AE1C024582341DFFBCFE02453BB0E6
:10DE500000401DFFB7FE913005F819F22C3520184F
:10DE6000404E024F3B8000503B8003403B00286007
:10DE7000405C59A210006D00E91C402DBD026500F8
:10DE8000B9220A00CC21FF82098091400548D9447B
:10DE9000D2C86D00B91200A019E2040059A2100006
:10DEA0008B6F2122DF02148039C2040080C828420F
:10DEB00039C20500C248285239C20600286239C258
:10DEC000070028728212E9C208003C168B7F2122CB
:10DED0008208DF02128039C204007B10F1892842D7
:10DEE00039C205001B480187285239C20600286242
:10DEF00039C2070028721BAFFE2FFF222380280F94
:10DF0000820F281F820F40F4282F283F3B800040BB
:10DF10006D00001A28223702702460862832D9AF9B
:10DF200014003B404920F80040D4D9A51000D21479
:10DF3000822640E78247F9A21400ACAB6D00C90904
:10DF400040D46D002D1C00900C491E27DE15B94FE2
:10DF50000A006E037FF41180024F404FBF340980E6
:10DF60006D0053124BF20122370370F0EE02821F54
:10DF7000A85F821F289F00907B0010F01B0F0EF0FF
:10DF80009110F1F959FF18079B0F10F09110F1F95A
:10DF900059FF14070090CC4CBCF2C80FBCF640F4FB
:10DFA00082546DFFD3FF3CFA009099423000BC28A8
:10DFB000192204004C505FF20400D4223CF9009076
:10DFC000404E405D994C30006DFFF1FFBD02328044
:10DFD0003BE000406D00F41A402FBD022A00820F82
:10DFE000BCD24CD0681F820FA85F289F288F28CFF3
:10DFF0009110F1294CD0192218077CCD3E28914070
:10E000000548D944CCD86D00FF1100A0820F680FDD
:10E01000ECEC3C0C7E2891400548D944FED86D00BC
:10E02000F31100A04CC0680FECC040F20090A002B9
:10E0300000909110F1C9D9CC180740C5404F6DFF31
:10E04000C1FFBC2F822F2C290C2CC21F2C2C99F223
:10E050000810BC2940F440C582142D0200003C0386
:10E0600082F2009082020090B9440A002008404DDC
:10E07000405C406EBF845F80CC4140F46D004A1923
:10E08000022FDF02588040C440E56DFF90FFBD02C3
:10E09000520008028B120132F6368B620122DF0237
:10E0A00041803C489110F13954E61935180708446D
:10E0B0000CF5086308725F561C808F8F00708F0309
:10E0C0000100A647A6078F820100A607DF0711807F
:10E0D0000CF1EE03DA0A281F99CC3000BCC2D4CC74
:10E0E000BD0C290040C408146DFF30FF3CF98F8F30
:10E0F00000F0A6F48F030130A6438F8201F0A63F03
:10E100006E195F560A80D9A50800895F3CF540C4A6
:10E110006DFF4DFFBC2F402408146DFF17FF3C0A14
:10E1200039220900DF120780AC25822F2C29820FAB
:10E130002C2840D41D00341B405D404C6D007D11E7
:10E140004CD08F0F0F218B022E22DF0236809110D0
:10E15000F1F919F218075F2F300039CF01106F5F06
:10E160002C0040C440D56DFF2DFF402FBD0227007D
:10E170000C29EE1D0C2CEE0999C20810BC2640C4D7
:10E1800040D582142D02000040C440F53B600140A0
:10E190006DFF63FE6D003911825F4BF20122370380
:10E1A00070F0EE02821FA85F821F289F0CFC820283
:10E1B000C21F28CF009082A2009082F20090405CA3
:10E1C000404D6D003A114CC08F0F0F218B022E2253
:10E1D000DF0222809110F1F919F21807BE2C91107C
:10E1E000F1F999FFE0A682AFBD0F140039F20110DA
:10E1F0006F520E00BCD654D2762448135F23088099
:10E2000040F440C56DFF9AFF022FF626C80F3CED83
:10E2100002F2009082A20090405D404C6D000D1112
:10E220004CD08F0F0F218B022E22DF023B809110EA
:10E23000F1F919F218075F2F350039CF01106F5F20
:10E24000310040C440D56DFFB2FE402FBD022A0010
:10E250000C2CFF2F238099C23000BC29D4237DF3DE
:10E2600005804CF06C203C0340323CF80CF86E0703
:10E2700040C440F53B7001406DFFEFFD99C20810AE
:10E28000BC2640C440D582042D0200003BE0004083
:10E2900040F46D00A3193C03C2FF2C2C82020090B5
:10E2A00082A20090405C404D6D00C7104CC08F0FA3
:10E2B0000F218B022E22DF0222809110F1F919F238
:10E2C0001807BE2C9110F1F999FFE0A682AFBD0F9F
:10E2D000140039F201106F520E00BCD654D27624CD
:10E2E00048135F23088040F440C56DFF97FF6E021E
:10E2F000022FC80F3CED02F2009082A20090911014
:10E30000F1F999FCE0A69110F1D9D9DD180782281E
:10E31000BD0C1E00CCCCBD0F1900B9FF0A006E1356
:10E32000C2FF370F70F0A85FEE0E0CF95E1C4812AA
:10E330004CD05FF20900289840C440F53B60014092
:10E340006DFF8BFDC80F3CE8D4CC3CE300909110EE
:10E35000F12999231C07404F405C7D4306804C40C7
:10E36000592F1C073C0B7C5891400548D944FFE8C5
:10E370006D004A1000A04CF06CC0825440F41D00A7
:10E380002D19404F405D7D45098091400548D94495
:10E39000D8F86D00391000A0BCDBD4D27DF20900A2
:10E3A00091400548D944E4F86D002E1000A0C81C27
:10E3B00099C204000C25392204008F8F00F0A62F8B
:10E3C000EE25392201000C208F8200200FF2A030B0
:10E3D0000C22D9F308008F0F01F00F3FA0200C236F
:10E3E00082148F8F01F0A62F681FC5041300043F0D
:10E3F000242FFC4E40C46DFF2BFD40C46D00481B14
:10E4000040C4022F6D00CC193C02820FC81C914001
:10E4100005E87B100090D9EEF6F8BD0C270099C2F4
:10E42000040040C43922010014248F8200200F42CE
:10E43000A030392202008F020120A63239230300C6
:10E440008F8301300F23A0806D00221B422F3F9F3E
:10E45000060040E46D00D80F00A040C4370F70F0F4
:10E460006D009E19608C3CDA40F440D56DFF71FF61
:10E470009120F1F9B9F2AE1B7FF209809140054875
:10E48000D94413096D00C00F00A0C9F2AE1BA2F25F
:10E49000F9F2AE1B02F200909110F1D9404C024902
:10E4A000820FD9DD1C07CCD08208A005A002A004F1
:10E4B000BD0F480039C30D0039C20C008F830030F6
:10E4C0000F23A04039C20E008F0201200F42A0305E
:10E4D00039C20F008F820120A63248535F23238068
:10E4E00039C3110039C210008F8300300F23A040C0
:10E4F00039C212008F0201200F42A03039C213002E
:10E500008F820120A63248635F230D8039C2050047
:10E5100039C404008F820020B9F30C00A6425F23A7
:10E520000C00C218BC4739F21F0039431F003F23BB
:10E530000480402540F4C803BC3240F2403F3CB95F
:10E54000BC446DFF20FF422F8B2880220B9F20228E
:10E55000DF02ABFF02F20090404F7C48914005483B
:10E56000D94435096D00500F00A0826440F41D00AD
:10E570003518404F7C4891400548D9443F096D000B
:10E58000430F00A0C854BC436D000A1940F41DFF9E
:10E59000E5FF9110F1F999F41C07A00FBC4F394F1A
:10E5A0001F00D44C6E06C2FFE94F1F00404F3C04D1
:10E5B00040F56DFFE8FE40C43CF20090994C040029
:10E5C000200880480CC0160FDF5F80800CC739C45C
:10E5D00006008F8F00F0A6F46DFF30C90CC339C45C
:10E5E00002008F8F00F0A6F4022B6DFF27C914C321
:10E5F0008FF3003106233F32698060840B32803014
:10E60000370370E06D00441A9120F1E9B9EFAE1BB9
:10E61000022A422F8BEF82F2EE079110F129992FF7
:10E620001C0780293C2240C402246DFF37FFDF0213
:10E630004D00B9EFAE1B42AF8BEF82F26EEF3C455F
:10E6400039C40D000CCC8F8400400FF4A0500CCEC8
:10E6500048528F0F01F00F5FA0400CCF8F8F01F059
:10E66000A64F5FF20600C80FBD0FECFF3C2239C475
:10E67000110039CF10008F8400400FF4A05039CF23
:10E68000120048628F0F01F00F5FA04039CF1300D6
:10E690008F8F01F0A64F5FF2E8FF0CC539C204006E
:10E6A0008F8F00F0B9F40C00A62F5FF4DEFF3C283A
:10E6B00082546D008517402FBD02138040C402A410
:10E6C0006DFFECFE7FA2070060846D006918A00258
:10E6D000009082546D007417402FBD02F77F40F206
:10E6E0008202C5031F002422FC3F6092DA0F192228
:10E6F0001C07E9FF1F006802B52F1C073C140CC75C
:10E7000039C406008F8F00F0A6F46DFF97C8B702DA
:10E710009326DF021180B9F40E006DFF8FC8B70297
:10E7200093267629D9F2080040C4C5031300044F8C
:10E73000242FFC3EB70B93B60CC68F3B00D039CBD1
:10E7400007008F8B00B0A6FB07BB85B276BC1AED25
:10E75000370F70F0BBC0FE2F0B2F50410BDFA042D4
:10E76000DF041D816082992C04000CC339C40200AF
:10E770008F8F00F0A6F46DFF61C80CC0160F062F36
:10E780003FF20D8139C4070039C506008F8400406F
:10E790000BF28060A654370670C06DFF4FC8B702F9
:10E7A000932660838F320030993C04000B3C00605C
:10E7B00037067060820434C4E9C40100E9C4020071
:10E7C000E9C403008F861FF08F831F40E9C3040054
:10E7D000E9C40500E9C606002CC73F36E0804CF1CD
:10E7E000821C02F5A00DDF0563006054994204000D
:10E7F00039270500392204008F870070A6277F7310
:10E800002D80370568F434C52CC1370568F88F852D
:10E810001E502CC2E9C50300BD0D1C000CD739D217
:10E8200006008F8F00F0A62F3FF3B9803F67B780B7
:10E830003708684434D8E9D40100370868488F881D
:10E840001E80E9D40200E9D803005F3FE8803C3A2B
:10E850007F6738801D00A3005F73A1003924070083
:10E86000392206008F840040A6243F439880BCDBF9
:10E8700039D4070039D206008F840040A6245F7483
:10E880000300820C3924010014258F8400400F54AA
:10E89000A07039250200402D8F0501500F75A04052
:10E8A000392503008F850150A6453C9EBD0D8C8007
:10E8B0006E0891400548D94429196D00A50D00A0A6
:10E8C0006818F6B539FF1E006F0FAC00F6C3820C56
:10E8D0003C62C812BD02FD7F992304000C35393219
:10E8E00004008F8F00F0A62FEEF30CC114C38F8F9E
:10E8F00000F00F3FA0400CC239C303008F0F01F09E
:10E90000A64F8F830130A6F3DF032500603439C49E
:10E9100007009942040039C306008F8400400C258B
:10E92000392204008F8F00F0A634A62F5FF4D1FFA8
:10E930000C2114238F8F00F00F3FA0400C223923AD
:10E9400003008F0F01F0A64F8F830130A6F3402CF8
:10E950003CDC7DC3098091400548D94420296D00E5
:10E96000530D00A039C401000CC08F8400400FF487
:10E97000A0500CC28F0F01F00F5FA0400CC38F8F0F
:10E9800001F0A64F6E0891400548D9442D296D002D
:10E990003B0D00A08B0C20C23C454CF1DF0F96FED6
:10E9A000609399321C077D2F090091400548D94496
:10E9B0002A396D00290D00A040F4A0056DFFC9FCA7
:10E9C0001DFF84FE0CD739D206008F8F00F0A62FD2
:10E9D0007FF3098091400548D9440B196D00140D4F
:10E9E00000A0370868F434D82CD1370868F88F882D
:10E9F0001E802CD2E9D8030039D407000CC539D3C6
:10EA0000060039C204008F8400408F8F00F0A634C6
:10EA1000A62F5FF496801DFF56FF820C1DFF53FF4B
:10EA2000820CC9EFAE1B42FAF9EAAE1B76B839FF89
:10EA30001E0042ED9601A8EDE9FF1E00DF1C49FE15
:10EA4000C812992C040088E4D9F208000CC114C340
:10EA50008F8F00F00F3FA0200CC21B4401408F0F8E
:10EA600001F0A62F39C2030040C3370470408F82E3
:10EA70000120A6F2C5041300042F243FFC4E602D94
:10EA80006DFFDCC6E9C2020037027024820F2CC67B
:10EA90002CC72CCA2CCBE9C2030040C43B40014028
:10EAA0006D003814E9C20A00370270244CF1E9C243
:10EAB0000B00BD0D200040D43B40014099DC040018
:10EAC0006D003A1660F440D56D00FF1739C20100A1
:10EAD00014C48F8200200F42A03039C202008F027E
:10EAE0000120A63239C303008F830130A623603D85
:10EAF0003CE1609299251C077D5F0800BC57D45209
:10EB00007DF2050040253CFBA00540F46DFF21FC93
:10EB100060F46D00BD170228B9E2AE1B7F82098048
:10EB200091400548D9440F396D006E0C00A0C9E230
:10EB3000AE1B60F20B828080F9E8AE1B0090820C65
:10EB4000DF0BC27E1DFFC5FEB9523800DA081BC2BA
:10EB5000FE2F4BF20122194D04002018370270F0ED
:10EB600060D278020C20B5A61400160F404C8059D4
:10EB7000DF5FE580B94F0A008B4F61F2DF0FDF8066
:10EB80000C27392406008F8F00F0A6F46DFF56C6BF
:10EB90003B0000F2B702933626F25802C9CB0800B8
:10EBA000063F370270201BCBFEBF370F70F0370BCC
:10EBB00070B059A3040059A2100078033B400180B3
:10EBC000820ADF0BBA0019A30C003B0001403B4056
:10EBD00001503B0028600B3B90E16D003716402F41
:10EBE000BD02AF00B92F0A008B4FA1F2EE08914091
:10EBF0000528D9240A496D00070C00A0C81260D36B
:10EC000002ECC5041300043F242FFC4EC81DDF0C8A
:10EC10004500B9CF0A00528A370A70A07F8F098059
:10EC200091400548D9442A496D00EE0B00A00BCA5B
:10EC300090A1DF0A300082646D00C214402EBD0234
:10EC4000130099C5040040246082820402A53B1091
:10EC50000460302502A76D004D15802FEE0840E4BA
:10EC60006DFF7CFC40F46D009B153C6A40C46D0058
:10EC70001717A2AC91200528D922725E60F5370CD7
:10EC800070C0B5EC1400B5E2100040F46D001D1723
:10EC900076C4D4CC82083CBC609219A30400B92F7E
:10ECA0003800B703934619A310001BDFFEFF42A8EC
:10ECB0007AFB8B032022370870803FF20480B7F480
:10ECC00081466DFFBBC51B4E0140E9D206003702ED
:10ECD000702437047040E9D207006DFFAFC5E9D258
:10ECE000020037027024820F3B4001402CDA2CDBFB
:10ECF00040D4E9D203006D000D136093E9D20A00FD
:10ED0000993214003702702499A61400609440F5DB
:10ED1000E9D20B002D02000040F46D0041155801AE
:10ED200019A30800A2EB423F370F70F0370B70B009
:10ED300078011DFF48FF8202009082A2009082F2BB
:10ED40000090394F01102E0F4C416E0D9120F1F9BA
:10ED5000D9FF18CA48545FF409006D00D0028B0235
:10ED6000202200908202009082120090404F6D009D
:10ED7000640B4CF08F0F0F218B022E22F62791107F
:10ED8000F1F999F22007BD0231809110F1F999F261
:10ED9000E0A6BD021800392201108F520031DF5366
:10EDA000108019230400763C19240800C6F326437A
:10EDB000DF031C006F12058019220C00BE26D4222E
:10EDC0003CE99110F1F999F2DCA6BC2F392201102F
:10EDD0008F520021DF52098019220400762516FF88
:10EDE0008BFF07F26E02A0020090404F405C6D0066
:10EDF000240BC81E0CE08FCF1F20DF42070040F419
:10EE00006D00CE141D00350139E2030039E4020023
:10EE10008F820020A6246DFF11C5160F0229B9F2BA
:10EE20000800062F370F70807F29068040F4029477
:10EE30006D00BA15B9F20A003F82E3FFB9F308008A
:10EE40000B9330218B484125DF02DBFF40E4028435
:10EE50006D006012DF02D5FF39E3110039E21000C6
:10EE60008F8300300F23A04039E212009120F12956
:10EE70008F0201200F42A03039E21300D92D18CAA9
:10EE80008F820120A63259D2140039E40D0039E3F3
:10EE90000C008F8400400F34A05039E30E008F0225
:10EEA0000F218F0301300F53A04039E30F008B0275
:10EEB0002E228F830130A64359D31000802ADF020F
:10EEC0001D8039C201106F5235009120F15940C4A4
:10EED000D9552CCA6DFF6BF8BD022C007B001020A9
:10EEE00019D314001B020E205F23C08019D210001A
:10EEF00080C8DF0246003C2F40C46DFF24FFDF02C4
:10EF0000178039D214009110F1298BF207221928A9
:10EF1000E0A6F62F768E80C25F28070060846DFF22
:10EF200012FFDF021980608254283CF5BD0C9E80E0
:10EF300039E209008B122122F62D10E2392203005A
:10EF4000392302008F820020A6323B0040345F321A
:10EF50001500820819D41000DF04110040C46D00B0
:10EF6000CE01DF024EFF19D210008F020F218B025B
:10EF70000E2276241DFF45FF80C8DF08427F39E25C
:10EF8000060039E307008FF203213732182476296F
:10EF900040F46DFF15FB402FBD026B00992E04005D
:10EFA00060A2B5DC0400592818CAB5DE080014E2D6
:10EFB00040F48FF20021062240C5F9D20C006DFF0B
:10EFC00055C60229DF12470040F402F46D00B41365
:10EFD00039E30900DF231B00FF330980DF132080A2
:10EFE00040F440C56DFF57F63C35DF630B008B13D3
:10EFF0000132DF03150040F440C56DFF6BE43C2A8D
:10F0000040F440C56DFF98433C259120F16940F4E0
:10F0100040C5D9662CCA6DFF29F83C1CDF291800B1
:10F02000608419D414006D006A01DF02118019D2C6
:10F0300014008F020F218B020E22F62940F402F4F5
:10F040006D00A71340F482246DFFFEF640F46D00BE
:10F05000A71360A2820F8202592218CA6CD16CD207
:10F06000ACD66CD46CD53C0480C81DFF75FF820201
:10F0700000902010406E404C405D0B4510A8026C83
:10F080008078027F6D00D90939C20E00DF120900B5
:10F0900091400548D94439496D00B60900A0BD0E1C
:10F0A000E5006E378B9FA222DF02118192338F33EE
:10F0B000C0313703709040C41B4901D00294370D12
:10F0C00070D06D003613762382E2009099C404005C
:10F0D00099A5100002F4ED58D4087F9F0C8099C2C6
:10F0E00004000BF98020102F602282033C0224F3DD
:10F0F000FC2F8FF91F30D20ECE3982033C07CCC1D2
:10F1000050FFC21FB9F20000422E9F03FAFF3C04D9
:10F110003B4001D0820E40C43B4001406D000913CA
:10F12000DF02D4FFB9CF0A00CCC18B4FA1F2EE08A9
:10F1300091400548D94405596D00660900A0288A08
:10F140008F8A00A0A6CA289C8F8A1FF08F8A00A0F1
:10F15000A6FA4CE006ED370F68648F0F1F40E9FFF9
:10F160001000E9F611008F8F1E60B70F10F8281BF2
:10F17000424F78018F0D44F116FF8F8F0050A6B5D6
:10F18000370A70A0E9F61300280F8F851F608F855E
:10F190000050A665E9F41200B9C4080074AA370546
:10F1A00070B06DFF4BC37B20F1A93702706460A281
:10F1B000820C2836B924B01B2822286C287C02290E
:10F1C0006DFF3CC360A23702706428422856C926EE
:10F1D000B01B0223C216F926B01BBD0D1180913061
:10F1E000052819222C353702686428C228D6370230
:10F1F00068688F821E2028E628F23C0C14D628C6A8
:10F2000039D6010028D639D6020028E639D60300BF
:10F2100028F608D608C28F8600600F26A07008E284
:10F2200058018F0201200F72A06008F28F82012026
:10F23000A662B70210588F021F2042F558004225DF
:10F2400042F542E542B5425942938F031F20B7036E
:10F25000103842238F031FF0423F460F370F70F0E4
:10F2600028AF068F28BF3C1FB9CF0A008B4F61F231
:10F27000DF0F2CFFCCC1D9AE100039F2110039FFDD
:10F2800010008F8200200FF2A03039FF12008F0F84
:10F2900001F00F3FA02039FF13008F8F01F0A62F40
:10F2A00089EF3CF56082B92F38006E0AB9C20800B8
:10F2B0007F2F0780608540C440E61DFF47FC6082C9
:10F2C0006084CC2540C540E6DC0F82A20090580047
:10F2D000BC66BC535452F623D975040078001DFF58
:10F2E000CAFE2008820F780082071DFFF2FF200867
:10F2F000820F780082071DFFBEFE1BF4FF2F82DF06
:10F300003F2F1780394201108F2200F18FFF0F210C
:10F31000DF0212004C415FF40E0019420800C64F94
:10F32000262FEE08460226240B240021009082128C
:10F330000090820200908B0470F2404FEE08826FC2
:10F340009120F1F959FF7C4BA00200908FF40F41FE
:10F350006D001500DF02F5FF79FF00006EF140F24D
:10F36000009039440E00404FD94408006DFF3AC464
:10F37000802FEE02288F82020090024F3BD0004087
:10F38000404C6D001D11402FBD021A009120054810
:10F390002C2ED94422DF40256D004307022FF6288A
:10F3A00040C4D9F5080082546D0082A22CC53BD020
:10F3B000004040F46D00121102F2009082F20090C1
:10F3C0008B24A2F2EE0B9110F12980221B8202F70E
:10F3D0001304212F60224C20EE02A00200906DFF4A
:10F3E000F1FF7C26DA099120F1F959FF7C4B00905E
:10F3F000404F9110F149D94C20F740C46D002A08C4
:10F400009110F1399932240740C4E802BC22EC2162
:10F41000B53F24071D002A089110F1D9D9DD20F746
:10F42000404F40D46D001608C802BC234CF16C213B
:10F430009110F1E999EC24074CF17DFC0E806E08E7
:10F4400091400548D94432596D00DE0700A04CC0F8
:10F4500059EF24073C0CEE0891400548D9440A694D
:10F460006D00D20700A04CF0C81F680F40D41D00EB
:10F47000FD079110F1D9D9DD280780DA404C024808
:10F48000820F6D00F0358F4F00B001DB00F60224D3
:10F49000480960AEDF091E80E80C6D00FB3508E20C
:10F4A0006819762891400548D94422696D00AC0757
:10F4B00000A014C401EB00F68F040F418B0820322A
:10F4C00082028B040135A842A862A85302F2009080
:10F4D0006D00E035C21F8B2F2222DF02D4FF82F2A3
:10F4E00000909110F1E98F2500F12010D9EE280746
:10F4F00016FF024B0258404F820A82098F1500C145
:10F50000780340ED5FBA7C0076C3820FA83F4CF0D1
:10F51000BF0F6F008CF36F3F6C806D00A435022F1E
:10F5200048028B22A232DF036D800642602259A27C
:10F53000040030E219220400C923080019A40C00B9
:10F5400059A20800603CB92E0A00D9230C00B92D3D
:10F550000C00DF041900393302001B1300208FF266
:10F560000F21E9320200DF022680E933020002F4B3
:10F570006D00903591400548D94401796D004407EC
:10F5800000A03C456F28170039320200F628914050
:10F590000548D9440D796D00370700A099A20400F1
:10F5A00030D239220E00D9220C007624C2F2E92290
:10F5B000020002F46D006E358CF22E0D80C319A48A
:10F5C00008008B1380228B040025762588328F1249
:10F5D0004021A832370FE1F08B0E20E226EF6E04B7
:10F5E0008CF39602A83F76D48CF39604A83F8CF354
:10F5F0006E02C219C21AD9FF08003C85029200901F
:10F6000002F46D0047358CF39608A83F82F2009013
:10F61000404F024F6D002735C81C8203C80D681388
:10F62000680302246D003635BCC840C46E046D000A
:10F63000B7103C036D00A421BCD440D41D00871436
:10F6400000902008404F405C025A0249CE4382F9A4
:10F6500006F97CF891400548D94426796D00D40616
:10F6600000A0C8020C2016F08B0F01F2EE089140AA
:10F670000548D94436796D00C70600A03BC000405C
:10F680006F3A04803B800040914005D8914005E8E6
:10F690008F1A00B1820FD9DD1889D9EE22898F1B0C
:10F6A00080C14812762459A204003C24C804D9A57C
:10F6B00004006D006F170228DF021300EE5F0224C2
:10F6C0006D004C21762802846D0048219120F1F9CB
:10F6D00059F27C4B8B183FF28B0F0021009019A23E
:10F6E0000400F62540D46D008F0600A019A2040086
:10F6F000681299A40400B94808003F98040037092B
:10F70000708082F206F2A2827FF206008F0F608183
:10F710003708708010C5028482056D008E12428FFA
:10F720007F89060040E46D006F0600A0A289DF0B10
:10F730001E8099A20400B92208007F8209809140AE
:10F740000548D94407996D005F0600A099A40400FC
:10F75000B9420800A2828E2602846D007911E81257
:10F760003C05820268126D001B108B19802226C294
:10F770003BC00140DF0297FF6E086F0A0980C80492
:10F7800002F46D00D2143C038202009002F2009059
:10F790008B8400F2EE088B0402F2EE11DF44078046
:10F7A000824200903B800020009091400548D9445F
:10F7B00025996D00290600A0820200903B000220DE
:10F7C00000902010404C024F405D406F7C489140BB
:10F7D0000548D9443B996D00170600A07CD891409C
:10F7E0000548D9440CA96D000F0600A07CF8914093
:10F7F0000548D94419A96D00070600A03B00012067
:10F8000034A202F48222E9A201006DFF17C04CC0AD
:10F81000F9A202007801820F7802780348020CA056
:10F820003FF206807F2F0680680F3C03821F3C0258
:10F83000820F40D440A54804ED58D40802F200904D
:10F84000195208002008024FF62519520C00FF1229
:10F85000640082042E32824402FB4C41406D7801E8
:10F86000405F404CEE13D444D9A504006D0013163C
:10F87000DF0257805801EE0891400548D94429A974
:10F880006D00C20500A058016CC199A20400D422E9
:10F89000820A820FB929080048330B9F30210B3AA6
:10F8A0002022DF021C00C8220BF9808037087080FC
:10F8B000012A0326192204003F28048037027080A1
:10F8C00099A30400D434D4250B8F1048428F6D00C7
:10F8D000B411370F70F0C21A3CE0C805BC5D4CF1A2
:10F8E0006E0B99A20400D9F60400D9240800B924AB
:10F8F0000C006DFF68FF82024CF468626E02685271
:10F900008F1B00F1EE0699A404006CC16D00382035
:10F91000BCD6B4D93C043B00FF2F0090820200907B
:10F920002020820F404D405FACA36DFF5AFD402C5C
:10F93000BD029400D424D9A508006D00C414022F80
:10F94000DF021C00CCC008028F020F218B020122B3
:10F95000F6243B5042F03C058B1F3F22F627DA1677
:10F960009120F1F959FF7C4B3C7802F46D00F61FB1
:10F9700002F4DF0273003C6B5802EE089140054828
:10F98000D94435A96D00400500A099A4080082144F
:10F990006DFF71FD022FDFF2088099A40800DA17CD
:10F9A0006D00D5123CDE8B226222F628914005487C
:10F9B000D94405B96D00280500A06D00543399A203
:10F9C00008000224192818006C266D00633399A2E0
:10F9D000080019223000DF0219009110F1C9D9CCBA
:10F9E00020F7460840C4370850806D0033058E8AE2
:10F9F00099A4080099423000D204C2F82D020000F8
:10FA00003CF740C46D00320580F380D48B03202284
:10FA10008B042024DF02450099A40800D9A50C001E
:10FA2000D9A6060082046D009C120228DF0218008D
:10FA30009110F149D9442807D044D04482146DFF75
:10FA4000E9FD02846D008A1F762802846D00861FFE
:10FA50009120F1F959F27C4B82F200903B00012099
:10FA6000E9A21000B9A406008222E9A211006DFFEC
:10FA7000E5BE19A30C00F9A2120059A3140039A283
:10FA80001000480359A8180059A81C007F320380B1
:10FA9000680240D4D9A510004804ED58D40802F2F9
:10FAA00000902008404F025F6DFF9BFC402CBD0280
:10FAB0002F008B0F21F2EE070CF15E2580F28F32C2
:10FAC00000F16E0A3B00FF4F6D00481F3B00FF4FE7
:10FAD000DF021E003C164CF1D9AE080089EF3CF560
:10FAE000B9F402006DFFAABED4C440E502246D0043
:10FAF0006912022F762E02246D00301F762802F440
:10FB00006D002C1F9120F1F959F27C4B82F200908C
:10FB1000820200902008024F6DFF63FC402CBD0262
:10FB20004D00CC20BCF708098F090F918B09019279
:10FB30003C0C19220400762891400548D9441AB992
:10FB40006D00620400A0820902F46DFF4AFC402DA2
:10FB50007C28D4C46D00DA11022FDF0224803C2FF0
:10FB60007B10F1A982081B8A24A7820F13C8202AC0
:10FB7000602FC8027DD211804822D4D474A24812CA
:10FB8000680F681F682F40A5D9A60400821459A2E7
:10FB900004006D000A15C2188B282222DF02E8FF3C
:10FBA0003CD902246D00DA1E762802F46D00D61EC0
:10FBB0009120F1F959F27C4B82F2009040C40294FA
:10FBC0006DFF28FD820200902008404F02586DFF13
:10FBD00008FC402CBD021D000CF1EE05D4246D0084
:10FBE00064123C268B082182F6865E2580F28F32D5
:10FBF00000F16E103B00FF4F6D00B01E76293B00F8
:10FC0000FF4F6D00AB1E9120F1F959F27C4B82F24F
:10FC100000904CF1D9AE080089EF3CF5B9F4020030
:10FC20006DFF0CBED4C440E502246D001412022FF7
:10FC3000762802246D00921E02F4DF02EA7F3CE285
:10FC400082020090025F6DFFCCFB402FBD022A00B4
:10FC50008BFF8F228B0F404376233BF00F40C8046D
:10FC60008FF40F416D004012022FDF021D00C80FFC
:10FC700008028F020F218B020122F6283B5042F02E
:10FC80009120F1F959FF7C4B3C0C02F46D00661E8B
:10FC9000762802F46D00621E9120F1F959F27C4B36
:10FCA00082F20090820200902028404E0B5610886D
:10FCB000405D406F6DFF95FB402CBD025D00D4227E
:10FCC0000C2016F08B0F21F2EE210B89104840C456
:10FCD00040E56DFFB8FC80F380D4022F8B03202217
:10FCE0008B042024DF024A00D4C4D9A50C00D9A675
:10FCF000040082046D003511D9A40C00B9A40400DD
:10FD000040D540F66DFF5FFD3C38820FACA1820FFD
:10FD1000780778087809D9A20400821F7806B5AE62
:10FD2000040059A80800B5A21400B5AD0C00820F5C
:10FD3000BCF24CF040C40294D9A50C00D9A6020034
:10FD400078046DFF7FFD022F762E02246D00061EC3
:10FD5000DF02120002F46D00011E9120F1F959F248
:10FD60007C4B3C09B9A202000B829021BCF75804DD
:10FD7000680F009082F2009002F20090A005A006A9
:10FD80001DFF94FF2010024F404D0258026A405F51
:10FD900002796DFF26FB402CBD021800D4221422EC
:10FDA0008F020F218B022122F62702F440D4028514
:10FDB00002A61D005E007B1000F03FF80980DA61AA
:10FDC0009120F1F959FF7C4B82F20090010F90F4E1
:10FDD00002F28B090025DF021E0080F38B03002254
:10FDE0008B090125F6280812DF2206808F330021B7
:10FDF000DF0211003B00FF4F6D00B01DDF02E67F08
:10FE00003B00FF4F6D00AA1D9120F1F959F27C4B88
:10FE10003CDC820259A2040074A26E084CF1B9F4D1
:10FE2000020078026DFF0ABD3C03780282023708A7
:10FE3000704040A440D5F9A20C006D00B91D022FFE
:10FE4000F626D4C440A56D009F11022F40A46D007A
:10FE5000A51D02F46D00821D762802F46D007E1D42
:10FE60009120F1F959F27C4BEEB00282009020080B
:10FE70000249404F0258026F6DFFB3FA7C2382F2B1
:10FE80000090D42414428F020F218B020122F62904
:10FE9000029440F4028502F6A00582071DFF74FF5C
:10FEA00082122E42823282052E328245D9A6080065
:10FEB000820F896F3CF5028440F5A6256D00ED1197
:10FEC0000224022F6D004A1D762802F46D00461DA3
:10FED0009120F1F959F27C4BEED319A20400009065
:10FEE000DF250F00DF350800DA16DF151C803B0028
:10FEF00001403C0D3B0004408FF60F513C098B86BE
:10FF000008623B00024076633B100240820591107C
:10FF10000548D94440B86D00970F402F7C293BF02D
:10FF200040F09120F1F959FF7C4B82F2009040247F
:10FF300082046DFFA0FADFF2078040F46D00071025
:10FF4000DA173CF0686200908042BA028B04E0F459
:10FF50006E088B0220F28B0400F56E03DA163C1556
:10FF6000602402588215024F602C6DFFBCFABF025C
:10FF70005000DF024F80DF084A003BC000406D00A8
:10FF80001F0B402F7C27DA0B9120F1F959FF7C4B96
:10FF90003C3F8202C50323002422FC3FD9FD200000
:10FFA000E85C686F40D482046D003104762CDA0B73
:10FFB0009120F1293BC0004040F4592F7C4B6D004B
:10FFC0000D0B3C2640F46DFF15FA40C402F4822567
:10FFD0006DFF89FAF6270284CE82820440D46D0038
:10FFE000570402F4824540C46DFF7DFA40F4022FAD
:10FFF0006DFF14FA40D46D006E043BC0004040F425
:02000004805228
:100000006D00EC0A0EF502F200908202009082F27E
:1000100000900258026F6DFFE4F9402FBD024200CC
:10002000DF380500DF4829003C37D4220C20392274
:100030002A0016F08B0F21F23702E180EE199110A1
:10004000F149D94C20F740C46D000402C80FC81F05
:1000500040C4820FBCFAB9F31E00822F6F43030025
:10006000820F6F53038096046D0000023C02826F82
:100070000F8FA02000908F7FC021F62ECC202E0560
:1000800039FF2A0096023C0539FF2A008F2FC0F164
:10009000E9FF2A000090DA599120F1F959FF7C4BD1
:1000A00082F2009020086D00C2019110F1C9D9CCF4
:1000B00020F740C49110F1F96D00CC0199FF2CF7A5
:1000C000BCF79110F129992428F72D0F0000911009
:1000D000F1E9914005D8D9EE24F7D9DD1BC96D00AF
:1000E000AC016DFF9DDB022FDFF20F8040C46D007D
:1000F000BD0140E4D9A5040082046D00C40240C4DF
:100100006D00A8013C14F6246DFF62DB3CE940C49D
:100110006D00AC0140E402F4D9A504006D00B30207
:1001200040C4022F6D009601DFFFF07FD801BD0FA4
:1001300014000CF06E07DE10C812C8242D02000057
:100140003CCFC824C8122D0200003B90004040F470
:100150006D00440A3CC540D46D00560100A03CC06F
:100160009110F1C9D9CC20F7405E404F40C4406D9A
:100170006D00700140F440E52D0D000040C4022FD9
:100180006D00740102F20090395F01109120056842
:100190001618D96630A0EE0591200568D966EA7E6A
:1001A0001DFFE0FF404C9110F149194F24F7405DCD
:1001B000404E6E1C3B9000406D00020A402FBD0275
:1001C0001400820F2C20B52C0400B52D0800D9E4B2
:1001D00024F740256D00E801DF0211003B9000404C
:1001E00040F46D00FB0982F2009091400548D9442B
:1001F00039C96D00090100A03CDE00909110F1F9B1
:10020000D9FF20F7404C40F4405D6D00230140D4FD
:100210002D0C000040F46D00290182020090911025
:10022000F1F9D9FF20F7404C40F4405D6D00120118
:1002300040D42D0C000040F4022F6D00170102F293
:100240000090404C405F6D004E069110F1299110D6
:10025000F149B52C2CF7D94424F79110F1298204E7
:10026000B52F28F76D000D01762891400548D94437
:1002700006D96D00C90000A09110F149D94420F7BA
:100280006D006C02762891400548D94429D96D004B
:10029000BB0000A09140054891200558D9440AE9C7
:1002A000D9552420A0063B00004282151D00BD0048
:1002B000404F405C6D00C100B9F20A008B1261F240
:1002C000EE64C8143B0001800C4F39430E008F8F41
:1002D00000F0A63F8B1F2832F63E8B526122DF02D0
:1002E0005580394F1300394212008F8F00F0A62F2E
:1002F0003B40018008F2F62539C20410C21228F2F0
:10030000394202006F021F00DF12108039420300E1
:10031000DF021980394204008BE22522DF021380BC
:1003200008D28F0241213C0D91400558B024D95587
:100330000EF982646D006094F62508D28F82402108
:1003400028D28B8F0022F6253B806020BE213C1DE9
:1003500039CF01106F3F1A0040F402846D00EC09A0
:10036000DF02148040F440C56DFF41F53C1139CFE8
:1003700001102E3B40F402846D00DE09F62640F4A5
:1003800040C56DFF62E93C0440F46D00090A820239
:100390000090407E404F405C406D6DFF4FBA40C4BE
:1003A0003B000140022F6D00C409DF0224806D0074
:1003B000440099C204002C2E370F70F4D923020098
:1003C0002C2FA05404EF243FFC4ED9220800A05348
:1003D00004DF242FFC3E39FF00101E6891400548C1
:1003E000D94417E96D00100000A0C86240F440C570
:1003F000DC029120F1F9D9FF683A8CF582E2C21F44
:10040000A85F0090009020086D005F4AD9A4080002
:10041000894278F540A43B8000401D007B076D00B9
:100420008B011D00E00182020090820F9100F1F922
:1004300059FFC85500909100F1F919FFC855EE0811
:1004400091400548D94414F96DFFDEFF00A00090EB
:100450006D00C0019100F1F919F2C855821F0BF22D
:1004600030F059FFC85500909100F1F919F2C855C4
:10047000821F0BF2B0F059FFC8551D00B001404D6E
:100480006D00F12D7B10F1491B043F47820F3B406B
:1004900011700245C5022200037F0A34370F7080B5
:1004A0000259603FB9F61240F665821FF9FF12400B
:1004B0003C06C21FFC223B300280A00F0224912088
:1004C000F1C96D00E72DD9CC683ABD0F3400D9F4DD
:1004D000044082046D009B01D9F408408204022F7D
:1004E0006D009501D9F40C408214422F6D008F01EC
:1004F00016FF42F237024820DF021580C9CF0C20D8
:10050000B9C30E20C21F370F70F0A802A812F9F26B
:100510001040F9CF0C207FF30480F9CF0E20ECD0EF
:1005200000903B4011F003F80AF960F2820FF92FB6
:100530001240C9CF102082F2C21FF9CF10200090C4
:100540009120F1F9D9FF683ABD042800D44CBD0CC4
:100550002500D9CD0C40404E820440D46D00980156
:100560006D00812DD9C40440022F6D00B401D9C49F
:1005700008406D00B00140D46D00AD018202F9C2A7
:100580001240820202F474E26D00842DC9FF0C2037
:10059000C2FFF9FF0C200090C9FF1020C21FF9FF15
:1005A00010200090404F405DBD0419004C406E1675
:1005B000C80F8204D9FC0C4040C46D006901B9F237
:1005C0000200B9F300009A121B0304303F3F13806E
:1005D00040C46D00590182F2009091400548D94411
:1005E00036F96DFF11FF00A0BD0FE4FF3B00FF2FA8
:1005F00000908FF2032101F20226D9F40440B52DB8
:100600000400A81F6D00400140C46D003D0182023E
:100610000090404F405DBD0415004C406E12C80F65
:100620008204D9FC0C4040C46D003201B9FF0000C7
:10063000B9F202005FF2118040C46D0025013C0A4E
:1006400091400548D94436F96DFFDEFE00A0BD0F8C
:10065000E8FF82F20090BCD88FFF032101F202264E
:100660001922040074D2C21FA80FB9FF10406E05F2
:10067000D9F408406D00080140C46D0005018202F4
:100680000090404F405D0248BD0416004C406E1380
:10069000C80F82043B803E90D9FC0C4040C47B30A4
:1006A00005A86D00F500E289820FD9FE04401BCA3F
:1006B000E9A33C1F91400548D94436F96DFFA4FEDB
:1006C00000A0820FBD0F36003CE440C46D00DC008A
:1006D000DF08170060A240E454224B2911426D004C
:1006E000D700022FDFF2260040C482046D00D00044
:1006F000B9F20000B9F302005F23E97F3C0640E451
:1007000082046D00C5003CF1BCD88FF2033101F3C7
:1007100002261923040074D3C212A802B9F21040B1
:100720007625D9F408406D00AF0040C46D00AC00E0
:1007300002F200909120F1C9820FD9CCAC69D0CFE0
:10074000820440F46D00B42CF623A8223C0200A0E1
:10075000C21FDF3FF6FF00909120F1C9D9CCAC69F0
:10076000404D6D00802CB9CF04006E09B9CF0C004C
:100770006E08B9CF1400EE0A822F3C04820F3C02AF
:10078000821FD0CC821FACC23C02A00C022491205C
:10079000F1F96D007F2CD9FF683ABD0C1100C9FF3B
:1007A0000620F4DCC21F370F70F0B9F20820F9FF01
:1007B00006207FF20D80F9FF08203C09C9FF0A20BE
:1007C0003B00FF2FC21FF9FF0A2000908202009019
:1007D000CC40C80482041D00842CCC40C8041D00F9
:1007E000962C9120F1C9820FD9CC8479D0CFD20434
:1007F00040F46D00A02CF623A8223C0200A0C21FEA
:100800008BBF2822DF02F4FF0090404D024F6D00A5
:100810002A2C9120F1398203D9338479C50F0A201B
:10082000013303C6B9C40400F6458213F9C30400BA
:100830003C04C213FCF6A00C02249120F1F96D00D7
:10084000292CD9FF683ABD0C1500D4C402F46D0000
:100850008E2CC9FF0020F4DCC21F370F70F0B9F2F4
:100860000220F9FF00207FF20D80F9FF02203C09F1
:10087000C9FF04203B00FF2FC21FF9FF0420009096
:1008800082020090CC40C8041D009D2C024FD44C25
:100890006D0019483B803E40E2F4913005F819FFA5
:1008A000DCA3D4C44BF4114202286D00762CF6254B
:1008B0006D000948A2820090DFC20B0091400548FC
:1008C000D94443096DFFA0FD00A08202009082F28E
:1008D0000090CC40C804820F6D00752CA82F912089
:1008E000F1F9D9FF683AC9FF0020C2FFF9FF0020E3
:1008F0000090404F994424002010D9A504006D00B9
:10090000AE5EDF0214809110F1C9D9CC20F740C44B
:100910006DFFA0FD0CA4C8A45E146DFF25B93C03B7
:100920006DFF39B940C46DFFA1FD00902008821F02
:100930002CA2820F2CA3DA5E2CA40C51CC49167F7A
:100940002CA50C522CA60C532CA7DF140A80C8949B
:10095000D9A502006D00935EF62A82020090F64748
:10096000C894D9A502006D008E5E3CF782A200906B
:10097000804F9120F1F980F31B83E629134F223237
:10098000603FC834484448551D006F2C804F91206B
:10099000F1F980F31B83E629134F2232603FC8042C
:1009A000481448251D00612C404F9944001002480E
:1009B000406E8204405D6D00942B022F762300A0D0
:1009C0003C3D40D482E46D00DD06820940DCBCCEB3
:1009D000C89499C50400B9C40A00820540E66D00B8
:1009E000365E022FF623D4CC3CF35EA882146D0051
:1009F000382BDF19120082193CEAEE0E8215DF183F
:100A000003808235C8948204A00540E66D001F5E15
:100A1000022F762200A040D482246D00B30699F400
:100A200000106D00742BEE0A9120F1F9C9FF683AAD
:100A30008202C21FF9FF683A00909120F1F9D9FFB4
:100A4000683A8CF33B40FF2FC21FA83F00909944A7
:100A500024008204A0061DFFA9FF994C24007B20DE
:100A6000F1991B49E299B9C8220039C224005348C0
:100A70002480404F20301A8960F28204E92220004D
:100A8000B9CF2200F92F22001B0804F06092102435
:100A90006D000E2B762382F2009040A2B9CF220087
:100AA000D204A05389244801FC3E9120F129D92287
:100AB000DC89D022B92F02006E091423ACA134A323
:100AC0001923040059A304003C05821F2CA0DA3F1F
:100AD000ACA180A4D9C225001B8400A060A31A8900
:100AE000A05404232433FC4E60F2820C39232000EE
:100AF000F9AC0E00DF0331001A8960F440C53B00F9
:100B000002406D00D59660FD68DF689FDA65E9FFF9
:100B10000210DA6EE9FF0310DA2AE9FF01107B20E8
:100B200005F81BCF92F059FF08107B2005F81B4FEA
:100B3000A4FD685F7B2005F81BEFA4F01B48028032
:100B4000686F1A8960F5B9C4220040A46D00025D87
:100B5000DF0256803C579100F1D939D33C067B2007
:100B6000F1B9DF130A8060B2D204D924CCA96D0098
:100B7000442BE9DC3C0660B31933CCA9DF033C000D
:100B80007B2005F81BCF98F07804B9CF220060F2E3
:100B9000B5A214009120F12980251B85E649134F49
:100BA00022548F2F0040605282150F450050592566
:100BB00004007B1011511B151151592508008205A5
:100BC00059A5180059A51C007B2005581B059750F6
:100BD000742359A5200060F3DA080F4F00407B9082
:100BE00088F81B8F88F8B5A3240059230C005924DA
:100BF00010006C25DF02827F1DFF4FFF3B40FF2F5F
:100C0000009099D4240040A56D00355D762200A0A7
:100C10008CA760A31BEFFEFFF9FF3800D9F23A0062
:100C2000A054043F242FFC4E826FE9FF0010DF0226
:100C3000E7FFB9CF2200134F242960228202EC2A59
:100C40000090CC492020404C39FF20005E1D6D00F3
:100C50003A46022F48F252228B427F22F62540F478
:100C60006DFF49FE68FFC894D9A50A006D00FB5CC2
:100C70009120F1E982D2D9EE683AB9AF0A00DF0FCC
:100C8000AD004CC9D9A50C0060F2992424006D0078
:100C9000EE5CDF026580B9A30C0060FF1B2300201F
:100CA00037027020B9F42200F9A20C00764E8F3280
:100CB000002176281B8300300B238020F9A20C0032
:100CC0003C04C243F9A30C008204B9A50C003B000C
:100CD00028606D00BB05402FBD023A00820240240F
:100CE00082E459A2180059A21C006D004B0580A295
:100CF00040FD1B82018060F2B9D40A0074A89924D7
:100D0000240099D50400D9A60E00D9A709006D00CA
:100D1000A25C762400A0A00F3C0B39A20900DF12D0
:100D2000058054D2762200A0D4DDBD0DE6FF580721
:100D300019A2180040F48224780559A210006D0011
:100D400021058CE18202C21FACE13C068CE640DF4B
:100D5000C21FACE682F240FD76283C37DF823800C5
:100D60008CE3C21FACE33C3399C3240099322C00BE
:100D7000BD021480C8120C2F39240E008F8F00F092
:100D8000A6F46DFF5BB53B0080F05FF214003B60A2
:100D900080F05FF217803C0E9934300040C540F679
:100DA000D9A710002D02000040F4762CDF2210009D
:100DB0003CE299C2100040F440C52D0200007627A5
:100DC00040F46D00ED043C03DFF208008CA58202C4
:100DD000C2FFACA51DFF53FF0090820F913005F8B4
:100DE000201078037B20009019FFDCA31B096A9870
:100DF0003B803E209120F1F94BF911424BF2112238
:100E0000D9FFE4894CF90249022B6E0440F46DFFCE
:100E100072FD9120F1D9029FD9DDCCA9820AD4D4E8
:100E200002F682F48225D9A508006D00022A580234
:100E30007622820F19A20C00A62F7802EE03029FE1
:100E40003CEF7B1011211B121121262FD9AE10006F
:100E500089EF34F5D9AC0C00029F821E19A804005A
:100E6000DF0822000F08B0818BF8018157A021C84C
:100E700049EC40088FE81F205342243001F300263C
:100E8000992428006DFFDFFEDFF2098057E021C8BA
:100E900049CC40080BBF90F13CE257A021C849CC97
:100EA00040083CDD7B90882819A308001B82882815
:100EB0002632D9AE100089E234F519A30400DF030D
:100EC000B07F0F03B0318BF3013157A021C349EC40
:100ED000400806E35343242001F200466DFF0BFD5A
:100EE0003CED6D0083076DFF9CFA6D0042026D00C2
:100EF0004F036DFF4CB56DFFE3D46DFFB1B86DFFCF
:100F00003DE86D002B011DFF4FD43B001120E24254
:100F10009120F1D9D9DDC8B91B0201207B20F199BC
:100F200001D200D6024F404C82081B89E99913C8B0
:100F30002029602FC802BC2B08825FF20980C816E6
:100F400040D440C52D02000082026802C218DF486A
:100F5000F0FF7B20F1491B84EC493B001130033F3B
:100F60000A548202A03F6052D9230C008FF20F5125
:100F70005FF5130003320A54605239250A00DF2559
:100F80000C8039260F00393503005F5606808242F7
:100F9000E93203003C04C212FDF0EA7F7B20F13904
:100FA0003B0011201B83EC39032F0AF360F20C2F56
:100FB000D92F0C00FF4F10809120F129D92C08CA9D
:100FC00090C2D4246DFFA5D70CF390C2820F6C2081
:100FD000824F283F00907B20F1993B0011201B8914
:100FE000EC9903240A392010024F603F08B2BF2257
:100FF000098091400548D94454096DFF05FA00A0C5
:101000003B001120E2F29120F1E9D9EED0A90B29A1
:1010100000A060A239230B00D92F080001E30226AB
:101020005428F68802F4A0046DFF71FF282882027C
:1010300000906023D93C100001C900C640C46D0077
:1010400013941B220120370270503B8003403B0069
:1010500028606D00FB03402FBD027E00D9AD040067
:1010600040D2820264226422642260A2B0FCB924CD
:1010700008006DFFE3B3F9A204008212E9A20600A2
:1010800040F43B00102040D53BC00040F9A20800CE
:101090006D000D063BC00080BBF0FFCFB01C40CD03
:1010A00079C2000001DC2030803B8BE222328B02CF
:1010B00020348FFB0FA17633B01C3CF30BA800202B
:1010C000370B70B040F47FC243000B8A10486D00AC
:1010D0007C061B1800503705705040F440D502B410
:1010E0006D001F06C21A79C2000042A8370870803E
:1010F000DF02D6FF40F4028482056D0066061B18ED
:101100000050370570503B00102040F440A5824449
:10111000B4A2F9A202006D0004063B001120032FC7
:101120000A399120F139D93308CA603240F50C2FC1
:101130003B50034090330C2BD43490E66DFF44D6E3
:1011400040F4022F6D002C0302F200906D00280382
:1011500082A2009082F2009000902008FF2410806C
:101160009120F1298F2400F0D922D0A9913005F8DF
:10117000102219FF2C35BC424C406C200090820498
:101180006DFF523F82146DFF4F3F82246DFF4C3F35
:1011900082341DFF493F8045820F2008ACA38F1584
:1011A00000618B1480F2266F6E050C40C2F42CA7F0
:1011B000B014804F8F3F00218B2480F28B0220F4EB
:1011C0006E06B94F0000C2E4B0243C02820F024216
:1011D0008FD41F30CE4E82033C0C480542F57FF57C
:1011E0000380C2154CF1425F7F5F0380C21FC28241
:1011F0000B248050014500F69F03F1FF8F0F1F3035
:10120000B70F10F80224423F8FF21F30CE2782031F
:101210003C05B9250000C2E2425F0B24805001F575
:1012200000269F03F8FFDF1205801422E9A20600C2
:10123000B9A3060042F3B70310F88F031F40424FD3
:10124000B70F10288F0F1F30423276688F8200F060
:10125000B70F10F837026824A6F23702702000900A
:1012600054530B4510A8B70310488F031F300B438E
:1012700000205463404FB70310488F031F304224AF
:101280000B340020B70210F88F021F30423FB70F17
:1012900010888F0F1F2042288209BD0F1A00C81422
:1012A000B9F40A006DFF79FF4282B70210F88F028D
:1012B0001F8042F88CF52E0A8F8800F0B70F10F8C7
:1012C000370868848F198091A6F8C80F3CE7769894
:1012D0008F8800F0B70F10F837086884A6F802A4CA
:1012E0006DFFACB202B4022F6DFFA8B242F24228E9
:1012F0008F081F20B70810881A288F0F1F20B70FDC
:1013000010F842F246023702702000901DFFAAFF3B
:101310006DFF43FF4602370270200090404FD20815
:10132000BD0F1A00C814B9F40A006DFF36FF4282DF
:10133000B70210888CF58F021F3042382E0A8F8832
:1013400000F0B70F10F8370868848F198091A6F85D
:10135000C80F3CE776988F8800F0B70F10F8370871
:101360006884A6F88F0860213702702000900090F2
:10137000404200901B4400A0913005C8370A70A07D
:101380000248DA13D9CC303590CF8FFF0F91C80FB8
:10139000B9F208003FA20B8002946D001101402FAA
:1013A000BD021F808B5F2122762DC21F8B6F2122F1
:1013B000DF02ECFF91400548D94465196DFF24F820
:1013C00000A06D0050269120F1F9D9FF683A8CFEFB
:1013D0000224C21FA8EF6D005D26A0020090402CE1
:1013E00089C90400F92802006D003D269120F129E9
:1013F000D922683A8813C92F2000423F370F70F076
:10140000B9232200F92F20007FF30480F92F220056
:1014100002246D003F2640C20090404F7C4891401E
:101420000548D94448296DFFEFF700A080FF80F2FE
:10143000C23F8F3FC0F15FF2090091400548D94497
:1014400055296DFFE1F700A0D9FCFCFF7CC8914055
:101450000548D9446D296DFFD7F700A080CF80C221
:10146000C23F8F3FC0F15FF2090091400548D94467
:101470007A296DFFC9F700A039FFFCFF8B6F61F27D
:10148000EE0891400548D94452396DFFBDF700A0E0
:101490006D00E9259120F129D922683AC92320005D
:1014A000C9FFFEFF02245AF3F92F20006D00F22538
:1014B00039F4FCFF40C41D009100404C6D00D32561
:1014C00099C21000CC200228BD0F200048027422CF
:1014D00080F28F3200F16E0891400548D9446A3994
:1014E0006DFF92F700A099C204008C24B9220A0073
:1014F000C21F370F70F0AC247FF20380AC2502844A
:101500006D00C82540F20090CCC102248CF2C21FAD
:10151000A82F6D00BF25A00200908052404C8F3252
:1015200000F1405F6E0891400548D9444D496DFF78
:101530006BF700A06D00972599C2040002248C244B
:10154000C2FFAC2499C210004C20680FEC201D0093
:10155000A125CC44820F680F19420C00B94F0A0034
:10156000C2328F32C02160FFCEFCA00F3C0A9942EC
:101570001000602354237433B943080074224232AC
:10158000FCF7CC415443A83F68030090913005D844
:101590009120F1C9820FD9DD3035D9CC683A90DF7E
:1015A000C80F40F46DFFD7FF90C24812C21F5922E6
:1015B00028008B6F2122DF02F4FF00908B64A1F2E0
:1015C000EE0A913005F8D9FF303501F402F6C8046F
:1015D0001DFF75FFA002009080428B64A1F28B0278
:1015E000E0F44045EE0A913005F8D9FF303501F4BA
:1015F00002F6C8041DFF93FF00904042BC2AB92F99
:101600000A003FF40780A2F437047040D4223CF76C
:10161000BC52B45400906D0026259130F1F9820F30
:101620000224E9FF00B46D0035259110F1F999F419
:10163000ECA6BC49194F38106E031DFF6FB89944D2
:1016400010003CF80090404F024F02587C489140F7
:101650000548D94460896DFFD7F600A07B100030A3
:1016600080F40B3F50218B04E024DF0220806E1CAD
:10167000370F702088434223370370303F23178091
:1016800008C46F740A0048155AF580F51B0501401F
:101690007F4F06803C0B768A48145AF4681F8CF5FD
:1016A000A84342F2A85282020090821200900B4599
:1016B00010888F09C4F1404F1E1891400548D94445
:1016C0006A896DFFA1F600A03B1001406DFF78FF15
:1016D000BC2F820F82126C20EC21F9280800F92817
:1016E0000A00E9290C002C2DE9220E002C2F009075
:1016F000C2348F34C0F112523F271980BC531055A9
:101700003C02A0058222820FE9420D0082126C4049
:10171000B5450400F9450800F9450A00E9460C0002
:10172000E9420E002C4F40420090A002009082053A
:101730001DFF8BFF404F024F7C4891400548D94424
:1017400060896DFF61F600A07B10003080F40B3FD4
:1017500050218B04E024DF0213806E0F370F7020BE
:10176000B9F30A003F230C804814A223424F681F9C
:101770008CF4A8535222A842820200908212009058
:10178000CE4432541DFFD8FF82051DFF5EFFCE44BC
:1017900032541DFFD1FF82151DFF57FF404FBC4F34
:1017A000914005D8914005E87B4005B88209D9DD14
:1017B0007C89D9EE73991B2B65B93C2C9140054867
:1017C000D94460896DFF20F600A0820200906D0070
:1017D0004A240CFE0228EE0540D46DFF15F600A049
:1017E0000CFE0284C2FF16FF28EF6D005324EE1694
:1017F00008D2C80C0CFC6F1214004CF4EE0560B457
:101800006DFF02F600A0C84240F42D020000C2198C
:1018100040CF8FF90FA1BD0FDCFF02A20090160F81
:101820003B2001401E245E173B10014040F46DFF39
:10183000D5FE3CEEEE0540F46DFFF1FD3CE940E4E1
:101840006DFFE2F500A03CE48B1604220258024F23
:10185000026537047090DF0213808B26A422F625E0
:10186000DF160E001D0097003B2018205F260C009D
:101870003B0028205F2662001D008D00A00402842A
:101880001DFF17FFA00CA00F3BC05EC0820F3B20C6
:10189000F8AF821B3B2001406DFF92FEBD02248009
:1018A0006D00E1239130F1C939CF00B482130224D5
:1018B000E9C300B46D00EE23EE1091200548D94431
:1018C0005681A0056DFF70F476286D00CC230224AC
:1018D000E9CF00B46D00DE23BD0F640040F46DFF5E
:1018E0005FFF3C5F1B3900208F32C02180230B2C0F
:1018F00080203702702042391B3901900B829021E1
:101900008F39C0916C2059290400F9280800F92268
:101910000A00E92A0C002C2DE92B0E002C2FBCF319
:10192000F4C23C02402FA228370870808209402C64
:10193000DF08B2FF40F20090C2391B3800208F3917
:10194000C0918F32C0214229370970901B090130A4
:10195000370370403F2926803F2424806DFF0CFD13
:10196000BD02200080238202423F1B3F01F08F3FD7
:10197000C0F16C213B00F8FF2C2C821F7422F92847
:101980000800F9280A00E9220D002C2EE9220F0098
:10199000009091400548D94445A96DFF35F500A058
:1019A000A0020090404F024F7C4891400548D94426
:1019B00060A96DFF29F500A0B9F208007F2F4780CC
:1019C000A2F2914005C837027080D9CC78A9B9F24B
:1019D0000A007FF21080A22F8842370F70F0A28297
:1019E000A842C80FBD0FF5FF40C46DFF0DF500A064
:1019F0003CEF08C38FF30031DF032180BE2F08D2F4
:101A00006F121D80481480F240F4A22442F437047F
:101A100070406DFFAFFC7C2991400548D94450B916
:101A20006DFFF2F400A03C037DF2090091400548EF
:101A3000D9446CB96DFFE8F400A0C804A85FA84FB2
:101A4000BC436DFFADFE820F680F0090404F024F08
:101A5000820880F38B0F20228B032024DF021600E4
:101A6000B9F20A003F2F0C80C80CA22F680840F47E
:101A7000370F70F06DFF94FE40CF3CEC02F440F461
:101A80006DFF5AFE820F3CE640F20090820F370F46
:101A90007020C21FBC43D4443CFB0090BD04140022
:101AA000404F6D00E0220CFE0224C21F28EF6D00A3
:101AB000F1220CFEEE0891400548D94445C96DFF5E
:101AC000A3F400A0009080428053BA028B03E0F49C
:101AD000404F405C6E020090C802BC288CF4C9C222
:101AE0000800422FA84F402F3CF8B9F20800B9FF78
:101AF0000A005FF2090091400548D94457C96DFFBB
:101B000083F400A04CF06E0891400548D94444D9B4
:101B10006DFF7AF400A0C9C208008CF4E80C422FD3
:101B2000A84F0090405F6DFFD0FF40F41DFFB8FF4D
:101B3000404C405F024F02587C543B00FF2F009006
:101B4000B953080080440BF330218B04E024DF02FA
:101B5000F6FFB942080012533F32F17F914005D899
:101B6000914005E88209D9DD4BE9D9EE62E9B9CAAD
:101B70000A0099C404000B8A8020B9FA0A00608226
:101B8000A29AC8150B2A90A1302460920BFA90A15A
:101B9000302502A4ED58D408B9C20A00A2AF42A869
:101BA00042A9370F70F07F82068040D46DFF2CF47D
:101BB00000A0B9F20A007F92068040E46DFF24F491
:101BC00000A0B9F20A003F290B80C80F80F38B03F5
:101BD00000228B0F2024DF02B2FF8209B9C20A0063
:101BE0005F280B80D4CC80C48B0400228B0F202470
:101BF000DF02A5FF8208BCF9B9F30A00B9F20800B8
:101C00005F2304804802F62DBCC9B9C30A00B9C2DB
:101C100008005F23048054C2F624EEAA82020090DA
:101C200082A20090BC56B954080082051DFF82FFB5
:101C30003B00FF2F00908043805B8B0300228B0BC7
:101C4000E024404F024C8209820ADF022E8080F39A
:101C50008B0C20228B032024DF0225007659B9F259
:101C60000A003F250680A225370570503C19885888
:101C7000C815A258370870801AAB60520BC8908103
:101C800060F430250284ED58D4084289428A5A8C87
:101C900037097090370A70A0370F70C08205C80FDF
:101CA0003CD702920090820200908043805B8B03BD
:101CB00000228B0BE024404F024CDF022B80B94204
:101CC00008003F422A80914005C80248820AD9CCC8
:101CD0007DE9DF0815007CF540C46DFF95F300A099
:101CE000B9F90A00C8141AAB0B98909160F50294E8
:101CF000ED58D408A298429AC80F3CEC5FCA0F0076
:101D000091400548D94455F96DFF7EF300A03C068B
:101D10003B00FF2F009082F200908202009020088A
:101D2000405C0248D9A5060002546DFF68FC402FB4
:101D3000BD022E00B9AF0600B922080012833F325F
:101D40002700B9220A003F2F098091400548D94455
:101D50006BF96DFF59F300A0B9FF0A00B9A20600A4
:101D6000A22F7F8F0500370F70F03C02028FC8143E
:101D7000602202F4302440C5ED58D408A2F8370898
:101D800070407647C80410C51DFF91FF82F2009095
:101D9000820200900256B9450800404C6DFF56FD86
:101DA000402FBC2E402440C56DFF3EFF762B914056
:101DB0000548D94482096DFF27F300A03C03A00227
:101DC000009040F200902008D9A5060002586DFF4F
:101DD00016FCBC2AB9AF0600B9220A007F2F058085
:101DE000CC2110FF280800900090D452405FD926E3
:101DF0000C006DFF05F2F62288220090404C024F45
:101E0000BD041D003BA000406DFFDAFB402FBD026A
:101E100019002C28F42C6D00563D9120054840F502
:101E20006832D944B2136DFFE2FF3BA0004040F49A
:101E3000022F6DFFD3FB02F200903B00FF2F0090BA
:101E400082F20090024F3BA000400258404F6DFFCD
:101E5000B7FB402CBD02400040F402F46D001409B1
:101E6000402FBD02320091200548E9C80800F4C2A5
:101E7000D944DCF240C56DFFBAFFDF0226004CF109
:101E80006E0891400548D94493096DFFBDF200A04A
:101E90004CF4D9FD10006E214CF5EE274CF3D9FE21
:101EA0000C006E2B40E46DFF16F540D46DFF4AF335
:101EB00040F43B8000406DFF91FB3BA0004040C4DC
:101EC0006DFF8CFB3C083BA0004040C46DFF86FBCF
:101ED00040F20090A002009091400548D944B40916
:101EE0006DFF92F200A03CD991400548D944891970
:101EF0006DFF8AF200A03CD391400548D944AA194D
:101F00006DFF82F200A03CCFBD041D003BA000404D
:101F1000404C6DFF55FB402FBD021700F42C6D00A7
:101F2000D23C9120054840F56832D94404C36DFF86
:101F30005EFF3BA0004040F4022F6DFF4FFB02F21A
:101F400000908202009082F20090404FBC476DFFEB
:101F5000DDFFF62540F46D00E40882020090805316
:101F600002488064804F8B0300228B04E0248B0F97
:101F7000E024405C406DDF0220803BA000406DFF0C
:101F80001FFB402FBD021C00912005486C20E92852
:101F90000E004025D94462F36DFF29FF022F48222D
:101FA0003BA0004074C2B9F20C0040F4B4D26DFF03
:101FB00015FB02F200903B00FF2F009082F2009090
:101FC000404D405C024FBD0422007C55913005C855
:101FD000D9CC2C353BA000406DFFF2FA402FBD025A
:101FE000190054C291200548AC26F42D592208004E
:101FF0004025D94454036DFFFAFE3BA0004040F455
:10200000022F6DFFEBFA02F200903B00FF2F0090D1
:1020100082F20090BD041A003BA00040404C6DFFCE
:10202000CFFA402FBD02150091200548F42C402521
:10203000D94464136DFFDBFE3BA0004040F4022F47
:102040006DFFCCFA02F200903B00FF2F009082F26D
:102050000090404D405C024FBD0422007C55913001
:1020600005C8D9CC2C353BA000406DFFA9FA402F04
:10207000BD02190054C291200548AC26F42D592206
:1020800008004025D9444C236DFFB1FE3BA0004021
:1020900040F4022F6DFFA2FA02F200903B00FF2FE6
:1020A000009082F20090BD041A003BA00040404C1A
:1020B0006DFF86FA402FBD02150091200548F42CD3
:1020C0004025D94474536DFF92FE3BA0004040F47C
:1020D000022F6DFF83FA02F200903B00FF2F009069
:1020E00082F20090404C024FBD041A003BA0004019
:1020F0006DFF66FA402FBD021600912005482C287E
:10210000F42C4025D94452636DFF71FE3BA0004082
:1021100040F4022F6DFF62FA02F200903B00FF2FA5
:10212000009082F20090BD0429000C4016F08B0F45
:1021300021F2EE23024F3BA00040404C6DFF40FADD
:10214000402FBD021E0014C28F020F218B022122DC
:10215000F62C912005486C22F42CD94460B340251C
:102160006DFF45FE022F3C033B00FFFF3BA00040FC
:1021700040F46DFF33FA3C053B00FFFF3C0282FF59
:1021800002F20090BD041D003BA00040405C404DA9
:102190006DFF16FA402FBD02170091200548F42D5F
:1021A000B52C08004025D94478936DFF20FE3BA054
:1021B000004040F4022F6DFF11FA02F200903B0044
:1021C000FF2F009082F20090404C405E0248025A7D
:1021D000406DBD045B000C4016F08B0F21F2EE58F1
:1021E000394F2A00370561912E128219010D803472
:1021F0000F9380F0EE4D8202608FCE8BA00F3C09D2
:1022000001E2032619240400424F3F4F4280C212CC
:10221000FCF8EE0440C41DFFFFFECEF5DF0339805D
:1022200082FF06FF3BA000406DFFCAF9402FBD02B0
:102230003200820291200548F9280C00F42CB52EBA
:10224000080059221000E92A1C006C2559221800A8
:10225000D94474C340256DFFCAFD0228F62FBCD3B4
:10226000486274D2F69B48625FF2090091400548CB
:10227000D94483296DFFC8F000A03BA0004040F482
:102280006DFFACF9028200903B00FF2F009082A20C
:10229000009082F200902008F4A559A4040040A503
:1022A00082141DFF93FFBC4C404F6D00DC1E820367
:1022B0008CF40224A8436D00ED1E02F2009082020D
:1022C00000902008404C7C543B00FFFF3C6F820F85
:1022D0006C50BD04FB7F405E6DFFE7FFF9A202007A
:1022E000022FDF02648019C21400D9CD1400F62E2B
:1022F0003C0A19A80400DF084A803BA0004040F4D3
:102300006DFF6CF93B10FFFF3C5139C22A006F0290
:10231000FBFF3BA000406DFF53F9402FBD0246007C
:1023200039C22A0040D4D9A504006F120D006DFFF8
:1023300072F1DFF216803BA0004040F46DFF4EF9D1
:10234000829F3C3419C41C006DFF9DF1DFF20980AF
:102350003BA0004040F46DFF41F982DF3C2799C269
:102360003000BC2540C4D2142D02000099A4040002
:10237000D9A502006D000D06DF02BD7F3BA0004025
:1023800040F46DFF2BF98CA13C1191200548D944F4
:102390005AC340F568086DFF2AFD3BA0004040F499
:1023A0006DFF1CF974E83C0282FF02F200902008E5
:1023B000820F7801404F7C543B00FF2F00906C50FF
:1023C000BD04FC7F4C44405CEE086DFF6EFFF624BC
:1023D0003B50FF2F0090009039FF2A00D944100095
:1023E000AE166F240580AE038CF46E18D9A50400D8
:1023F0006DFF11F1DFF208000CF016F08B0F01F207
:102400006E263C1540F46DFF50FFDF02438039FF1C
:102410002A006F0FDFFF82920090D9A50400487454
:102420006DFF31F1DFF2EAFF82D2009099A404003F
:10243000D9A502006D00AD057627C9A202008B1256
:102440001FF26E273C2499A204003C0D5801EE08AF
:1024500091400548D944A6296DFFD6EF00A099A266
:102460000400D422B92F08006D00FD1D48930224FA
:10247000A2F368936D000E1EC8C2BC2640F48214FD
:1024800002F52D02000019A3040074C3820200901B
:102490000090BC480C4016F08B0F01F2EE031DFFBC
:1024A00088FF3B00FF2F0090D94F1000BCF34C4435
:1024B000EE043B50FF2F009039422A00024F3702B2
:1024C0004830405D404FCE368FF20721E9F22A00B6
:1024D0003C448F8F00918FF90F91F6983BA00040FC
:1024E0006DFF6EF8402C7C233C4BA00C40F440D593
:1024F00002F46DFF5EFF02287629DF0944803BA0CD
:10250000004040C46DFF6AF83C3DD4DDDF091B800C
:102510008212BCD3B9D2080008038F030F318B039A
:102520002132F63B91200548ECC059C20800D9443D
:1025300060B340C56DFF5BFC3BA0004040C46DFF35
:102540004DF8BD0D22802E4939FF2A0082928FFF5F
:10255000E7F1E9FF2A000090C8C2BC2540F4D2147C
:102560002D0200004CF140F4EE056DFF9EFE762E2C
:10257000009082146DFF44FC3B10FF2F009082F20C
:10258000009002820090820200903B20FF2F00907A
:10259000BC480C4016F08B0F21F2EE031DFF86FFA6
:1025A0003B00FF2F0090404E405D406C024FBD0449
:1025B00029003BA000406DFF03F8402FBD0225001D
:1025C0007CD5913005D8D9DD2C357CC5913005C836
:1025D000D9CC2C3554D291200548682254C240F5FC
:1025E000E9FF1100E80E6832D9449E436DFFFFFBFE
:1025F0003BA0004040F4022F6DFFF0F702F2009084
:102600003B00FF2F009082F20090404F405C406DF5
:10261000407E024F7C5891400548D944BC296DFF4B
:10262000F3EE00A07CF991400548D9449E396DFF36
:10263000EBEE00A03C13C8127DC209009140054892
:10264000D944BD396DFFE0EE00A06D000C1D0224E1
:1026500048986D001F1D4842F62440D41DFFA0F885
:10266000B9D20800488342823F23F97F82746DFF0C
:10267000A7F7402CBD02F37FF42DB52D0400820294
:10268000BCE254E2ACC659C20800D9F4100040C5FF
:10269000B9DF08006DFF88EF762440C41D00700983
:1026A0006D00E11C4893022442F368936D00F21C14
:1026B000C8C2BC2540F4820402F5DC020090BD04CF
:1026C0004E004C446E4B405E404F406C6D00CB1C46
:1026D000022448986D00DE1CB9CF08004882428F62
:1026E0003FF23D0082043B00285040C46DFF54FB84
:1026F000402DBD02340082746DFF62F7402C7C25B2
:1027000040D46DFF4DF83C2AF42DB52D04009120E6
:10271000F129D92218CA19231000D9F4100059C37D
:10272000080039EF140040C5ACC6B9DF08006DFFE2
:102730003BEF762540C46D0023093C106D00931CCF
:102740004893022442F368936D00A41CC8C2BC26BF
:1027500040F4820402F52D02000082020090CC4178
:10276000404540F46DFF9AAE9120055840F4D9558C
:10277000F4426DFF9AAE9120055840F4D955F2729B
:102780006DFFA5AE9120055840F4D955CE32822474
:102790006DFFCBAE9120055840F4D955D6921DFF60
:1027A000A8AE404F024FBD04510039420100DF3254
:1027B000090091400548D9449B496DFF25EE00A0D2
:1027C00048B2F62C39F22A006F2209809140054860
:1027D000D944BA496DFF18EE00A0C8B28208BC25E2
:1027E0005428AC221BC8008008038F030F318B03D1
:1027F00001228B0F0024762440F46DFFB2FF39F2E2
:102800002A00072202F18F42C021E9F22A008B0838
:1028100000223FF20D8002F28B08002576289140BD
:102820000548D944B7596DFFEFED00A0C8C2820238
:1028300068B22812BC2540F4D2242D0200006E0795
:1028400060846DFF21F03C0382A200908202009020
:10285000404F024C7C4891400548D94494696DFF33
:10286000D3ED00A00CF11E1891400548D944A16990
:102870006DFFCAED00A04CFBEE0891400548D9441D
:10288000BE696DFFC1ED00A04CF1EE089140054816
:10289000D94498796DFFB8ED00A0C8B2192218008C
:1028A0004C253FF2098091400548D944AE796DFF2F
:1028B000ABED00A0C8B2B92F0C00EE08914005485E
:1028C000D944AD896DFFA0ED00A0C8B239FF2A0040
:1028D00039291C00370961A12E12821A914005D8AE
:1028E0007B1000D0BBF0FFEFD9DD9599C8B29923DA
:1028F0000800D43C192310001934040060345A3401
:10290000304C370F70203FDF06808F294091BBF09D
:10291000FF2FC813B93828107F280C8076A7F68AB5
:102920004C26DF0FB500820F3C5D8F2940913C02A1
:10293000022842837F34068040D46DFF65ED00A0FD
:102940007B1000400BE800210B4F50312632F62A55
:10295000370F70F05FF80B80C8B2B92F0C00BF2F93
:1029600006808F294091821B3C02820BC81440C50F
:102970000B8910486DFFEABD022FDF022880C8B224
:1029800019221800428259221800C8B219221000D8
:10299000422859281000C8B29923080019231000B2
:1029A000193204005F231380C9220C00C2F2F922FD
:1029B0000C00C8B2B9220C007629192308001B8329
:1029C000002059220800C8B26C248B0F0022262B4D
:1029D000DF0B8EFF921237027020FF223680DF0A53
:1029E0001600C8B219231800192214007F230F8083
:1029F000C8C2BC2540F4D2342D02000039F22A00AE
:102A00008F024121E9F22A003C13C8123B106D31BC
:102A1000B92228103F320780B9222A108B02612286
:102A2000F627C8C2BC2540F4D2342D020000EE0CBB
:102A3000C8B2C81419291800192814006DFFD2C291
:102A4000DFC211803C20DEF2C8146DFFCBC2DFC2B2
:102A50001B00F6A382F20090C8B24C266E16820FBD
:102A60003C050B8970A2DF0AF77FC8B2D424AC22E0
:102A7000820F68BF281F76C5D9440C006DFF04EF94
:102A80008202009082CF3CF2829F3CF0829F3CAA5F
:102A9000404F024C7C4891400548D94480A96DFFC5
:102AA000B3EC00A00CF016F08B0F01F2EE08914091
:102AB0000548D9448DA96DFFA7EC00A00CF11E4874
:102AC00091400548D944ABA96DFF9EEC00A04CF1A4
:102AD000EE0891400548D9448FB96DFF95EC00A0F0
:102AE0004CFBEE0891400548D944BE696DFF8CEC63
:102AF00000A0C8B2C81C392208008F2200F18F1232
:102B0000009116FFDF327500769B39C318001BB3A6
:102B1000FF4F8B2460228B83E024DF026A806E05E6
:102B2000C9C21E006F426580820A39C21800DF12D6
:102B3000098040C4A0056DFFEEACDF0A1C803C3369
:102B4000769940C4A0056DFFB0AC40C4A0056DFFF0
:102B5000E2AC6E0540C4A0056DFFB9ACDF0A2400ED
:102B600040C4A00582046DFFE0AC40C4A0056DFF29
:102B7000C0ACC9F228000E2AC81219233010DF0396
:102B80003E8019233410DF033A80820B820880C311
:102B90008B0800228B032024762D40C46DFFD3B018
:102BA00002283C0840C40B9F10486DFF78B1820B8F
:102BB0000228F685DF0B670082B83C3CDFF86380B3
:102BC000C9F228003B803EB0E22BCE233B00E2B4AA
:102BD0006D007936C8B219230C00A2323FB22B0027
:102BE000DF0A510040C46DFFA1AE82083C4B40C4D7
:102BF000A0056DFF53AC821A3C99DF02160039F232
:102C00002A00820B82986F12C4FF6D005C36C8B236
:102C10003B803E40821B19230C00A232C9F32800DE
:102C2000E2433F32B57F40C46DFF80AE820BA00C03
:102C30003CAE39C21800DF12098091400548D944E2
:102C4000A2B96DFFE1EB00A06E089120055840C4C9
:102C5000D955F2726DFF3BAC91200558821440C4E7
:102C6000D955CE326DFF61AC9120055840C4D9557D
:102C7000D6926DFF3EAC40C440F56DFF0FAC0282B2
:102C80000090C8B28202D42CF928040068B228123D
:102C9000DF08188076A8C8C26818BC2C40F4D2445B
:102CA0002D0200007697C8C2BC2C40F4D2042D023D
:102CB00000006E07C8C2BC2540F4D2242D020000DB
:102CC00076C5D9C40C006DFFDFED82020090404F45
:102CD0007C4891400548D94494696DFF95EB00A06C
:102CE0000CF15E1640F482146DFFB4FD3C065E45A7
:102CF00040F482146DFFCEFE39FF2A006F4F1A0098
:102D0000C812BD021700B92228103B106D313F32A6
:102D10001180B9222A108B02A122F62BC8C28F0F74
:102D2000C1F1E9FF2A00BC2540F4D2242D020000A5
:102D300082020090404F405D406C024F7C589140B1
:102D40000548D94485C96DFF5FEB00A07CFB91402D
:102D50000548D944A7C96DFF57EB00A0EE0482AF28
:102D60003C476E0A91400548D94486D96DFF4CEB2B
:102D700000A0BD0FF67FC8127DD209009140054822
:102D8000D9449ED96DFF40EB00A04CF4EE0CBCC9B9
:102D900040D4B9C408006DFF26AB40C46DFF00F5F8
:102DA000820F3C26BD0C1F00B9C80800D9F41000E2
:102DB00040C56DFFF9EB022FDF0213806D00531940
:102DC00048930224428368936D006419C8C2BD020F
:102DD000E97F40F4820402852D0200003C0982FF55
:102DE0003C07914005C8D9CCED5982083CE002F27D
:102DF0000090404F02487C4991400548D94494696D
:102E00006DFF02EB00A03C260C415E1582146DFFA5
:102E100021FD3C055E4482146DFF3CFEC812BD02DC
:102E20001A00B92F28103B106D213F2F1480B92FA5
:102E30002A108B0FA1F2EE0E39FF2A00C8C28F0FA5
:102E4000C1F1E9FF2A00BC2640F4822402852D024C
:102E5000000082020090404F024F7C48914005489C
:102E6000D94494696DFFD0EA00A06D00FC1839F4D4
:102E70002A0082038F144041E9F42A0008186813DD
:102E8000A84F281302246D000519C8C2BC2540F4C0
:102E9000D2442D020000C8C2BC2540F4D2042D0249
:102EA0000000C8C2BC2540F4D2242D02000091408D
:102EB00005C88B2F1F22D9CCEE59DF021B80914011
:102EC00005C88B3F1F22D9CCEF59DF0213808B1F1F
:102ED0001F227626914005C8D9CCED593C0A6E08D0
:102EE00091400548D944BCD96DFF8EEA00A0A00CE2
:102EF0004842DF0239804852DF023C801BD8FF3F46
:102F00008B2360228B18E024DF02240039F22A0090
:102F10008F42C031E9F32A006F223A8048B2F62886
:102F200091400548D944BE696DFF6EEA00A0C8B261
:102F3000DF480380820FAC22D422D92C0C00BD0CB8
:102F40001F004C236E1C820F68BF40C41DFF9CEC09
:102F50004CFB6E1D91400548D9448CE96DFF54EA45
:102F600000A00090D9F4100040C56DFF1DEB3CC4DB
:102F7000D9F4140040C56DFF17EB3CC191400548E2
:102F8000D944A6E96DFF40EA00A03CDE0090404C29
:102F9000405F7C5891400548D944BFE96DFF34EA51
:102FA00000A091400528D922EF593B30FFFF7D2C2E
:102FB000120091400528D922EE593B20FFFF7D2CBD
:102FC0000A0091400528D922ED597D2C07803B103D
:102FD000FFFFA80F8212009082020090D44C820F53
:102FE000AC424CC1EE4F0CC0404F16F08B0F02228A
:102FF000DF021C808B0F0422F6258B0F01F26E3B43
:103000003C2F3945080082046DFFDFA7B5C20400DC
:10301000C80699640400BD04310091200558D955B3
:103020007EA26DFFB5A63C2982046DFFA2C7B5C282
:103030000400C80399320400BD0220000C308B2F1D
:1030400022F2EE04821FE92F1400C80699640400DE
:1030500091200558D9554A826DFF52C73C0E820413
:103060006DFFB6ADB5C20400C8044C416E066DFFDD
:1030700078FB3C0382AF3C05C8024C21EE0382FF83
:10308000A82F0090024F3B800040404D6DFF98F20A
:10309000402FBD0244008202F92208008F0F0F4129
:1030A00082022C20592204008B0402F2EE0F8B04C2
:1030B00004F2EE0C8B040142F64991400548D944D4
:1030C0008BF96DFFA1E900A03C24D9FC100040C49D
:1030D00082046DFFD6E9DF021D80D9F40C00820462
:1030E0006DFF95EB762540C46DFF2CEA3C1282FF04
:1030F0003B00FA3168522812686FE8CD68B26872F6
:1031000068836892F9FF2800E9F22A0040F20090F3
:103110003B80004040F46DFF61F2A00200904C4102
:10312000404F6E0891400548D944B1F96DFF6CE9F4
:1031300000A04CF4EE0E4CF5EE14D9F40C006DFF2B
:10314000CAEB820F683F3B80004040F41DFF46F20F
:1031500091400548D944DF096DFF56E900A03CECD9
:1031600091400548D944D9196DFF4EE900A03CE6CD
:10317000D94C10002008404FBD0C25004C446E2255
:1031800040C4D9A504006DFF46EADFF217000CF039
:1031900099A4040016F08B0F21F2EE0CD9A50200C1
:1031A0006DFFF7FEDF02EEFF99A404006DFFF8F259
:1031B0003CE86D00E5033CE540C4820F6DFFC2E9C9
:1031C000684FD9FD1400BD0D28004CF5EE0A0090A3
:1031D00099A40400D9A502006DFFDBFE022F762919
:1031E00040D4D9A504006DFF16EADFF2F3FF3C0FCF
:1031F00099AC040040C45CBD99C40400BC446DFF9C
:1032000095AB6CC140C46DFF8CFF3CEB40D4820F8A
:103210006DFF98E9685F0090BD0412004C456E0F89
:10322000405E404FD94D1400BD05148091400558B3
:1032300040D4D955EF596DFFB7E9762382AF3C6191
:10324000C8C2BD02FD7F40F4D2042D0200003CF74D
:10325000764891400548D944D5296DFFD5E800A0AE
:10326000C8C408046DFF10FF402CBD0213809140BC
:10327000055840D4D955EF596DFF96E9DF024180DA
:10328000C8C2BD023E0040F4D2042D0200003C380A
:103290004024B52E04006DFF64FA40E46DFFF9A6EA
:1032A00040D440C56DFF80E9022FDF022300CCC16E
:1032B000A005820F40F46DFFF1A840F4A0056DFF5A
:1032C000F4A840F4A0056DFF02A9820440F4A00513
:1032D0006DFF2BA940F4A0056DFF0BA9D9C4100008
:1032E0006CC16DFF2FE96CC440C46DFF1AFF3C0830
:1032F000C8C2BC2740F4D2042D0200003C0282FF69
:1033000002F20090D442404F0C216E0E14228F0224
:103310000F218B020122F62891400548D944FC294F
:103320006DFF72E800A092E38B0F20228B23A02474
:10333000F6265E38C802392F2A00AE2482BFA82F95
:103340000090C804820FA82F6DFF14FFC8029924B3
:103350000400BD0454000C2016F08B0F0222F62B43
:103360008B0F0422F6258B0F01F26E453C0B6DFF8F
:10337000F3A53C41820F6C4A992404006DFFC9C536
:103380003C3A4C2B6E0891400548D944D0396DFF2A
:103390003BE800A0C804824F82042C41823F288F62
:1033A000EC4B6DFF77FBDF023600C8020C211E4894
:1033B00091400548D944EB396DFF26E800A09110F3
:1033C000F1C9D9CC20F740C46DFF50E8C80282048F
:1033D000D9240C006DFF5CEA40C46DFF3BE8C80FC8
:1033E0000CF16E1891400548D944EB396DFF0CE89B
:1033F00000A00090C802820F6C21C80499423000DE
:10340000BC24D2042D020000C804CC4CBCF3D2244E
:10341000DC0F0090D442404F99240400BD042100E9
:103420000C2016F08B0F0222DF0214808B0F042277
:10343000F62B8B0F01F26E14D9F50800B9F40C00CD
:103440006DFFA8A63C0ED9F508006DFF71A43C09DC
:10345000D9F50800B9F40C006DFF58C33C0282A2F4
:10346000A8220090404FD4446DFF1FF7F62EC802EB
:1034700099240400BC490C2016F08B0F01F26E0455
:103480006DFFB0BD3C0282A2A8220090D442404F02
:1034900099240400BD0469000C2016F08B0F022251
:1034A000F62E8B0F0422F6268B0F01F282A26E619C
:1034B0003C0DD9F508006DFF56A43C5BD9F508001A
:1034C000B9F40C006DFFD7C43C540C21DF3F500011
:1034D0003B60FF2FEE4E40246DFF43F940F509524B
:1034E00088019924040091200568B9F40C00D9667C
:1034F00062E26DFF5FA8DF023D80C8028232392F91
:103500002A00E92201002E169604E92F2A0082B231
:103510003C308F4FC0F1E92F2A00C8020C21EC2B60
:103520001E3891400548D944EB396DFF6DE700A086
:103530009110F1C9D9CC20F740C46DFF97E7C802BC
:103540008204D9240C006DFFA3E940C46DFF82E71B
:10355000C80F0CF15E3F91400548D944EB396DFF2F
:1035600053E700A000903B10FF2F3C033B70FF2F60
:10357000A8220090CC400CF016F08B0F22F2EE0740
:10358000404CC8146DFFACC4ACC2009082AFAC42DA
:103590000090D442404F992404002008BD045A00F2
:1035A0000C2016F08B0F21F2EE570C21EE3C394F18
:1035B00018006E0382AF3C520884D9A506006DFF47
:1035C00050A6402CBD024C00C802D9241000BC45B6
:1035D00019221000DF024780C802820FACA3D92451
:1035E0001400BD0445004C256E428CA3EE15C802A4
:1035F000822FB52C0400C805995404002C216DFFBE
:103600004DA7C8029924040091200558D955188364
:103610006DFF81A73C2440C46DFF95ABC802820FAB
:103620006C213C1DDE26820FACA3394F18001E18FA
:1036300091400548D944F2396DFFE6E600A00CF848
:10364000C80299220400EE02821FE92F20003C07E5
:103650003B50FFFF3C033B00FFFFACA38CA3A82F14
:1036600000906DFF6FE7C8026C243CB782046DFFC9
:1036700008E7F9A206003CBA404FD4446DFF15F6A6
:10368000DF022E80C80299240400BD0427000C200C
:1036900016F08B0F0222DF0213808B0F04F26E1DD7
:1036A000C822D9260800BC634C22EE05D4256DFF44
:1036B0004FA43C15D4256DFF16A43C11C822D42577
:1036C0004C22EE046DFFBDC33C0AD9260800B92484
:1036D0000C006DFF79C33C033B50FF2FA8220090E4
:1036E000CC40820FAC424CF16E180CF016F08B0FF0
:1036F00021F2EE134C42404F7B100090370F708048
:103700003F9F0480BBF0FF8FC8029924040002840D
:10371000A28F6DFF68A6EEF30090820FAC42CC4002
:10372000C814BC480CF016F08B0F21F2EE031DFFFD
:10373000D8A40090404FD4446DFFB7F5DF0251800C
:10374000C80282A20C2016F08B0F21F2EE490C2148
:10375000EE434C216E43821F2C214C2B6E0891406E
:103760000548D944D0396DFF4FE600A04CF5EE086E
:1037700091400548D944DF496DFF46E600A0C804E2
:103780008204EC4B6DFF66F8DF022C00C8020C21AE
:103790001E1891400548D944EB396DFF35E600A06D
:1037A0009110F1C9D9CC20F740C46DFF5FE6C80283
:1037B0008204D9240C006DFF6BE840C46DFF4AE61B
:1037C000C80F0CF15E1E91400548D944EB396DFFDE
:1037D0001BE600A0009082B23C033B50FF2FA822C2
:1037E0000090CC40C812BD0221000C4E6E03542242
:1037F0003C0319220400594208008202F9420400E5
:1038000008028F020F218B020232DF0313808B022A
:103810000432F6368B020122DF0225003C166E05CB
:10382000C81F39FF14003C1C3B50FFFFAC42009006
:10383000C81F6E04B9FF16003C1339FF14006F2F28
:10384000F57FB9FF18003C0CC81FEE0839FF1800BF
:10385000BF2FECFFB9FF1C003C03B9FF1A00AC46B8
:10386000009091400548D944F3496DFFCDE500A093
:103870000090404FD444194204000C41762E14426B
:103880008F020F218B022122F62808828B32003210
:103890008B2F003576325E343B50FFFF3C035E14C5
:1038A00082BFA82F00906F0204006DFF63FCC80266
:1038B0004C2B6E0891400548D944D0396DFFA4E5E2
:1038C00000A0C804824F82042C41EC4B6DFFE2F84B
:1038D000DF022600C8020C211E4891400548D94449
:1038E000EB396DFF91E500A09110F1C9D9CC20F71B
:1038F00040C46DFFBBE5C8028204D9240C006DFFF3
:10390000C7E740C46DFFA6E5C80F0CF16E089140F3
:103910000548D944EB396DFF77E500A00090CC4015
:103920003B50FFFFAC424CF16E170CF016F08B0FC2
:1039300022F2EE10394F1100404FD9F50800D9445A
:103940000C00EE046DFF3DD43C036DFFADD4A82206
:10395000009082AFAC4200901B0401F0370F70F072
:103960008B1FA1F2EE0A7B3005F81B0F30F53344B4
:10397000204F604F4802009082520090BC4D404F53
:10398000D444BC46820F6DFF0BEF681F680F827432
:1039900040F41DFF23EE0090BC49404FD444BC438B
:1039A0006DFFFEEE820F681F680F0090404F405C75
:1039B000024FBD041800D444BC436DFFF1EEFB8000
:1039C00003403B1004606DFF41EFE8027C24E812E5
:1039D00082F20090B52C0400AC24AC25E8128202DF
:1039E00000903B00FF2F00906D008800DF021C005C
:1039F000531240807BF0005082040B8910681B0535
:103A000024546D00AE7B0B891068910000F5820490
:103A10003B803E5059F2B0866D00A37B910000F5CB
:103A200059F2B48600904DC0E1FF910000F5B70F48
:103A300010F8D9FFB88690FF8F140080C80F8F242C
:103A400000F0D9FC3C00D9FD0010DF0538000B6503
:103A500010A802496D0052004B0B61517B40973416
:103A60001B0340324B3551504B0261214B25412005
:103A70004B0221210F02B0418BF40141D9F23800F1
:103A80008F4900308FF40141574030C3492C400822
:103A900048434223F69368C33C0268D3922357A05D
:103AA00021C349CC40088213573021C849DC400863
:103AB000573021CF49CC400800908202572021CFB7
:103AC00049CC4008821F57F021C849DC40080090CB
:103AD0007BD0EE4F9120F1491B4421418225D944EE
:103AE0007C5A6D003057762200A000909120F1F9A9
:103AF00099FF7C5AC82FDC0F9120F1F999FF7C5A6D
:103B0000C80FDC0F9120F1F999FF7C5AC8CFDC0F68
:103B10009120F1F999FF7C5AC89FDC0F6DFF9F59E6
:103B20009120F1F959F2406A00904DC0E1FFB70FC2
:103B300010F83B00013053CF20F060F2D92F00463F
:103B4000113F00FF4CF04824570F70338222570F6B
:103B50006E228FF28321370270206F741E008F1245
:103B600000F0B70F12F7370F70F03BD0006057022C
:103B700061663BC00070570261773BB0005057024E
:103B800061558214570261440F67C020C652C64275
:103B9000A6F2370270208F0301F00622A6F28F12E0
:103BA00040F1680F8F224021680254FF0D00C004CD
:103BB000820FCDCF20090D00C004913005F839FFE8
:103BC000B707EE05CD0F04090D00C0044DC0E1FF9D
:103BD000B70F10F83B00013053CF20F060F2D92F1F
:103BE0000046113F00FF4CF04824570F70338222EB
:103BF000570F6E228FF28321370270206F741E00E0
:103C00008F1200F0B70F12F7370F70F03BD0006043
:103C1000570261663BC00070570261773BB00050AD
:103C2000570261558214570261440F67C020C65283
:103C3000C642A6F2370270208F0301F00622A6F2D8
:103C40008F1240F1680F8F324021680254FF0D003F
:103C5000C0046DD775851D001A00764C9100F1FBEC
:103C6000C9FFBCFCD9F2BCFCEE05F9250200F9F451
:103C7000BCFC00906D00662D6D00E81F3B60095094
:103C800002246DFFECFF1D008B3120786DD7588525
:103C90006DFFACFE6D002F526D0046523B401F4041
:103CA0006D00B7526D0061173B600C5002246DFF30
:103CB000D6FF6D0087223B800C5002246DFFCFFFA2
:103CC0006D00B62D762A6D00BF3E6D00E4463BE0E8
:103CD0000C5002246DFFC3FF821482156D00005644
:103CE0003B200D5002246DFFBAFF6D00F1013B40F7
:103CF0000D5002246DFFB3FF6D00CA573B500D50AD
:103D000002246DFFACFF6D00BA173B600D5002241A
:103D10006DFFA5FF6D00D02A3BD0065002246DFF39
:103D20009EFF6D002F273BE0065002246DFF97FF9A
:103D30006DD706856D00E0173B000E5002246DFF25
:103D40008EFF6D00711A3B100E5002246DFF87FF2D
:103D50006D002E1B3B200E5002246DFF80FF6D0076
:103D6000CE1C3BE0075002246DFF79FF6D00C51F9C
:103D70003BF0075002246DFF72FF6D00B02D3B0039
:103D8000085002246DFF6BFF6D0026313B10085078
:103D900002246DFF64FF6D00D7333B2008500224DE
:103DA0006DFF5DFF6D00BC363B30085002246DFF97
:103DB00056FF6D00CD393B40085002246DFF4FFF88
:103DC0006D00CB2E3B50085002246DFF48FF6D0064
:103DD00008023B600E5002246DFF41FFD9A404008D
:103DE0006D00752D39AF2F106E086D00B1223BC0EC
:103DF0000E5002246DFF33FF39AF2E106E086D0098
:103E000003283B100F5002246DFF29FF39AF2D10FE
:103E10002E036D00A44C6D0088216D00873A3BD0C5
:103E20000F5002246DFF1BFF6D002E2F3BE00F5043
:103E300002246DFF14FF6DD783846D0087203B80C3
:103E4000105002246DFF0BFF6D00B22A3B90105002
:103E500002246DFF04FF6D0011273BA010500224C7
:103E60006DFFFDFE6D00EF0D3BC0105002246DFF95
:103E7000F6FE913005F819F4DCA36D00450E3BD039
:103E8000105002246DFFEBFE6D0040576D0026318F
:103E90006DD756846D00AC2C3B90115002246DFF01
:103EA000DEFE1D00A420E2549A348F3FC0F10BF6D1
:103EB00010486D0050001023402F01232030803423
:103EC000820206E47C23009064F29F04FFFF0090CE
:103ED00082061DFFEAFF200882244D40E0FF370FD5
:103EE00062F53E43ADD08F004DC0E28F028F16FFCA
:103EF0008B7FA3F2EE088FF8CFF19637CDCFE20F8C
:103F00000D00C00440A5D9A604006D003358BD02C1
:103F100013004C206E10913005F8D9FF04D54CF1F8
:103F200019A20400D4A513C2203F40246036B04635
:103F30006D00735782244D40E0FF370F62F53E431A
:103F4000ADD08F00CDC8E20F0D00C00400901DFF62
:103F5000C4FF3B8000601D00885782051DFFFBFFEA
:103F60002008404C0B5410887C466DFFF4FF402D18
:103F70001D009F0082244D40E0FF370F62F53E4355
:103F8000ADD08F004DC0E2AF02AF16FF8B7FA3F222
:103F9000EE088FFACFF19637CDCFE20F0D00C004B7
:103FA00040C440A5D9A604006D00E457402FBD02CF
:103FB000760019A504005F8572804C206E6F9130E9
:103FC0000528D92204D54C211B3900408F34C0412B
:103FD00013C8208FF6486086D4A540F4B0466D0023
:103FE0001C573C5A481901C400E66092802280EFB9
:103FF0003FF21180609540F440E66D00225740CDBD
:10400000DF023B80608640E440F5B0466D00055716
:104010003C33608399320400802699320800802363
:104020005F6208803FF31680E81EB53E04003C3412
:10403000609280E654234C218B0300220B6F5022A8
:10404000762860F5681F40F440E66D00FA563C247F
:104050006DFF81FF402DBD022200609201C220F061
:1040600080F90B90C09140CF40D206E99F091280A1
:1040700040C46DFF32FF82244D40E0FF370F62F5F0
:104080003E43ADD08F00CDCAE20F0D00C0043C10FE
:1040900044FF642F3CEC40CD3CEF912005F83BC041
:1040A0000040D9FF38242D0F0000A00D3CE540D280
:1040B000009082051DFF56FF9120F1F959F47C4BC9
:1040C0000090910000F539F284960090910000F57F
:1040D00039FF84963B50FF2FEE13910001453B4082
:1040E0000F40D94428916D00924FF625821FE9FFB9
:1040F00084960090822FE9FF84963B60FF2F00900A
:10410000B5440400F4440090404F40524D40E0FF5D
:104110003BC00020570F62F26E08820F02F440F499
:104120004025AD408F0000904C406C50D443B524E6
:104130000400B5350400E8050090404F4D40E0FF15
:104140003BC00020570F62F26E09A002824F02F4BA
:1041500040F44025AD408F000090D4424C416C218A
:1041600099430400F432E814E80400909120F1F936
:10417000D9FF446A39FF013082B27FF40B8001F429
:1041800000F6820339F202300BF23021AB839F221A
:104190000090024F404F6DFFEBFFF62502F440F414
:1041A0001D009A000090024F404C405F6DFFE0FF01
:1041B000F62A02F440C440F56DFFD2278B823FF20D
:1041C000AB629F2F00901D0021011D0036011D00D4
:1041D000AC01FF2404801D00910182B200902038C0
:1041E00040A46D00320A9120F1C9D9CC446A40AF95
:1041F000D9C200307B0001A5A02309F24801892221
:104200004801FC3C820F820840CD1B8A56A139C26E
:1042100000307F28208019D2103013C82032C218F5
:10422000603F08046D00B20102298822F80BF9A250
:104230002800C9D20C3059AA3000F9A22A0008047B
:10424000D9A428006D0044034292422F370F50F04A
:104250003CDFEE3F7B0001251B824121910001F5EF
:1042600059A2280082148212D9A42800D9A51800C6
:10427000D9FFA0D3780D59A22C0059A230002D0FE0
:1042800000007B000195022F820840CD1B0932916E
:10429000DF02208039C201307F281C8099DF143072
:1042A000D9A41C0001F803F6881259A82000F9A22D
:1042B0001C00C9D20C3059A92400F9A21E00080420
:1042C00008156D00290342F2370250F0C2183CE392
:1042D00002F20090530423F09120F1F9D9FF446ACF
:1042E00010F299F3143054232010013403363B604C
:1042F000FF2FDF0360804025A02609424801895234
:104300004801FC6CB9220800DF02118054227B2096
:1043100000301B93843E0B3250213BC02B403BB0FE
:1043200036302B434022F922080010F4B9420A002B
:10433000DF021280194204007B2000301B93843E70
:104340000B3250213BC02B403BB036302B43402238
:10435000F9420A0010FFDA0AF9FF2000DA32F9FF09
:104360002200DA64F9FF24004802DAFAF9FF260095
:104370003B401FF0F9FF280074A23B803EF08842CA
:10438000F9FF2A00820FA86FF9A204002CA63B8037
:104390000020820F780259A20C0014343935010034
:1043A00040A46D00B005370250207624680FBAB2E1
:1043B000EAF20090530423309120F1F9D9FF446AC6
:1043C00099F2143001F300F63B60FF2F4CF001240A
:1043D00003266E1A9130053880330C201B033825D4
:1043E000130F21320C216033C22FD4328F8F00F093
:1043F0001022820F57F021CF492C40088CFC8202FA
:104400008F2FC0F1A8CF00907BE0EAFD54421BFF44
:10441000EEFB5FF20D80394F2C0016FB5E1A9944BB
:104420001000910001F5D9FFC8C3DC0F82B20090E3
:104430003B60FF2F00907BE0EAFD54431BFFEEFB47
:1044400082B25FF35A809120F1F980F3B94F1400E2
:104450001B43582A130F2332603FB9FF0C00EE06AE
:104460003953080082A2FF934880C2FFFF2F0780C4
:104470000C5882A28B1FA4F2EE3F394F2C00405FF4
:1044800092E28FD20F21404CDF0224800D0FC00337
:1044900099441000BC48910001F5D9FFF8D32D0FC5
:1044A00000003C1499C40C0091000125D92278B178
:1044B0002D02000037025020F629D9CC1C10A02272
:1044C00009F4480189C44801FC2C0D0F80030090B9
:1044D00016FB3B60FF2FDE3099440C006D00860810
:1044E00037025020F629D9CC1C10A02209F448012B
:1044F00089C44801FC2C0090024F7BE0EA3D544403
:104500001BF3EE3B404F82B25F340E8099440C00A7
:10451000EE046D003E083C046D005308821FE9FF65
:104520001800820200907BE0EAFD54431BFFEEFB83
:1045300082B25FF32A8039422C001BB2FF3F8B23EB
:1045400060F28FD20F218B12E0F43B60FF2F6E1CC4
:10455000395204000C64F6256E073B60FF2F009073
:104560003B60FF2F6E11404F99440C00406C405D42
:104570006D00C70709D2400989F25C0909C24009E8
:1045800089F2640982020090913005288022024855
:104590001B0238F51304213F6032CC203929040076
:1045A00082244D40E0FF370F62F53E43ADD08F00CF
:1045B0000D04C0034DC0E1FFB70F10F83B00013000
:1045C00053CF20F060F3D93200461132002F4C2037
:1045D00019250800570F70338222570F6E228FF271
:1045E0008321370270206F751E008F1200F0B70F05
:1045F00012F7370F70F03BD00070570261773BC065
:104600000000570261003BB00060570261668215EE
:10461000570261550F70C020C662C652A6F237021B
:1046200070208F0301F00622A6F28F1240F16C2059
:104630008F2240217422542F0D00C004820349F3BD
:1046400000084DC0E1FFB70F10F83B00015053CFF9
:1046500020F060F3D93200461132002F4C20192689
:104660000800570F70558222570F6E228FF2832158
:10467000370270206F761E008F1200F0B70F12F70E
:10468000370F70F03BD00000570261003BC00010B4
:10469000570261113BB000705702617782165702D2
:1046A00061660F01C020C672C662A6F23702702092
:1046B0008F0501F00622A6F28F1240F16C208F3296
:1046C00040217422542F0D00C0040D0480034CF0CF
:1046D0006F1FFFFF820F60926F03E800FD20030051
:1046E0003C0D8F8F002001F20036C21F193200806E
:1046F0008F024421593200803CF2820F59FF08702A
:104700006DFF08FA7B605F601B06106E82033F62DC
:1047100023804B621162DF0719004B0261217BF09D
:10472000CB341B03C23B4B2351207B0048F44BF29C
:1047300041204B0221213B004040B7F281F70B4260
:104740003031AB0F80333C073B0040300B6380605F
:10475000B7F601370D04C0034DC0E1FFB70F10F8E5
:104760003B00015053CF20F060F3D93200461132A4
:10477000002F4C2019260800570F70558222570F22
:104780006E228FF28321370270206F761E008F1207
:1047900000F0B70F12F7370F70F03BD00000570250
:1047A00061003BC00010570261113BB0007057021E
:1047B00061778216570261660F01C020C672C66219
:1047C000A6F2370270208F0501F00622A6F28F12A2
:1047D00040F16C208F2240217422542F0D00C00420
:1047E00068334DC0E1FFB70F10F83B00013053CFE5
:1047F00020F060F3D93200461132002F4C201925E9
:104800000800570F70338222570F6E228FF28321D8
:10481000370270206F751E008F1200F0B70F12F76D
:10482000370F70F03BD00070570261773BC000003B
:10483000570261003BB00060570261668215570263
:1048400061550F70C020C662C652A6F237027020B2
:104850008F0301F00622A6F28F1240F16C208F32F6
:1048600040217422542F0D00C0040D048003821FC8
:1048700059FF087040F46D00D400820F7F9F1280B2
:104880008F8F002001F200260B8F10481922008024
:10489000C21F8F02C421592200806D00C3013CEF6A
:1048A0007B0000F859FF007019FF00706EFE912028
:1048B000F1F980F21B42A6FA1308223F603FD202B0
:1048C000A03289F24801FC2E820200902008404F5D
:1048D0004DC0E1FF913005288023ACA31B03382590
:1048E0001304213294426032F9A20400B924080072
:1048F000C24442F44C4274A46E076D005C4940A46B
:104900006D0005513C066D003D5140F46D0053496A
:10491000820200902008404F4DC0E1FF91300528F1
:104920008023ACA31B0338251304213294424C424C
:104930006032F9A20400B9240800425474A46E073E
:104940006D00394940A46D00E2503C066D001A51DB
:1049500040F46D003049820200900C508F85015068
:104960008F0F01F0A6F4A6450D0FC003B71021600C
:10497000D94F00700B67102849F280088F12002170
:10498000DF02FAFF59450470194204703B003030D1
:104990002623DF03FBFF8F021F303453B700214073
:1049A00049F480080D0F80038F123E2000900245CD
:1049B00082341DFFD4FF024582741DFFD0FF804F5B
:1049C000B70F0EF060F2913005F8D9F300E599FFCA
:1049D00000E582027DF20500CC3401F200243BF0B8
:1049E000FFF06C47820F6C426C4082F36C4106E32F
:1049F00059430C006C466C448FF481416C458FB474
:104A00001FF0138220FF9120F1F9D9FFA49A90FFA3
:104A10008FF401414CF0D70F014468040090200846
:104A2000D9A50800820F895F3FF4D2141DFF97FFBC
:104A30002008405D806A804FB70F0EF060FC80490F
:104A4000B7090E906092D9220001012420F080F96C
:104A50000B90C0914C413709E8927C55912005D8C4
:104A6000D9DDBE64370F682460A58FF20F818F52A5
:104A700000301B02082001C300F68F52003001C332
:104A8000004602840B98105119FB1C012D0D0000EB
:104A9000D9AE080089E83FF440C4D22440E56DFF58
:104AA0005EFF16FF5F982200370B68280BF8108115
:104AB0002B9240888F58002001C200F61B08082066
:104AC0008F52003001C3004660A502840B9810513C
:104AD00019FB1C012D0D000040C4D22440E5E9A8BB
:104AE00007006DFF3CFF3CDF820200902008820F30
:104AF000405DD9A50800895F3AF402498FF40F415F
:104B0000404F807B025A026E806C6DFF52FF39A4C9
:104B1000020060B202281B0408208F5200F03424E7
:104B200010FCDF087C808F8401308F0401208F54BB
:104B300000F0A63260FEA6428F84003001EF102004
:104B4000A63260C55922040140C48205E9A40400CC
:104B5000E9A40500E9A40600E9A407002D0D000062
:104B6000912005288FFA0F41D922AE645F9A088000
:104B70009120052839A40200D922B6640BA910910E
:104B80007B2005A8820B1B6A9BA45FEB3D00820281
:104B900040F4D9A50300E9A203002D02000039A3C7
:104BA00003001B0308F08F5F004001F40046DF02A2
:104BB0002A8039A402001B1B00D08F8401208F049F
:104BC00001F0A62FA64F8F840020A62F8F53002020
:104BD00001F2002660C5592F040102D52D0D0000F9
:104BE00039A403008B0B00B2E9A40500269B76B71D
:104BF000E9A40400E9A40600E9A4070060A202DB1E
:104C00003CC5022819A4040030EF59F4040176874A
:104C100040C4A005A0066DFF0DFFA00C40C200908F
:104C2000913005F880F3025F1B033825130421320D
:104C3000603F4832C80C13452132603FC814BC4560
:104C4000088408956D00AE4EC834BC4E39F410008F
:104C500039F511006D00A64EC83439F4100039F54D
:104C600012006D00D74E92228F82002001C20026D2
:104C700082138262573021C2492C40088F8F00F086
:104C80001BCF20F010C33B8000300CF057F021C345
:104C9000493C4008820F0813573023CF493C400855
:104CA00057F021C2492C400882020090913005F84B
:104CB00080F28B2560121B0238F51304213F8B0410
:104CC00000147BF0004060521B068FFD1B14B341A3
:104CD0003B903E50603F0B4F30F10B573021262F59
:104CE0002048C80EEE0382B200907B605F001B007C
:104CF000100E4B601122370270804B20112260246D
:104D00005F62F3FF82068200820FC50F11001B86CF
:104D10000030370370308F2000904B38114260957F
:104D2000D9AC0810305C37057020F9CFF8EFF9CF17
:104D3000FAEFDF021B80370470408B146422F62ADE
:104D40003B1020500B5430217F2110808F740021A4
:104D5000F62C609CD9A50810C21030C53700700031
:104D6000F953F8EFF954FAEFC216FDF0D27FDF00E5
:104D7000BC7F911000F0A005B710A02F820CB0FFEF
:104D8000B0B53B803E50370C70F07F0F87808F2C82
:104D90000040604DD9AC081030DCB9CFF8EF804846
:104DA0003BB099A2E2F803A868A23BB0CE4003480A
:104DB000688292CA8F0B40418BFA2063370970805A
:104DC000821A7647370B70100B1690A1370A70A025
:104DD0003F8A6180737F0A801B2A006037067060FB
:104DE0001B481F804B581182370870800B86B0819A
:104DF0008B1821438B48A082AB44806852643704EF
:104E00007040FF24078092E63706706082243C08D9
:104E1000BF9407809286370670603B8000401BE697
:104E2000FFBF8FFB0FB1735B0A801B087D804BF8BF
:104E30001182370870F00BF78010370170107FF780
:104E40000580A27F370F701080FF7FF12480D9AFDB
:104E5000081030DFB9FFFAEF820D92FE8B1F6482DB
:104E60008FFE0FE1F68606DFC2FF8FFF0FE1821D86
:104E7000460A42A6370670609AF40B64904116FF0A
:104E80008B44204360F69AF416FF60F760B3601F0E
:104E9000A005C21C1DFF79FFBD0527FF80238F835E
:104EA000002001E200F619F3008019FF008096410E
:104EB00059FF008019FF0080AE9E826F8074574EAC
:104EC00002EFDA088035575E04EFDA0C8064574E43
:104ED00003EF3C0DDA088075575E04EFDA16803474
:104EE000574E06EFDA108065575E05EFDA0F57DE92
:104EF00001DF01E200268202592D108059F3008063
:104F00000090913005F880F28F8500901B0238F5F3
:104F10001304212FDA410258602F404CC80E8272D0
:104F200001E900F659FF0080820F59FF04804C42CE
:104F3000B70F8BFA59FF18807B0006F059FF1480D9
:104F40009A258F8F00F010ED0C4657F021C249DCF6
:104F500040085446B94704006DFFAAFEDF022980CD
:104F60001B8920F010E259F20880820F578024CF6D
:104F7000492C40088243578024C3492C40083B8079
:104F80000030578024C3492C400819C30C0019F481
:104F900000808FE30031A64359F30080826357F00D
:104FA00021C349DC400857F021CF49DC400800907C
:104FB00039520400D94F0C004C50F6238F2F01F0CA
:104FC000820257F03DC249FC40084C437644B7FF8B
:104FD00081FE3C03B70F81FE6C430090404F0248B6
:104FE000804FB70F0EF060F391300528D92400E50B
:104FF000992200E582097D230600994210000123D1
:105000000094995C04004DC0E1AF3BF0FFF0687F75
:10501000820F682F680F7B000260DF05368040F446
:10502000D9C5140039C405006DFFC4FF39CF100085
:10503000D9F2180019C30C006E0B4CF6B7FF81FEB5
:10504000686F820F57303DCF492C40083C0C4CF61E
:105050008202B70F81FE686F8F2301F057F03DC2C7
:10506000492C40080CC43BE0012057F022C2492CD7
:10507000400819C2080039C306007B000CF0262F37
:1050800054C68B0300F519C234008FF88141DF024A
:1050900012008FB41F30138920339120F129D922B7
:1050A000A49A012302268FF401315422D71201332E
:1050B0007423D9F208003B800020574028C2492CB5
:1050C000400882431B4A0020572024C3492C400833
:1050D0008203572024C3492C400819C334007B3075
:1050E00000202632A62F680F68760090404F0248B5
:1050F000804FB70F0EF060F391300528D92400E5FA
:10510000992200E582097D230600994210000123BF
:105110000094995C04004DC0E1AF3BF0FFF0687F64
:10512000820F682F680F8202DF05818040F4D9C5A5
:10513000140039C405006DFF3DFF39CF1000D9F2CE
:10514000180019C20C006E064CF6B7FF81FE686F9E
:105150003C074CF68F220120B70F81FE686F820F4B
:1051600057203DCF492C40083BE001200CC457F0AC
:1051700022C2492C400839CF200019C21C006E06FB
:105180004CF6B7FF81FE686F3C074CF68F2201207A
:10519000B70F81FE686F820F57203DCF492C400822
:1051A0003B80012039CF240057F024C249FC40083D
:1051B0004CCB8FF88141684F4CCC8FB41F60685F37
:1051C0001389206639C224009120F129D922A49A9A
:1051D00019C30800012602268F8201207B00F050AF
:1051E00026257B000F20263254238FF401614CC00A
:1051F000D7130166B7FF81FA74263B800030D9F2DD
:105200000800574028C3492C400882441B4A0030FC
:10521000573024C4492C40088204573024C4492CF8
:10522000400819C33400A632A6526802687F009075
:10523000404F0B451088804FB70F0EF060F3913050
:105240000528D92400E5992200E5820A7D2306007D
:1052500099421000012300A4995C04004DC0E1BFF5
:105260003BF0FF20687282026822680239C40500A0
:1052700040F4D9C514006DFF9DFE39C31000486489
:10528000D9F2180019C20C007635B7F4814E686463
:105290003C06B704814E8F2201206864820F57209C
:1052A0003DCF492C4008DA1E39C20400572022CFD6
:1052B000492C4008DF09448019C308003B00F02056
:1052C00026328F42404139C224007B00F0508F8249
:1052D00001204CC026527B000850A6421B0580507E
:1052E0005E19EF4308007B0008402643A6329B0569
:1052F00060508FF881418FB41F30138A2033912082
:10530000F129D922A49A012302268FF401414C20CD
:105310008243D71F01449A4B7424D9F2080057F0F6
:1053200024C3492C4008820357F024C3492C400869
:1053300019C334007B3000F0263F3C3E39CF2000BB
:1053400019C21C006E064CF6B7FF81FE686F3C0761
:105350004CF68F220120B70F81FE686F820F572015
:105360003DCF492C40083B80012039CF240057F025
:1053700024C249FC40084CCB19C20800684F4CCCF1
:105380007B00F040685F39CF24007B00E2508F8FB4
:1053900001F026F47B0008F00F2F80300F34A0F0CE
:1053A00054C3DF130B807B00EA50EF4207007B0001
:1053B00003201B027020A62F680F68750090804F95
:1053C000B70F0EF060FF19430400370368288F52AF
:1053D000005001F500361B0208F08F5F0040193FB6
:1053E0001C0101F400263B80014016186E1D592453
:1053F0001C0019430400370368F45FF20680023F83
:1054000016FF02F23C0519221C008F821E201B028F
:1054100008F08F5F00508F5200F010F301F5002666
:10542000193F1C013CE3B04437036838DA185730A1
:1054300028CF494C40080090913005288022404FE9
:105440001B0238F51304212F4CF00866370FE1FDDD
:1054500060228B06202226F22010D4247625820F8B
:105460006C5082B20090F803913005F8D9FF0CD54A
:1054700090FF405CC8051B1500400245D9A60800F6
:10548000D9A70700B5A208006DFF32FBF4C23B604C
:10549000FF2FBC267B0002F039A207006C2700908A
:1054A000913005288022404F1B0238F51304212F2C
:1054B00020106022D4245F650680820F6C5082B277
:1054C00000900CF6405C0254912005581B160050C9
:1054D000C2149216D9553085D9A60800D9A707005D
:1054E00059A20800F8036DFF03FBF4C23B60FF2FD5
:1054F000BC267B0002F039A207006C2700904C47C5
:10550000404F8F0F0281DA206C4739530400405C12
:10551000406DD94218005452763819431800B7F339
:10552000813E594318003C09194318008F2201207D
:10553000B703813E59431800820F57203DCF492CB5
:10554000400848347B000022262440F440D56DFFFB
:1055500031FD48028FF20021DF42128080F2B70253
:105560000E2060244CF140C516FF1B0F08F08F5F22
:1055700000200142004640D66DFFC3FF7B000220A1
:105580001B020420AB0284F8687F820200904C402A
:10559000404F160F5E4F804FB70F0EF060F44CF186
:1055A00016FF1B0F08F08F5F0020014200466DFFC1
:1055B000F0FF7B0002F01B0F04F0687F00904C406E
:1055C000404F160F5E4F804FB70F0EF060F44CF156
:1055D00016FF1B0F08F08F5F0020014200466DFF91
:1055E000F0FFDA20687F00904C47D94F18008F0FEA
:1055F0000231DA306C470C5454526E064C46B7FFF9
:1056000081FE6C463C074C468F220120B70F81FE7D
:105610006C46820F57203DCF49FC40083B8001205B
:105620000C5857F024C2494C40084C547B80002051
:105630006C444C551B0204206C458F0301F0A62FCF
:105640006C47820200902078404CD9A404006D0081
:105650003E219100F149A002D944FC558242A03F6D
:10566000D9A3281030230C30AE0501241030E932C4
:105670000200B012FCF67B00F129602240C3D92F52
:10568000FC55A02209F2480189324801FC2C40C295
:1056900000902020405FED587A0E022F39F204204E
:1056A000762539F23810DF322E8091000125D9F4A9
:1056B0000C00D9A508003B800140D9A60400D922DE
:1056C000D0712D020000DF021E80C824D9A5080079
:1056D0006DFFB3F699F408208212E9F20420BD04AC
:1056E000120091000125D9A50800D922F8D32D0276
:1056F00000007628821259F200209120F1F959F227
:1057000084AA02F49D587E0E404F4065DF05148048
:1057100091000125D9440C003B800140D922E4517D
:105720002D0200007628821F9120F12959FF0020C8
:10573000592F84AA39F23E103702612100902020AF
:10574000DF153980404F0258ED587A0E910001253F
:10575000D9F40C00D9A508003B800140D9A604006B
:10576000D922D071022F2D020000DF021E8002F428
:10577000ED587E0EC824D9A508006DFF5EF699F499
:105780000820BD04180091000125D9A50800D922E0
:10579000F8D32D020000762E59F800209120F1F95F
:1057A00059F884AA3C078202E9F2042002F4ED5879
:1057B0007E0E820200907B10CCF154421BAFACFCF9
:1057C0005FF21380394F3E102E2F394F38105E157F
:1057D000994408001DFF1AF699440820910001F52C
:1057E000D9FFC8C3DC0F3B60FF2F00909942140023
:1057F000BB00002B3B0000F302F40225ADA08F009C
:10580000994608007BF0AB3B99430C001BE3AC3F8F
:10581000406F02327D3F050089F248013CFC7BE08D
:10582000EA3D1BF3EE3BCC44994718000232893223
:105830004009D20230F77D7F050089F248013CFC27
:10584000195310004C538B0320226A2F6C205923CC
:1058500004007B0010F0B9431C006C228212820FFE
:105860003F230B80012203F601F202F6C212680FF9
:10587000681F682F3CF6CC404C4119520400685F09
:10588000820F19540800680F6812686FB9521C0023
:10589000F9FF2E0068AF68EF59FF041068FF59FF49
:1058A000081059FF0C104C56F9F2200059FF101047
:1058B0008C5FF9F22200F9FF14108212C95F2000F8
:1058C000F9F22C007B001020E833E8466824689247
:1058D000F9FF1610B5F21810D9F430001D00030EB0
:1058E0001952140082038B728040B95220008B033E
:1058F000A030C2128F74C0F153C220208B0F818060
:105900008B03A0408B72806082038B03A0508F7644
:10591000C0310B3840800B5450202008DF024180FA
:105920003BC005408215405D404F6DFF14F3402C95
:10593000BD023700BB00003B3B00002302240235C0
:10594000ADA08F003B8000400285D9A4040054D64E
:105950006D00BB4B0228DF02268054D46D0020036B
:10596000DF02188019A20400E80C122368331B8F91
:1059700000301B0F01F042236812682242F2DA085D
:10598000686FC9DF200068526843A8EF8202009068
:1059900040C46DFFA2F299A404006DFF9EF282A2A2
:1059A000009040C46DFF99F2DF88FB7F82B20090C7
:1059B000405E404C6D00AD042014F4AFB5AE040061
:1059C000B5AD0800B5AC0C00B5AB10005C010D0026
:1059D0008004C4AFC4AEC4ADC4ACC4AB0D000002FF
:1059E0000D0080044D00E02F602D8FC200F8372F8E
:1059F00010F360F254228FC200F8372F10F360FFCB
:105A00004CF0CD0FE00F4CF1CD4FE00F0D00C00476
:105A10004C20B71F8BFA6C207B0001F560F4D94352
:105A20009041803F6C2140E46D004004820F681279
:105A3000680F99C20C0080226822683FB5CD1C0017
:105A40000090910000C5B9CF8C963B60FF2FEE5AB5
:105A500091000025D92F989691000035681F682F76
:105A6000683F592F98968202D933B0968203C50FAA
:105A70003F1001320226820F7423C212FCFB9120D8
:105A8000F1297B000025D92F90AA1B8216266832A7
:105A90007B0000251B82162168429120F14982F289
:105AA000F9F22000F9F22200D94480BA8232592F4B
:105AB00090AA681F682F686F687F689F68AFF9F2C7
:105AC0002C00F9FF2E0068EF59FF041068FF59FF02
:105AD000081059FF0C1059FF1010F9FF1410F9FFAE
:105AE000161059FF18106D00FE0C91000025592F5B
:105AF000949691000025821FB52FAC96F9CF8C9615
:105B000082020090910000F5B9FF8C962010D9FC1C
:105B10008C961E143B60FF8F3C504D40E0FF3B00D5
:105B20002020262F8288EE497BF000201BC4E03F16
:105B30001BD2042402497F23328091000145D944BD
:105B400088113BC00F406D00624291000145D9446D
:105B50009C516D00C403DF02DFFF910001450294F8
:105B6000D944A0C16D000F430228DF02D5FF822473
:105B70004D40E0FF370F62F53E43ADD08F00822FDE
:105B80006D00BB03F9FF8C96914000FF59C90400DA
:105B9000824FD9FF6808283F3C10913005F874A463
:105BA000780178023BE000403B002050D206D9FF4C
:105BB0000A082D0F000082B8028200909100012592
:105BC0002020D9229811404F405C2D020000DF02B6
:105BD0001F00B9FF1C00910000D5D9DDB09690D20E
:105BE0003B60FF8F4C20EE0F910000259922AC9670
:105BF000B9FF1E00B92214103FF206804D40E0FFAD
:105C00002E998288820F6CC0028200903B60FF8FC9
:105C10003CFA40A440F56DFF65FE0228DF02F4FF68
:105C200040A440F56DFFE4FD82244D40E0FF370FB6
:105C300062F53E43ADD08F004DC0E29F029F16FF3C
:105C40008B7FA3F2EE088FF9CFF19637CDCFE20F1D
:105C50000D00C004D4A440F56DFFACFE91000045DA
:105C6000D80099429496B9F220007C24B54F9496BE
:105C70003C13B92F20007F2F0B80B54F9496E8027C
:105C80003C0BB93F20003F2F06804032D423BD0398
:105C9000FAFFE803EC2001D202D6820FECD0994F34
:105CA0009496370F7020C21FBCF3C80F3CFB9100C5
:105CB00000F5D9FF8C96A81282244D40E0FF370FE3
:105CC00062F53E43ADD08F00CDC9E20F0D00C00498
:105CD00058003C9A4D40E0FFAE9B910000F599FFC3
:105CE000AC96C9FF20001EF4EC4082020090820FA7
:105CF0006C4082820090820FBD041300B9422000E4
:105D00008B02A832F63D910000F5D9FFB09601F262
:105D100002F680434CF00B3F0021AB0F80F260F2A3
:105D20000090BC431DFFE9FF910000F599F2AC968D
:105D30000090404FD444910000259922949682020D
:105D4000BC476DFFDAFF82B2BC23D4228202E80294
:105D5000009091000025B92F8C963B60FF2FDE2824
:105D6000BC4B405F6DFFC9FF82B2BD021200B92F6C
:105D70001410A80F3C0C4D40E0FF8282AE999100B8
:105D800000F599FFAC96B9FF1410AC508202009058
:105D90004DC0E2FFBBF00F28262FBB0000285F2F6D
:105DA0005E80910000F599FFAC96BD0F5800C9FFC9
:105DB00020005EF2009099F218104C206E4F822461
:105DC0004D40E0FF370F62F53E43ADD08F004DC030
:105DD000E22F022F16FF8B7FA3F2EE088FF2CFF196
:105DE0009637CDCFE20F0D00C0047B0010F048962F
:105DF000689FC9FF2E00910000259604F9FF2E0030
:105E0000B9FF200082038FBF1F40D922989619F551
:105E100008100124022659F30810161F573021CF0D
:105E2000492C4008821FF9FF2C00ADC08F00C9FF2C
:105E30002E0068968F4FC0F1F9FF2E0059F508101B
:105E400082244D40E0FF370F62F53E43ADD08F0016
:105E5000CDC2E20F0D00C0040090009002434DC07F
:105E6000E2FFBBF00F28262FBB000028A00F7E2DDD
:105E7000910000F599FFAC96BCF8C9FF200080F2B4
:105E80008BFF3FF2EA02602F80F28B0320F28B023D
:105E900020F46E5082244D40E0FF370F62F53E4300
:105EA000ADD08F004DC0E22F022F16FF8B7FA3F2E3
:105EB000EE088FF2CFF19637CDCFE20F0D00C00480
:105EC0007B0020F04896689FC9FF2E0091000025B6
:105ED0009604F9FF2E00B9FF2000820459F3041044
:105EE000D92298968FBF1F3019F50810012302267A
:105EF00059F40810161F574021CF492C4008821F23
:105F0000F9FF2C00ADC08F00C9FF2E0068968F4F9F
:105F1000C0F1F9FF2E0059F5081082244D40E0FF32
:105F2000370F62F53E43ADD08F00CDC2E20F0D00BA
:105F3000C00400902008A004D9A50600024F6DFF00
:105F40000AFFF626B9A306000BF350F1EAB200905F
:105F5000405F6DFFE8FE820F82B2BC24192F101043
:105F60008202680F00900248025F6DFFDCFE82B281
:105F7000BC28D9221010028C02FD492C4008820254
:105F80000090FF250B80913005F8D9FF20F501F531
:105F900002F648051DFFDFEFA00200902020D9A4E3
:105FA00004006D001D48022F3B60FF2FEE0B913067
:105FB00005F819A31000B9F2F4660B323021ABBF1B
:105FC0009F2200904C412028404F405C406D82B29F
:105FD0006E38B94F00008B0FA8F2EE33C94F220084
:105FE000DFFF3000194418006D00A601DF022A808F
:105FF000B9F420006D00A601DF0224804CF24813A2
:1060000078038CF059A30800F9AF20004CF54863E1
:1060100078064CF459A3040078054833C9FF2000E2
:1060200059A31000F9AF22004873C9FF2200D9A478
:10603000040040D559A31C00F9AF24006DFFC0FD3A
:1060400080C38B0320F28B0200F46E07D4D440C5CA
:10605000B9F420006D001C4C00901DFF9BFE1DFF3D
:10606000FFFE82244D40E0FF370F62F53E43ADD086
:106070008F004DC0E22F022F16FF8B7FA3F2EE0898
:106080008FF2CFF19637CDCFE20F0D00C004009014
:10609000024282244D40E0FF370F62F53E43ADD00F
:1060A0008F00CDC2E20F0D00C00400902008404CCC
:1060B0003B000250D9A4040002486D007E49022F23
:1060C000F62DD801D9F404006D008B497BB0EC2D7E
:1060D0001BD2BA2FA8E86802ECC002F200907BB095
:1060E000ECFD54421BDFBAFF5FF20E80024FB94451
:1060F0001C00404F6DFF20FFF628D9F4040002F485
:106100001D008F493B60FF2F00907BB0ECFD544297
:106110001BDFBAFF5FF20C80B9441C00404F6DFFDB
:106120000BFFF627D9F404001D00C9493B60FF2F7F
:10613000009020080B541088404C02843B00025011
:10614000D9A404006D003949022FF62ED80102941B
:10615000D9F404006D00214A7BF0AF2C1BE2AB2B7D
:10616000A8E86802ECC002F200907BF0AFFC544259
:106170001BEFABFB5FF20E80024FB9441C00404F97
:106180006DFFDAFEF628D9F4040002F41D00264A59
:106190003B60FF2F00907BF0AFFC54421BEFABFB4A
:1061A0005FF20E80024FB9441C00404F6DFFC4FEE9
:1061B000F628D9F4040002F41D00424A3B60FF2F88
:1061C00000907BF0AFFC54421BEFABFB5FF2128000
:1061D000B9441C00404F6DFFAFFE1B8200F08F8F53
:1061E000C0F1370F50F0EE07D9F404001D00684AE3
:1061F0003B60FF2F009020080B541088404C028415
:106200003B000250D9A404006D00D748022FF62E9F
:10621000D8010294D9F404006D00AF4A7B20ED2D23
:106220001BD28E2CA8E86802ECC002F200907B2002
:10623000EDFD54421BDF8EFC5FF21480024FB94427
:106240001C000268405C0259404F6DFF75FEF62B42
:10625000D9F404000BF9104840C502861D00AF4A6E
:106260003B60FF2F00907B20EDFD54421BDF8EFC36
:106270005FF21980024FB9441C000258404F6DFF75
:106280005BFE1B8200308F83C03137035030F63CF9
:10629000D9F40400910001F50BF81048D9FF086407
:1062A000DC0F3B60FF2F00903B0048F12008780195
:1062B000B94F1E006E0300A03C008222DA0CD9AF59
:1062C0000400572022CF49FC400819A20400009086
:1062D0003B80014082151DFF3EEE2010821FACA2C4
:1062E000ACA3B5A40C00820FD9A4040078026D0001
:1062F000623C8202009020083BA010F07800821FD0
:10630000ACA24DC0E1FF40A4ACA31D0000444D0071
:10631000E02F8FC200F8372F10F360FF8202B04FDA
:106320003B0000F340F4022402F5ADB08F000D00F5
:10633000C0040090C2E48B24A022ABB2BF22009024
:10634000ABB4BF240090404F0245405476464814F9
:10635000D9F524001D00730182B20090404F4064C3
:10636000912005684057D96606D640F51D00A1006A
:106370001942040082BF8F72C031DF0398805444F9
:106380007B0010307F3493808F320021DF22068023
:1063900019421400DF028B804052820FC503171090
:1063A000242FFC3FD95E24005444404D40E4405F1C
:1063B0006D009201022FDF027A80C8BCD9F204007E
:1063C00040D3E8FCA0340932480189224801FC4C42
:1063D00040E4ED58780F48C4D9F40010D9C508003E
:1063E000C2846D00C24B022FDF022E8019F20C1006
:1063F00019D30400683219F2081068426F030C8048
:1064000014C2DF021F80821234C24DC0E12FE9C2E4
:1064100003003C1939C201006F230A00DF02128019
:106420008212E9C20100E9C202003C0D8BF20F3278
:10643000F63839C30200F635C212E9C201003C0346
:106440003B60FFFF40E4ED588C0FEE2819D20400AA
:106450006F0228806F12148019D21400DF0222000C
:1064600054D4910001459B04104082F5D944C441A5
:1064700040F56D00B102DF0215003C103B80014089
:10648000821582166DFF11EDB5F21410BC27402461
:1064900082046D007249DF02E57F3B60FFFF3C062E
:1064A0007BE000261BA21C2C680202F2009019520D
:1064B000040082BF8F72C031DF03958054547B008B
:1064C00010307F3490808F320021DF2206801952F5
:1064D0001400DF02888019540C0019550800407E12
:1064E000404C405F406D6D00114B40C2820FC503B0
:1064F0001710242FFC3FD9C2040040F4A0330944F4
:10650000480189244801FC3C40C41B82004040E50E
:106510002D0D0000022FDF02618099CD2C00D9CE15
:10652000240040E4B5CD3C00ED58780F19C430008C
:10653000D9C40010D9D50800C284483548266D005A
:10654000ED4A022FDF02188048126F020B80821280
:1065500034D22CD12CD24DC0E12FE9D203003C0B18
:106560008212E9D2010048122CD0370261212CD3CB
:10657000E9D2020040E4ED588C0FEE2F48128F3222
:106580000031DF2313803B800140821582166DFFAE
:106590008CECB5C21410BD022200402482046D00B0
:1065A000EC48022F762C3C196F0204804852F627E3
:1065B0007BE000261BA21C2C74C23C1448049100F2
:1065C00001459B04104082F5D944C44140C56D008B
:1065D0000302022FDF02EE7F1EA5820F6CC03B601C
:1065E000FFFF02F200909120F1F999F38CEA820FFB
:1065F000A00F82A28215193308007F3F1E80193335
:106600000400138F21636062392310007CF7F63693
:10661000E9251000606F82023C0D763C54235F43F5
:106620000A803B60FF2FBCF8820FE9FF1000A00F2B
:106630003C03C21F3CE1EC40009020080259804F0F
:10664000B70F1DF07B0000383B60FF8F5F3F4200BB
:10665000024F405F404C6D00F7019120F1E999E451
:106660008CEAD9A50400022AED583A1002F440A49D
:106670006DFFBBFF0228DF022380D4A46C40821F81
:10668000E94F110059490400B54C0800D9441400E1
:106690006D00D501D4ADF9DA0E006D00D9015800B6
:1066A000F9D20C00681F822FE9FF14007BD000F69E
:1066B0001B0FCCF168486839E82C680F99E48CEA24
:1066C000910001F519A40400D9FF28422D0F000004
:1066D000028200909120F1F9404C99F48CEA200854
:1066E000D9A504000248ED583A1099F38CEA993282
:1066F0000800820F40FDFD200400828F3C3D1932CE
:106700000400138F2132603F39F2100076244802D2
:106710005F820400C21F3CF0820FE9CF1400C8243E
:1067200048156CC4B9FF0C0059C30400B5C4080077
:1067300059C50C00EE0502546D008C013C0C3BE089
:10674000AF253E243B60FFFF3C174804B9F60E001E
:106750006D007C01022FDF02F7FF39F211008BF28E
:106760000F32DF03F1FFC212E9F211007BD00026E5
:106770001B02CC2174C299D48CEA910001F519A4B2
:106780000400D9FF28422D0F000002F20090912052
:10679000F1F9D9FFACBA99F2102019F30C20820F4D
:1067A000FD2003003C06130F2123602FC8237C33F8
:1067B00082E2009048024815C64226527623C21F44
:1067C0003CF0C8342D030000820200909120F1F9C2
:1067D00080F27BE000F61BC2AE3A19F2ACBA1B0F96
:1067E0000CFC5FF21D804DC0E1FF134F212360229E
:1067F000992F1010992314104CF348425FF21300A4
:1068000019221810C2F226F201320226C21F5424A5
:10681000683F912005F8D9FF4EE6DC0F3B60FF2F63
:10682000009082820090820F6DFFD2FFC21FDF02B4
:10683000FD7F8B821F328B2FA034AB02A0230090F0
:106840006DFFF3FF8F22C02137025020DFC2FA7F95
:10685000DC0B820F8B3460A22020ABBF9FAA8B047D
:106860002032BA0559A6040074A38B0420F402490F
:10687000025BEE72DF0AAE809120F129D92FACBA0B
:106880000852A00DDF0254808278D9AE200089E83A
:1068900028F50F08B0818BF801818BF81FE2AB8ED1
:1068A000BFEEDF0E4580820F57F021C849EC40084B
:1068B000538821C09B3800401B8C00F010FC40C462
:1068C0006DFF0AFF022FDF02258040C4ED58780FCC
:1068D0009120F129D922ACBA802260C31348212229
:1068E0009120F129D922ACBA3032602499251000C8
:1068F000D9441010192414006D00E54840C4022F3B
:10690000ED588C0FEE1180D2C21237027020602D2C
:1069100019A808000F08B0818BF801818BF83F227D
:10692000AB8E9FE23CBFA00D3B60FFFF80D38B038B
:1069300020228B0FE024DF02120058006E1102B4F7
:106940003B00015082166DFFB0EAB5F20C207C28A6
:106950003B60FFFF3C0382BA3C3C02FA3C3ADF2931
:1069600025804DC0E1FF4DC0E1CF820259A2180041
:106970007B20052882481B028426D9A41400F9A88C
:106980001400F9A8160059A21C006D001439B70FA5
:1069900010F8D9A40C001B8F2FF07803F9A8100071
:1069A000F9AC12006D00B34019A30400820F59FB2B
:1069B000102059FF1420284959F31C200D00800491
:1069C0007BE000F61B0F0CFC9120F129592FACBA8B
:1069D00002A200909120F1291923ACBA7BE000F6C5
:1069E0001B0F0CFCD922ACBA3B60FF2F5FF3268053
:1069F00019230C20DF03220099231020820FFD3081
:106A0000040082A23C14130F2123602F4822F62891
:106A1000E835680468150D008004E8243C08480245
:106A20005F420400C21F3CEC3B60FF2F192F142073
:106A3000C21F592F142000900090910001F5D9FF3A
:106A40001C12DC0F820200908202009082020090F1
:106A50008202009002457649194404001946140048
:106A6000D94424001D000E0082B20090404F9120B6
:106A700005684054D966949640F5A0071DFF19FD9E
:106A80009120F1D9404F99D48CEA2008D9A504006F
:106A90000249025F026AED583A1040F28202C503D1
:106AA00017002422FC3F029440A46DFF9EFD0228A3
:106AB000DF024280EE078222682FE9F21400A00C68
:106AC0003C110BFA10486D002143402CBD022F00F1
:106AD00060F382023C022422FC3F8232E82CE9F27D
:106AE00014000B9F104840C46DFFAEFFD4A4022ACF
:106AF00082126C41B54C0800E94211007449D94436
:106B000014006DFF9CFFD4ACF9CA0E006DFFA0FF0E
:106B1000F9C20C0054A2683F7BD000F668121B0F2C
:106B2000CCF182026842680F3C06D800E9F81000F8
:106B30003B60FF8F99D48CEA910001F519A4040001
:106B4000D9FF28422D0F0000028200901D0034471B
:106B50007BD028459120F1491BE4EA4F8215D944A6
:106B60008CEA1D00F03E9120F1F999F48CEA3B008B
:106B700001406DFF6FFF99FF8CEAC814022F482473
:106B8000538421406DFF66FFA6F2370250F0EE0EEF
:106B900082243B0003503B4006606DFF5CFEF626FE
:106BA0006D00E946AB6FBFF23C033B60FFFF02F2B2
:106BB00000908204ED580011DC0B99620C00820FEA
:106BC000196208006C216C226C20F44299621C004E
:106BD0005942040019621800913005D86C216C22CA
:106BE0006C202018404F406C59421000B5420C00F8
:106BF000B54520008208D9DD28F5926201F202260F
:106C000053CF20307428D0C2D022B9220400D92317
:106C10000400DF0226005424F9A2080059A404004D
:106C20004DC0E12FF9A20A00C9220400D9A40C002A
:106C3000F9A20C00C932020090D3F9A20E0054321E
:106C400001F3003659A214005422F804F932080066
:106C50006D00B137D9A404006D00593F3C0501F324
:106C60000026F92208001E13821F3CC882020090F1
:106C7000910000F539F2F0160090910000C539C27C
:106C8000F016D9CFF01640CDDA0BDF022E806D0062
:106C90002505022FDF02298082048218A852A84805
:106CA0006D0028057B10B449E81291000045D9FF1A
:106CB0000C00A0230922480189F24801FC3C1B2456
:106CC00057418215D944F8166D000E3E7623823F57
:106CD0003C0BE9C8F016914005F8D9FFF05910FFB8
:106CE00079F2000000908232E9D2F016BFCFF5FFB2
:106CF00082F20090910000D539DFF01620303BB0D1
:106D00000030DF1F81809120F1F9820B820882031D
:106D1000D9FF484B370B7020BA038B3260F46E5E9C
:106D200080A3B70B10A81BC3003013CA20331B0A63
:106D300057419B14B4498215D9A40800603C6D00EA
:106D4000023E8233DF024980C8029922180099A4CA
:106D500008008244D9A506002D020000DF023C8015
:106D600099A40800C80299221800B94C0200B94938
:106D700000001B1C004013692044D9A5060006240E
:106D80002D020000DF022880C802B9AF06001922D8
:106D900004007F2F488019220800130F21526052EF
:106DA0000C28570F61AADF0A17008C256F1F14806B
:106DB0005802F9C904006CC0BBF0FFFFF9CC060013
:106DC000F9C80800A28F82033F9F068042983708C7
:106DD00070803C028223C21B3C9E02397637DF035F
:106DE0001380822FE9DFF0163C145388214082156E
:106DF0006DFFB1E8D9D3F016B53228008202BD028A
:106E000016808243823FE9DFF01682F2FFC36C8076
:106E1000914005F8D9FFF05901F300F679F200002E
:106E20000090050F08046D005C646024D9AF0C006D
:106E3000304F8203B9FF0400370370407FF419809C
:106E4000B9F50800B7031048C8051A45538F2150FB
:106E500001250046805F1384214FC2446045A0266F
:106E60000954480189444801FC6CC2133CE41BC22C
:106E700000208B4222F2EEDA820F6C3BD202370204
:106E80007040BA038B3460F46E2180A3B70210F80F
:106E90001BC3003013CF20338204603F0293B9FF3D
:106EA0000600370470507FF51080C8028025B92392
:106EB000000053832130C2431344203342536032D5
:106EC0008253C2143CEFC2123CDBDF038AFFB9AF2E
:106ED0002C00910000F5F9382400F93F260059FFF5
:106EE000E0263C8000900D02C003910000F5D9FF20
:106EF000F016C81F01F402F64CF6C21F686FEE03CD
:106F000000A03C000D0280030090024282244D400C
:106F1000E0FF370F62F53E43ADD08F000D04C00394
:106F2000910000F5D9FFF01648136032012202F6F5
:106F30004CF6C2FF686FEE0F13C220F360FFB9FF7B
:106F400008006E09062F60F2824FD92F0008114FFA
:106F500000FF283F0D04800300904C432008370FAA
:106F6000E139F9A404008FF50F61820437056854F4
:106F70003F3607807B20004026F4AB158044370F56
:106F8000612939A6040039A5050082033F62068005
:106F9000370FE1F80B5F5031825276448262AB02C8
:106FA000A0230090200837046129F9A504003705C3
:106FB00068348FF50F513F251780EF140400DF036D
:106FC000130091000035820FD933E4268202A0F22B
:106FD000C21FD03FC80FBCF648335F34FDFF683294
:106FE0003CFAFC2700900F64C0207BF00F30262372
:106FF0008F841EF08202DF0317803704700037068B
:1070000070305F3011800B750021EF040D808F868A
:107010001E4082025FF40880605460756D002E642B
:107020008B02002200904042820264226422642289
:107030007B0000C560C28FF400F1D92FE42680F2F6
:10704000D0FEC21F138F20C2B04E404C0249025ADC
:107050008208820B40ED60C254EDCC20821F820278
:10706000010F90347F3216804832762F09F444099C
:107070000B9A10686DFFB9FF80F3AB0FA0F22B38AD
:1070800050828B0220223C0380F88202C80F3CE928
:107090005E190D03C00354D4023B5F4D06000D037F
:1070A0008003DF02DA7F2CC059C8040059CB0800E6
:1070B00040C200902010024B026F027880493706D0
:1070C00070A00D0CC003910000E5D9EEE8469100D8
:1070D000012540E4D92238142D020000402F0D0C68
:1070E00080033B900020BD0299006C210BF81048F2
:1070F00059280800592B0C00D9A404006DFF95FFF6
:107100000CA499AC0800DF1F7C80910000D5D9DD6C
:10711000E426BD0C130009F2440940F589C2440974
:107120004832910001F5D9FF383459C20C0040E4CF
:107130002D0F000040CF3C0D8FFA00F1921201D2CA
:107140000336D0D254324C216802C21FEC306C217D
:1071500058030D0F80036092EC204D40E0FF91003A
:1071600000E5D9EECC566F9F280099DC2C2001EC6D
:1071700000F4EE2C09F4440909C648096DFF35FFF7
:10718000762F40F4B9C4120019C514006DFFE7FE54
:1071900099C2180040C4022448352D02000099CC41
:1071A00004003CE60D0FC00319D2242002F85F2929
:1071B00010000D0F80030D08C00399DC2C2019D995
:1071C00024200D0880037DECEFFF8202009009F47B
:1071D000440909C648096DFF08FF762F40F4B9C479
:1071E000120019C514006DFFBAFE99C2180040C400
:1071F000022448352D02000099CC04003CE30D0F19
:10720000C00340F5910001F540E4D9FF38342D0F5B
:1072100000000D0F800382420090910000F539F2CA
:10722000E426009020086DFF25FD910000C539CFB0
:10723000E4268B222042ABAFA0FF8B0F004440CF4F
:107240008B0F0032DF043680DF03370091000045EA
:107250003B00016074A4D944E8463B0008403B0071
:10726000025002676D002940DF022680820FD9CCD0
:10727000E4268203A0FF921201C203267423D0C227
:10728000022F59230400FCF891000045820FD944D5
:10729000CC566DFF37E759CF2420821F2CC0820FB8
:1072A000914005F8D9FFFC5910FF79F200000090D9
:1072B000DA0B3C02DA0C8222E9F2E4263CF22010DE
:1072C00037046884F9A704000243025FDF183E8098
:1072D00039AA040039A9050060549120F1F999FFF9
:1072E000484BC87F3B0001408F031F502D0F00000B
:1072F000DF02398060FF483409F64409370461F938
:107300003704E1380BFA50210B930022DF022B00E7
:1073100091200528D9A40C00D92234272D02000081
:10732000DF0221000D0FC0039120F129D92390EA3B
:10733000192390EA0B833080592890EAE93204003F
:10734000EC320D0F80030090DF280D80F9A70C00B0
:10735000912005F80254D9FFE4E619A50C002D0F81
:1073600000000090910000F5D9FFD4568214E81671
:107370001DFFCDFD4042405F910000454067D9446C
:10738000EC56402540F61D00E73F82146DFFADFD31
:10739000912005F89100004591200558D944DC560C
:1073A000D95524D7A006D9FF34D7DC0F910000E5CA
:1073B000201039EAD4566D00663C02286DFF5AFC55
:1073C000022F6DFF2CFF02296DFF7DE6D9ECD4560C
:1073D0000223DF0A4A00DA223C3359C2001059C2A4
:1073E000041019C80400ED58A012802F8B08202229
:1073F000B5C204008B0F00247627912005F8D9FF31
:107400000AE72D0F00007B2005F81B8F62F778003C
:107410008202821F780159A2080080C291000055A3
:10742000910001F5820440A4D955D066D9FFA0D3BC
:1074300059A20C002D0F0000DF024E00DA24822238
:10744000E9E2D4568B3F02323B70FF2FDF034A80C4
:107450008B4F023282A2DF0345808B2F02F23B600A
:10746000FF2FEAF200908B1920228B180025DF02F3
:1074700037808B2F20228B130025DF0231807B0089
:1074800000F560FF910000D5D9DD00B7D9F200B753
:1074900001D220F080FF0BF0C0F19100004582F294
:1074A000D944EC563B00024040D502F5B4A26D0031
:1074B000453F762300A03C009120F1F999FF484B0D
:1074C000C86F40D402F440A52D0F0000DF02877F73
:1074D00000A03C00E9EFD45682020090DA233CB0D1
:1074E0000090820F6C406C4100900D0FC00354421D
:1074F0005952140019420400F445F623B54504001E
:107500000D0F800300902008F9A4040037046824BC
:107510008FF40F413B0010F0B7F48146AB0F80F2BF
:10752000A6F4F9440400404591000045D944D466CE
:10753000D9AA08009D5816132008F9A4040037049E
:1075400068248FF40F413B0010F0B7F40146AB0FF5
:1075500080F2A6F4F9440400404591000045D94466
:10756000D466D9AA08009D5816132010F9A4040067
:107570000C40404F8F4F01218B420122F624994C41
:1075800008003C05404C2E03994C1C00910001D58D
:10759000B9C40600D9DDF8732D0D0000D423992459
:1075A000040099331400820440C52D0300008CA20E
:1075B0009100002508141922E026ACA55F242500BF
:1075C000ACA6ACA70CF040F42E02C874B9F50400C8
:1075D000B9A60E00ED58C811022F8B922122EE0899
:1075E00008026F02210040F4ED58AA123C1CDF0291
:1075F0001B8040F4912005F819A40C00D9FF7847AE
:107600002D0F00003C0EB9F406002D0D0000D42310
:10761000993314009924040040F582042D030000DE
:107620008202009002F200902008604D9120F1C982
:10763000D9DD0010D9CC484B40D4ED584415820F09
:10764000402FBD0243004024B928040009424400F1
:10765000370861F48FF80F916F02060099221C0021
:1076600080243C028024D4C2992214002D02000000
:107670008F481F20DF121A802CA70CF0E9A9060002
:10768000081440F42E02C874B9F50400B9A6060027
:10769000ED58C811022FDF02138008026F0210009C
:1076A00040F4ED58AA123C0B2CA5E9A9040040F4C3
:1076B000820419A50400ED58B412022F6E06A82802
:1076C00040D440F56DFF13FF80F38B0320228B0F16
:1076D0000024DF02B3FF009091000045913005586F
:1076E000D94440C7D95530F56D00804282020090E0
:1076F00091000025D92240C700909120F149D9443A
:107700008CFA82146D00FB00F6289120F149D944CF
:10771000B8FA82041D00F30000909120F1F980F284
:10772000404C1BC2BCFA13C6222F02493BC0124078
:107730006024025B602F6D004500370250F0022884
:10774000023AEE0D40F4029402B540C56D005800B7
:1077500040F40B8A1048022F6D00470002F200909F
:107760009120F1F980F2404C1BC2BCFA13C6222FC3
:1077700002493BC012406024025B602F6D00220072
:10778000370250F00228023AEE0D40F4029402B59E
:1077900040C56D00F10040F40B8A1048022F6D00C7
:1077A000240002F2009053C422F09120F149D94400
:1077B0008CFA7B90094010441B0468491D001C0191
:1077C0002008820FD444ACA0D9A50800820F9100F4
:1077D00001F5895F3CF5D9FF2C222D0F0000B4A2E2
:1077E00009A24009009037045040F648D444910063
:1077F00001F50254D9FF2842DC0F00901943040020
:10780000404F024F82B23F531180A2533F430E803C
:10781000025440543B8007200D02800348A2602F91
:1078200010F56D00E15982020090404F6804024F4C
:10783000594504004B541142594408006D004D4213
:10784000482368321BF30140C2338F33C03106B482
:1078500068531BC30030062442F36844423442425A
:1078600068620090202080528F3200218BC4A0F2E9
:107870008B0200F482B26E41824F105F3B80002089
:107880004CF0015200F648053B60FF2F8B0520327B
:107890008B0F2034DF0332004B5F11223B60FF2F40
:1078A000DF032C800248404F02F4D9A40400405C5E
:1078B0006DFFBDFF58073B60FF2FFE8FDA0C10C530
:1078C00019A304005802681319A30C00682F683329
:1078D0000234E80CD9F4100019A510006D00014223
:1078E00019A310001BC300F010C5E88558051055FA
:1078F000E89558061055E8A5009020187B5000F038
:10790000404FA6F440A46DFFE7F6F62899A50800BD
:1079100040F419A40C006DFFA7FF0090CC488FB471
:107920001FF08FF4014190FF4CF0D71F0144680411
:107930000090404FD9441000024F6D00ED4140F4DB
:1079400002F41DFFEDFF994C28006052404F302C8F
:10795000024840C40264405D026F6D004D59762AB2
:1079600040C402F440D56D003F5940F402841DFF2D
:10797000E2FF009019420400404F194E080082BCFB
:107980003F5238800B5280300B4350218B0E202405
:10799000DF0230004BE41182025A805D024B0B9EE5
:1079A00080900B5990913B8007200D0280030B843F
:1079B000104802966DFFC9FFC218A29A3FEA0F80D5
:1079C0001A9D60F502840BB9005040F402E66DFF89
:1079D000BCFFC21842E9A2EA3CF2820C76AA1A9DC8
:1079E00060F540F402840BB9005002A66DFFADFFB4
:1079F00002C200902008404F0248F64DD9FF100007
:107A000040F46D008441910001C5022FD9CCA073D0
:107A100082023C189100012540A4D9229C632D02CA
:107A20000000DF0216803CEB40F46D007041022F35
:107A30008202768840A42D0C00008BA23F32AB421C
:107A40009F238B1F00328B020034DF03EFFF009077
:107A500082061DFF64FE82061DFF84FE200802438D
:107A60000258804F9120F1F999FF484BC83F02F42A
:107A70001235D9A404002D0F0000DF820900820313
:107A8000F62919A2040057026188768416038B0F29
:107A90000032023200907B0000251B021C261304DA
:107AA00022F2202040A260FF7B1086F9A03309F269
:107AB000480189224801FC3C19A21C001B3F51F3DC
:107AC000C62F78078FF401F106B4132F204440A489
:107AD0003B00025006541B0400421D003E41820F31
:107AE000A06F104254224B423040C24FFCFB19425F
:107AF0001C000B2400210090025F404FDF04118026
:107B00007B0000251B021C261305223240436032F5
:107B1000A0340922480189324801FC4C3C1A82B346
:107B2000DF141F808FB51F208FF5014113242042E1
:107B30003B00025006541B0400426D000B4182932F
:107B4000F62F48737B1086291B325123C632687288
:107B500040F402F46DFFC5FF8203AB833F32023273
:107B60000090204040A2D202A03389224801FC3E6E
:107B7000A00E024E404D40AF820D820A8208820C58
:107B80008209820B8202D9AC2000B09E370D70F0C2
:107B90008B0200328B0F6434DF033F000BEF104881
:107BA00040C46DFFABFFDF02318019A32000F6BF98
:107BB00040F440C2A0330924480189444801FC3CF8
:107BC000023A02F8023C02F9821B3C240BF9806065
:107BD0000B3C807052858FF603610B7610610BA30E
:107BE00080408FF503512B3C40C62BF940965F45F2
:107BF000128040F440C2A03309244801894448015E
:107C0000FC3C023A02F83C0680E38B823F22AB0345
:107C10008022C21D3CBCDF0B16007F9806801B082B
:107C2000048037087080C2188F08018040D4A6896C
:107C30006449A03209F2480189424801FC2C8202C1
:107C4000009074DB82820090910000257B108629D1
:107C5000192F8076D92F80761B325123202840FCA3
:107C60007E2E4CF1C21F681F4CF3C21F683F4CF2BE
:107C7000C21F682FBF5F0A8000A03C00820F682FE0
:107C8000683F681F59228076910000D5D9DFDC66F5
:107C9000820F8204D9A40400289F6DFF64FFF62D93
:107CA000821F288F580119C20400681F8CA6422F1A
:107CB000A85F5802C21F3C0719C20400288F820F18
:107CC000681FA852683F4CF3684F4CF3685F4DC083
:107CD000E1FF7B407447B70F10F81B04204291303E
:107CE0000548A6F48215D9445005821F6D00FC3565
:107CF000E9DFDC66009020488214D9A424006DFFDF
:107D000032FFDF02F380910000F5D9FFDC660CF84A
:107D1000EE13C9A826008CF28FF80381163FA2F853
:107D2000910000E537087080D9EE00763708509052
:107D3000820F40ED3C377B0000C519AB0410B9FA47
:107D40000400B9F806008209828F1B0C1CC60B9A2E
:107D50000040370470405F8413008FF40341130424
:107D6000222C6024602C6DFFBCFE762719C21C00FB
:107D70000BB21021AB0F80F2C2193CEADF0FA0005A
:107D80003CC9014C103054334B233020B044FC2A02
:107D900001DA002659221C00C21F8B0F2422DF02A9
:107DA00022008F5F00A001EA00C6370F704040C478
:107DB0006DFF97FE80D5DF02F17F54C219A3280022
:107DC000A0044232C212C9C3040074C2C9A22C006A
:107DD000A0624232C212F9C2040012828FF2032161
:107DE0003CD18B080021370270208E958B0804212E
:107DF0003702702002238204D9A404003704706083
:107E00005F263100B70410F84042130F2275C216E6
:107E1000370670606073607513022275A0360950D2
:107E2000480189204801FC6CC21260756072A0365E
:107E30000950480189304801FC6C370270204043EA
:107E4000A0350930480189204801FC5C8B0204F20E
:107E5000EE060B3610612B2340363C020232C21470
:107E60003CCE88328CF2C9A32400428F4228370FBF
:107E700070F037087080A838A2F88B0804813708A2
:107E80007020C9A82600A238370870800B82908124
:107E9000A28F19A22800A82F4CF34853422FC21FCB
:107EA000683F022F4842C21F42F2423F6842685F69
:107EB0008852C9AF2C00422FC21FA85F910000E575
:107EC000D9EE0076820FD9AF040040ED370F7080F5
:107ED0008214028540F46DFF11FEDF021D00C21FF7
:107EE0008B0F2422DF02F4FF820F8202370F7040D3
:107EF0008B0200328B046434C21F76346DFFCDFDDB
:107F00003CF6DF022180910000F5821FD9FFDC667C
:107F1000289F3C198F5F009001E900C6028440C48D
:107F20006DFFDFFD762619A3040054C27F32D9FF0E
:107F300001D9002640F3A0340932480189224801C2
:107F4000FC4C3CCE820200907B4074B7910000F55F
:107F5000200882091B0B20B2D9FEC076821C0FB903
:107F6000A0408215D9A404008FF90F816D00EB3475
:107F7000DF023680D8013BC00040028540F46DFF2F
:107F80006FFDDF023200C81C3B400240028540C446
:107F9000C82DB9FA00006DFF63FD40D48F5A004030
:107FA0000285022F6DFF5CFD262F16FF53C920208E
:107FB0006E0D01E20026F92A0800B52D0400F42C0C
:107FC000E9280B00E92C0A003C0A01E200F6A84F60
:107FD000681F680F820F28B828AF3C06C219DF3926
:107FE000C0FF8202009000A03C0091000025D92F24
:107FF000DC664CF3685F822F910000F5E92FDC66A8
:10800000D9FF8076820F682F0090910000F5025F03
:1080100039F5DC66B7FF01358B150022D9FFDC6628
:108020002BF3402288532020F9A3040019A3200039
:108030009100012559A30C0019A32400D92218513D
:1080400059A3100019A32800883AE9A40800E9A65A
:108050000900F9A70A0059A31400F9A206002D028D
:1080600000008FFA03A159A218000D07C00348327F
:10807000D9AE200089E220F54832A004C21268324D
:10808000A06202A2014E103054334B233020B04482
:10809000FC2A9100002559A21C00D922E066B9F300
:1080A0000600B9F204001B13006037067060022559
:1080B0000B268040370470408B146442F6451B1336
:1080C000FC4F370470508F060140A6548F030130D7
:1080D0000F23A000531440208F0440810F03A09071
:1080E0004928C0085F80DDFF7B0000251B021C269D
:1080F000130A22326032A03309E248018922480182
:10810000FC3C910000258202D9228076592204008D
:108110000D078003AE980CF96E0602A46DFFBDFC3E
:10812000AB92BF220090201882046D0034009100B1
:1081300000C5D9CFE876820FB5C2E876A82FBD0278
:108140002900B92F26004024ACA0ACA17B0001F58A
:108150001BCFC6F27802B92F280009444400ACA610
:10816000ACA77B0001F51B4FD1F2F801F8047805AC
:108170006D003D3E99CFE87640A4D9A50C000804D7
:10818000A006821F910000F56D00EC3DE9FFE4764A
:1081900000902078D9A40400024F6D00980BD9A25A
:1081A0003810102FA00239F2F4FF6F020A0091304C
:1081B000052880231BC3412513CF22326032009053
:1081C0007B0000659130054882021B06E46682034D
:1081D000820FD944F666A07213C2224601420136CC
:1081E000604FB934000028338F64005006241B050B
:1081F00010531B0408439B05005F9B04004FA8021B
:1082000028232843682F68356844685F686F687F53
:10821000688F689F68AFC212FD20E07F91300548EB
:10822000D94448151D003340201091000125404FCE
:10823000D9229C63D9A40800405C2D020000022FC3
:10824000DF022480910001D5D9DDA073C80240C4AB
:10825000D9A504002D020000D9A4080002282D0D84
:1082600000000F82A03037035030F63619A2040008
:108270006F02EEFF3C0A028FF688762719A20400EF
:108280008F120021ABA8BFF202F200907B20F1B95F
:1082900060B38F4400A0D932E40A9120F1F9012A99
:1082A00000C6D9FFD81A01F402F619C80800200840
:1082B000C80F802BDF084B007B20F1D98F5400C002
:1082C0001B4DC3DA1ADC60FD99CE0C0099F2141034
:1082D00040D419C904004CFD2D020000DF021B80B0
:1082E0004BF9112299F2241040D4A23F0B8F90F148
:1082F0000B9F104840E52D020000F62CD9F40C101D
:1083000040D519F40410A2F86DFF90FF768910EEA5
:1083100042F91AAB60FF6819E83E68283C0C8204F9
:10832000821559A5040074A409A4400959C808007D
:1083300049D44408762B1ACD60FF4CF1B72F02F0D8
:10834000681F1AAB60FF820F682F00907B20F189B5
:108350001B48C58A9120F1D99120F1E920108203B0
:10836000820F0289D9DDD81AD9EEF40A073300202A
:108370008B0F0024DF027B00820440A46D004103C8
:10838000022FDF026E80D8006082B9F30000EC207B
:108390008BD32932B9F20200DF0368803B400136FB
:1083A0005F320B003B8001365F3236807B30052820
:1083B0001B4245253C057B3005281BC24B2560929E
:1083C00074D2CC20C8642CE039F41C0039F51D00AF
:1083D0006CE1D4DC6D00E632C86439F41C0039F578
:1083E0001E006D0017339120F159D9F40400D955BE
:1083F000FC0A6D0064320CF499CF08102CE140E4C3
:10840000B9C40000B9C502002D0F0000022FDF0221
:108410002B803C036CD03C2919C404107B30052808
:10842000910001F51BC228280614D9FFC41374A2B9
:108430002D0F0000910001F5820440A4A005D9FF92
:10844000A0D37802780359A204002D0F0000022F58
:10845000F62A9120F1F9D9FFE40A68223C048B62E4
:108460001F22F62382133C83820F02F20090912098
:10847000F1F9D9FFD81A01F402F63B60FF2FC80FBB
:10848000BD0F310048E24CFD744248C26C41594274
:108490000800B9F20400820FF9420C00370F703067
:1084A0008B5360520B233052DF051200921301F3FD
:1084B00003265425D042063F10F3592510001042E0
:1084C00019350C00023F592514003CE99120F1F9BF
:1084D00080F21B42C3FA1304222F821F602F8202F4
:1084E000280F00909120F1C9D9CCF40A8F5400F0E4
:1084F0009120F1F910C2D9FFD81A01F402F6142321
:10850000C8033B60FF2FDF132680820274421923C9
:108510000400404F6F03088099330C10402440F54D
:108520002D03000010C2192304006F030600B710CA
:10853000216049F6400810C2192304006F13060099
:10854000B710216149F6400810CC8208822949C839
:10855000440800909120F1C980CF9120F1F91B4F80
:10856000C32A130422F2D9FFD81A01F402F660FCE0
:10857000200814C3C80F3B60FF2FDF13248048E49A
:108580000B6500200B2430318B06E03482B2DF0310
:108590001A8099F20C10404DD9A5040040C402681D
:1085A000025F2D020000F62E19A3040082C26F03A1
:1085B0000A8099FF101040C40BF8104840D52D0FC9
:1085C000000000909120F1C980C29120F1F91B4276
:1085D000C3FA1304222FD9FFD81A01F402F6602C33
:1085E00020080CC0C80F3B60FF2FDF1F3A804CFCF7
:1085F00082B27FF5368099F20C1040C4D9A50400F0
:1086000002592D020000DF022C80580182C26F0F38
:108610002880B9FF0400D20282089F0F03803C1417
:108620001B12004001F4032601F20336D422D93391
:108630000C00FD20040002423CF15F93060054321E
:10864000C21342283CF799F2141040C42D020000D6
:10865000F62799FF1C1040C402842D0F00000090E3
:108660007B20F1D960D38F5400C0D932F40A912015
:10867000F1F9012C00C6D9FFD81A01F402F60CC09A
:108680002008C80F802D3B60FF2FDF1F4D8048E47E
:108690000B6500200B2430318B06E03482B2DF03FF
:1086A000438099F20C10404DD9A5040040C40B56EC
:1086B00010882D020000DF02378019A304006F0329
:1086C00032806CC1D9FE0C108B0920E2BA0226EF71
:1086D0006E2299F2141040C44CFD2D020000DF02FE
:1086E000F7FF4BF8112299F2241040C4A23F0B9FD0
:1086F00090F10B8F104840D52D020000DF02E8FFFB
:1087000040E440C519F40410A2F942F810DD6DFFF1
:108710008DFD3CDB1ACD60FF820A821B49FA4408BA
:10872000009082C200909120F1F9D9FFD81A01F48B
:1087300002F6024FC8029120F1F980F320081B4392
:10874000C32A13042242025A0268604F404C0809AF
:108750003B60FF2FDF192980192438000B650020AA
:108760000B2430318B06E03482B2DF031E80992265
:108770000C1040F4D9A504002D020000DF02158082
:1087800019A304006F03108068199120F1F980F497
:108790001B44C23A130F2143604FA80F681AE83CEC
:1087A0006828009082C2009020088222E9A204007A
:1087B0008F041F20E9A2050014438F841F20E9A223
:1087C0000600E9A40700404F025F405D8282DF138C
:1087D0001780D94C080039440100D9A5040040C4D1
:1087E000A006824582066D000F30F629081440C4A9
:1087F00040D5A00602F582166D00063000903B7051
:10880000FCFF20082CA70C403B60FF2F5E1C394466
:108810000100D9A50700D9440800A00682158216D8
:108820006D00F22F009020083B70FDFF2CA48F04F8
:108830001FF02CA58F841FF02CA60C40E9A4070084
:108840003B60FF2F5E1C39440100D9A50400D944C8
:108850000800A006824582166D00D62F0090824F38
:1088600020082CA70C403B60FF2F5E1C3944010000
:10887000D9A50700D9440800A006821582166D000C
:10888000C32F0090826F20082CA70C403B60FF2F65
:108890005E1C39440100D9A50700D9440800A00690
:1088A000821582166D00B02F009020088232E9A256
:1088B00004008F041F20E9A2050014438F841F20A9
:1088C000E9A20600E9A40700404F025F405D3B605B
:1088D000FF2FDF131780D94C080039440100D9A5B8
:1088E000040040C4A006824582066D008D2FF62943
:1088F000081440C440D540D602F582166D00842F7E
:1089000000902008825F2CA6820F2CA70C403B60B1
:10891000FF2FDF1F2580D94C0800405D404F3944B0
:108920000100D9A5060040C4A006821582066D008C
:108930006B2FDF021580D9A50700081440C44056EC
:10894000821582166D00602FF62A39A307008F1357
:1089500000F18FC30331763296026CD0009020086C
:108960003BF0F92FD94C0800404F0248025FE9A2C2
:10897000040039440100820240C4D9A50400A006C5
:1089800082158206E9A20500E9A20600E9A2070015
:108990006D003A2FDF023480D9A50500081440C4C9
:1089A0004056823582166D002F2FDF02298039A4B0
:1089B000060039A307008F8400404234370470401A
:1089C00039A505000B4F00310B850032DF0316007F
:1089D0008BD82982DF0812803B4001367E347B0031
:1089E00001F03C063B8001367E387B0010F0686F5A
:1089F0003B0010F0687F00903B60FF2F00902078D4
:108A0000024F404C6D00EB06DF02AA007B00F04AEB
:108A100082321B040040F9A20400F9A20600F9A268
:108A200008000245D202134224646054606F39F694
:108A30001C20DF460B80D9A23810012301F6C21397
:108A4000F9F2CCEF8FF30F31C212DF32EEFFD9A271
:108A50003810502F3B60FF2FC9F3CCEFDF338D0070
:108A6000538F2240534324F09100F159D955D465D6
:108A70001043015400261BCF0920C93F003001429A
:108A800000F6AC20C93F023001430046AC21393F1B
:108A9000043082F22C24393F05302C2539FF2A007E
:108AA0002C2639FF2B002C2739FF2C002C2839FFCE
:108AB0002D002C2939FF2E002C2A39FF2F002C2BBA
:108AC00039FF30002C2C39FF31002C2D39FF3400B8
:108AD000E92F100039FF3500E92F110039FF36006A
:108AE000E92F120039FF3700E92F130039FF380052
:108AF000E92F140039FF390048F6E92F150039FF36
:108B00003A0039433050E92F160039FF001059263A
:108B10001800E92F1C0039FF01104054E92F1D00F7
:108B200039FF0210E92F1E00FF630980913005F81C
:108B3000D9FF644501F302F6480291300538193F28
:108B400080D5D93F80D53E254CF97E2782123C0244
:108B50008202014400F62842F4C23C0DD9A404006C
:108B60006D00B5063B60FF2FEE077B00F1F91B4F50
:108B7000D9F56CC0820200901D0056001D006E00E9
:108B80009100F1D9D9DFA05C820FE9FF3C20820F70
:108B900059FF003040FC7B100598913005F87B00B0
:108BA000F1A9202882048202D9FF7C451BC95A9969
:108BB0001B4A96AC074400308B020034DF032F00C1
:108BC0004802C81559A204009BC2002059A20800FF
:108BD0003B40012059A210009100F1697B20002048
:108BE00082181B026A28D9A40800D966A85C7803F9
:108BF00059A81400780659A91C0059AA200059A2A6
:108C000024006DFFADEBF626E9C80400B5CF38208F
:108C10003C033B60FF2F82143CCEF624821FE9DF29
:108C2000A05C00909100F1F9D9FF9C8C01F403F64F
:108C3000804F0803EE068B23A022AB92BF22009048
:108C40008292DF230A8048130BF300218B03E02478
:108C5000829FAB0FA02200900248804F6DFFE4FF7F
:108C6000F62B9100F1F9D9FF9C8C01F803F68213E1
:108C7000AA232803681F00909100F1F9D9FFA05C96
:108C800008428B222022AB62BF220090C44F024FC9
:108C90002008482339F420002CA48F851F20DF33BF
:108CA00010808F051FF0E9A50700D9A50400A006D4
:108CB000824582062CA5E9A206001D00A52DE9A586
:108CC0000600D9A50400A00682358206E9A20500A7
:108CD0001D009A2DCC402010820F48326F123F00A9
:108CE00091000125404FD9229C63D9A408002D0290
:108CF0000000022FDF023380910001D582588209E3
:108D0000D9FC0400D9DDA073C802D9A5060040C46F
:108D100039242000405682258216E9A80600E9A9D8
:108D200007006D00712D022FDF021200829FD9A46F
:108D300008002D0D00008BCF1F328B020034DF03A3
:108D4000E5FF8BCF3F22AB4F9FF23C0839A20700D3
:108D50008F120021ABCFBFF23CEB02F20090D44265
:108D600040AE404F19220C00405C828F6F023000F1
:108D70006DFFB2FF022FDF022B8040F4C44F80AAA8
:108D8000821639F814001B8800208F72C0216022DF
:108D90003BF0F92F012A20A034A239F4200040A58D
:108DA00040A61B1800506D002F2D40AD82028FF29F
:108DB0000F317F830C801B12003001D300F601C2FB
:108DC00000260802342202323CF360AA02F200902C
:108DD0009120F1F980F21B02C6FA1384212F602F33
:108DE0003B60FF2F39FF14006E05821FE9FF15005D
:108DF00082020090538421F09120F129D922E01AB7
:108E00001022009040AE202080A8821FE9EFFCFFD6
:108E1000820FE9EFFFFF1D00CD0039EFFFFF370F95
:108E200070F080E31B43FE2F02F460246D005D01AF
:108E3000022FF9EFFAFFC9EFFAFFDF0FB68039EF23
:108E4000FFFF370F70F002F46DFFD6FFB5E2F4FFBD
:108E500019E2E4FF19EFF4FF60FF680219EFE4FF85
:108E600060FF48D219EFE4FF60FF39FF380002F3DA
:108E700019EFE4FF60FF39FF39006024023402F586
:108E80006D00902D19EFE4FF60FF48D219EFE4FF69
:108E900060FF39FF380002F319EFE4FF60FF39FF8C
:108EA0003A006024023402F56D00B42D19EFE4FF9E
:108EB0001B0F022019EFF4FFC24F602460F56D0014
:108EC000FE2C80AF02F919EFE4FF1B4F01F059EFC0
:108ED000F0FF19EFF0FF60FF0CF0C2FF59EFECFF5D
:108EE00019EFF0FF60FF0CF0C27F06DF063F60FF66
:108EF00001FA20A080AF59EFE8FF19EFE4FF60FF0F
:108F0000484219EFE8FF99E4F4FF022460F56DFF91
:108F100028FF022FF9EFFAFFC9EFFAFFEE44821F94
:108F2000E9EFFEFF820FE9EFFDFF3C2919EFF0FFAB
:108F300060FF481239EFFDFF422F60FF79FF00000C
:108F400016FF02F239EFFDFF19E3E8FF423F60FF31
:108F50000CF0C62F19E2F0FF602F482339E2FDFF25
:108F60004232602F79F20000262F6E04820FE9EF63
:108F7000FEFF79EFFDFFC21FE9EFFDFF39EFFEFFB6
:108F80006E0919EFF0FF60FF0CF039E2FDFF3FF2D0
:108F9000CFFF39EFFEFF6E0719EFF4FF821260FF7B
:108FA000E9F21400609A39EFFFFFC21FE9EFFFFFFB
:108FB00039E2FFFF39EFFCFF3FF231FF820F02F28F
:108FC000608A0090394F15003B60FF2F5E15CC4042
:108FD00082024CF06C500090394F15002008404F31
:108FE000D44C1E143B60FFFF3C4D54C282BF7F2413
:108FF0004A805A420B5F50218B05202482BFDF023A
:1090000042000B54108819C41000405D6DFF64FECF
:10901000022FDF023680C80239CA2000D9A5080015
:10902000826FD9FC0400895F3EF43924200040C4DB
:10903000A006821582166D00E72B022FDF02128038
:1090400040F4822402956DFF23FE022FF62A02A42B
:1090500040C440D5A006028582166D00D52B022F94
:10906000C80FD9A50800824289523FF439F4200084
:1090700040C4A006821582166D00C62B3C03DFB2E9
:10908000B37F02F20090394F1500404FD44C1E14AC
:109090003B60FF2F00904CC07FF4258052420B5262
:1090A00050F18B0520F46E1E024819C41000405D7B
:1090B000025F6DFF11FEDF02138040F482340285EF
:1090C00039C920006DFFE4FDF62E0294D9F40400A6
:1090D00040D540D602F582161D00962BDFB20480E3
:1090E0003CD882B200902018404E024F6D007703AA
:1090F000DF02D4007B00F04A82321B040040F9A258
:109100000600F9A20800F9A20A000245D2021342A1
:1091100024640259606F39F61C20DF360B80D9A217
:109120001800012301F6C213F9F2EEFF8FF30F319D
:10913000C212DF32EEFFD9A21800502F3B60FF2F82
:10914000C9F8EEFFDF38B30053482420534F24B052
:109150007B00F1A91BCADBA51BC209301ABA60FC4F
:109160001A3960FF1A2960FD9100012519DF3C20A2
:1091700019D63820780519DF282039D2342059A68D
:1091800010006CC219D6202019DF3020E9A20C0093
:109190001B4B012074C66CC419D62C201A2A60F40B
:1091A00059C60C00D9222861D9A50C003BC000404B
:1091B0002D02000039D2053048F6E9C2210039F20B
:1091C0002A001A89E9C2220039F22B0060F2E9C2B2
:1091D000230039F22C0060A3E9C2240039F22D00EB
:1091E000E9C2250039F22E00E9C2260039F22F002B
:1091F000E9C2270039F23000E9C2280039F2310013
:10920000E9C2290039F23400E9C22C0039F23500F4
:10921000E9C22D0039F23600E9C22E0039F23700DA
:10922000E9C22F0039F23800E9C2300039F23900C2
:10923000E9C2310039F23A00E9C2320059C63400BD
:1092400039F2001039233050E9C2380039F20110E8
:10925000E9C2390039F20210E9C23A0082F2FF6332
:109260000980913005F8D9F24855012302F64802E9
:1092700091300528192380D5D92F80D55F23070089
:1092800048935F23098082123C028202013B00F670
:10929000E9F22000F4EC3C093B60FF2FEE077B0075
:1092A000F1F91BCFDBF56CE0820200901D00560047
:1092B0001D006E009100F1D9D9DFA48C820FE9FF67
:1092C0003C20820F59FF003040FC7B100598913004
:1092D00005F87B00F1A9202882048202D9FF60559D
:1092E0001B4974991B8AA2AC074400308B020034DE
:1092F000DF032F004802C81559A204009BB20020CA
:1093000059A208003B40012059A210009100F169C8
:109310007B20002082181B026A28D9A40800D96685
:10932000AC8C780359A81400780659A91C0059AAD6
:10933000200059A224006DFF13E8F626E9C80400B6
:10934000B5CF38203C033B60FF2F82143CCEF6247F
:10935000821FE9DFA48C00909100F1F9D9FFA0BC35
:1093600001F403F6804F0803EE068B23A022AB9294
:10937000BF2200908292DF230A8048130BF3002162
:109380008B03E024829FAB0FA02200900248804F05
:109390006DFFE4FFF62B9100F1F9D9FFA0BC01F8B5
:1093A00003F68213AA232803681F00909100F1F9A5
:1093B000D9FFA48C08428B222022AB62BF220090EE
:1093C00020A84D00E0FF4D80E03F80B2D9AD1810DD
:1093D00040D4D9A510008FF40F4159A2140078068B
:1093E00059A310006D00A82239AF18103BF00FA050
:1093F0008BFF2F2219AD241002A8762FD9AF281089
:1094000040D20924480189F448010924480189F41B
:10941000480139AA291002F8910000E5D9E29076B6
:10942000392C1810402FDF0C6181DF021580E9A86C
:109430000200E9AA0300B9A402006D005C224DC03D
:1094400001F97803580360F5992404000B8A104849
:109450005D008C01D9A23810402440D50952480142
:10946000894248010952480189424801D9A308208C
:10947000E9AF381059AD042009224801893248016A
:109480000922480189324801D9AC1C0040C5D9A243
:109490000C20A02644226452FC6ED9A2182009D2C6
:1094A00048018922480109D248018922480139A985
:1094B00019202CA4E9A9050019A40400F8026D00E4
:1094C0001A222CA6E9A90700B9A40600402D6D00B8
:1094D0001222142B91000125D92218512D020000CF
:1094E000E9EF907668422819283C76B6821F282F2B
:1094F0004D0001F93C04282B4D8001F9682F4DC027
:1095000001F991000025681F9922AC964CD1683F63
:10951000802FBC23C92F200099A20800A8AF820F7A
:109520002C2340C3D9A22800A024443F642FFC4E22
:1095300019A52C0019A23000DA145702613FDF137D
:109540001680570261FFDF1FFA808FC200F8372FA5
:1095500010F360F219240C008FC200F8372F10F3BB
:1095600060F23B40013054223C27570261FFDF0F7D
:10957000E2808FC200F8372F10F360F21924040044
:109580003CEC570261F3DF1F2700570261F3DE173F
:10959000570261F3DF1FD3808FC200F8372F10F31B
:1095A00060F219260C008FC200F8372F10F360F21A
:1095B00054220B641048DF02E6FF3C0D570261F3B2
:1095C000DF0FB9808FC200F8372F10F360F2192631
:1095D00004003CEA59A5340059A4380059A23C00C3
:1095E000D9A2340040C5A026442F645FFC6ED9A3E5
:1095F00000103B400130D9A40C1058096E7299A29A
:1096000008000C238B0F61F26E6C99A2080099A5DB
:1096100008000C5340C5902258086C2699A20800F7
:109620000C23C21F2C234032A026445F642FFC6E03
:1096300019A5041019A20810570261F35E1D570204
:1096400061F3DF1F7C808FC200F8372F10F360F2C8
:1096500019240C003C0B570261F3EE6C8FC200F82A
:10966000372F10F360F2192404008FC200F8372F4F
:1096700010F360F25422DF022800570261F3DF1F6B
:109680002400570261F35E1D570261F3DF1F57800C
:109690008FC200F8372F10F360F219260C003C0B34
:1096A000570261F3EE478FC200F8372F10F360F2D4
:1096B000192604008FC200F8372F10F360F25422ED
:1096C0000B6410483CD959A50C1059A4101059A28C
:1096D000141040C24045A026445F642FFC6E3C8EAF
:1096E000821FE9FF18103C06821FE92F1910DF02C4
:1096F000A07E4D00E0FF4D80E02F80B20BDF1021F7
:109700008B0F2024DF02957E4D00E02F4D80E33F3C
:109710008FC200F8372F10F360FF4CF0CD0FE00F31
:109720008FC200F8372F10F360FF6803CD82E30F7C
:109730003CE1850F04006D00D44F850F0C003CFC0C
:10974000913005F8820FD9FF00F91E698FFF0F4194
:1097500040F46D009522762300A03C00C21F8B8F41
:109760002022DF02F4FF0090024E025F404E405F75
:10977000913005D8D9DD46E901DE02D60D00400260
:10978000FF8E1380DC0D00A03C0000A03C0000A078
:109790003C0000A03C0000A03C0000A03C0000A059
:1097A0003C0000A03C0000A03C00910001F5D9FF66
:1097B0000061DC0FD202910000F591000125D9FF74
:1097C000E0E6D922006189F240092D0200003B0049
:1097D00071F289F24809A88F00909100F0FAD9FF40
:1097E0000000B9F20A008B022022009020106DFFC9
:1097F000F6FF820FDF021A009100F0FAD9FF000095
:10980000B9F70600BF2712808212913005F878015F
:10981000780274A282443B0010508206D9FF0A08E5
:109820002D0F00003B60FFFF02F2009020086DFF4B
:10983000D6FF762A9100F0FAD9FF000039F21A100B
:109840008B12002200908204D9A404006D00140041
:1098500019A204001BF2FDFF8202FFBF06803B102D
:109860005B205702612F00909120F1F999FFC42AE3
:10987000C80FDC0F024F404CED58C817CC201E1704
:109880006E045E294CF23C044CF03C024CF16CC07E
:109890008202009082B20090201882B2DF141280FF
:1098A00040A2820F642F642F642F40A4D9A50C001E
:1098B00034A4E9A408006D0013018CA82BF2402207
:1098C00000909D58C2171DFF72FF9120F1F999FF7A
:1098D000C42AC8AFDC0F1D002900ED58C8174C2161
:1098E0009120F1F959FFFC1A8202009020284DC006
:1098F000E1FFE9AF180040A2DA107807820F642F69
:10990000642F642F40A4D9AF1800825FD9A50C0042
:109910002CA859A4200059A52400F8006D00E000EF
:109920008CA82BF2402200909120F1F999FFC42AD3
:10993000C89FDC0F910001252010D9229811404FBB
:10994000024B2D020000F629910001C5D9CC00611F
:109950002D0C0000022A3C29D9A404006DFFBCE1B3
:109960009120F1C9022F19C2C02AF62D91000125BC
:10997000D9A40800D922A4112D02000019A20C00BC
:1099800059C2C02AEEE219CFC02A40F492F442B480
:109990004BF411426D00542E022F8BCF3FF2ABF2ED
:1099A000BF22AB429FFF3C23A2A27FB21F80B9FF20
:1099B0000200820C6E14B9F300008F0F0120C2FF69
:1099C0008F0F01F0A63F531F4060A6328F0F4081DA
:1099D0000F27A09049F8C0080B8200C12D0C000091
:1099E000DF0CE47F820F3C033B40FFFF02F200905C
:1099F0009120F1F9D9FFC82A9100012540453BC0CB
:109A0000004040F4D922E4512D020000DFC205805D
:109A10003B40FF2F0090DFE20D80910001C5D9CCC3
:109A2000C49140F482142D0C0000DFC2FC7F3CF195
:109A30000090404F9120F1492008D944D05A6DFF41
:109A40007BFFDF0217809120F14940F5910001F57D
:109A5000D944E03A3BC00040D9A60400D9FFD071F8
:109A60002D0F0000F62658018BCF00F2AB629F2F1E
:109A700000907BD0D44B9100F14B1B04F54D821527
:109A8000D944C00C1D005F279120F1F999FCF85AC8
:109A9000BD0C180091000125D922D0E22D02000052
:109AA000CC229120F1299924FC5A08042D0C0000A5
:109AB0004DC0E1FF0832B70F10F8D71201FF283F61
:109AC0009120F1F9D9FFC82A39FF2C301E37912097
:109AD000F149D944D05A1D00F32D00909120F1F99D
:109AE000D9FFC82A39F22C3040FD828FDF12338033
:109AF0007B20F1891B88D38A404C6084405E3BA068
:109B00000F406DFF19FF022FDF022580C9FF2E30A5
:109B100040C4ACC56DFF6EFF022FF62E40E48204F8
:109B20006DFF89FF022FF628B9E30800B9F22E3045
:109B30005F230C803C048B4F1F22F629C9D22E30A4
:109B4000C212F9D22E303C033B60FFFF60846D00EF
:109B5000B72D02F2009020504DC0E1FF1B0F08F01E
:109B60009B8F00F07B3005B87B2000809120F1496D
:109B70007804D944F84A820F82143BC000A082299D
:109B80001B8BA8B91B086A88780559AA180059A91F
:109B90001C00780859AB2400780A59A82C006D00E5
:109BA000FC2C9120F149D944D05A8204022C6D003A
:109BB000F42C9120F1F99100F15B9120F16942C2FE
:109BC000D9FFC82AD9A41000D955D88CD966E03A53
:109BD000370270C0E9FF2C306DFFC2E342C237028A
:109BE000702040FDDF024A804DC0E1FF9B8F00F0F6
:109BF000D9AC3000780C40C4823F40F5780D59AAAA
:109C0000380059A93C0059A2001059AB0410F812B1
:109C100059A80C106DFFAEE3DF023080D9A4040018
:109C20004042820F642F642F642F4DC0E1FF1B0F51
:109C300008F09B8F00F0780140C23B50D0F0ACA7F9
:109C4000820F642F642F642F6DFFD4FEDF02168015
:109C500040C43B803E406DFFEEFEF62FB9AF3800AA
:109C60003B50D0307E3A821FE9FF2C30580C9120B7
:109C7000F1F959FFC42A0090823FE9DF2C303B60A4
:109C8000FF2F009091300548D9446C5582046D0037
:109C9000C403F626821F9130F1F9E9FF01B4009068
:109CA000404F91300548D9446C5582046D009D03A6
:109CB00040F4910001F540258264D9FF2861DC0F52
:109CC000404F91300548D9446C5582246D008D0376
:109CD00040259100012540F43B100140D922286124
:109CE000820F2D020000E9FF10000090404F9130DC
:109CF0000548D9446C5582346D0077034C20680FB9
:109D00000090404F91300548D9446C5582446D0015
:109D10006C0340259100012540F43BD00140D9223D
:109D20002861820F2D020000E9FF1C00009000A0B6
:109D30003C009120F1F939FFEC7A1E2A9120F1497B
:109D4000D944F8AA6D00BC2C762300A03C000090FA
:109D5000910001F52008D9FF98112D0F0000820F06
:109D60007629D9A404006DFFB7DFF62458018B0FC4
:109D700020F202F200909130F1C939CF02B42008EC
:109D80006E079120F1F919FFE87A6C403C179100B9
:109D90000125404FD922A41140A42D020000B9AFE3
:109DA000000082825E2C58016E0A9120F1298212F5
:109DB000592FE87AE9C202B4680F8202009091201C
:109DC000F1F939FFEC7A2008FF2FDE80404D405C2E
:109DD0006DFFC0FF40A4DF021F006DFFCEFF022F0A
:109DE000DF02D78058006E151BFFFF489B143D40D3
:109DF0004BF411429120F149D944E0AA6D00112B96
:109E0000DFC23500DF0237003B60FFFF1D00C100ED
:109E100000A03C007B103D40910001251B0400493F
:109E2000D9229C637B20F1C97B0001D52D02000063
:109E30001B0CEACAD9FEEC7A1B0D9ED3DF021580FB
:109E4000B9EF342060C2B7FF0148531440208F049B
:109E500040A10FF3A0B0492AC0083EAC60D240A494
:109E60002D0200003CECDF1206003B40FFFF1D000E
:109E70009000D9FFEC7AC9FF24309120F14991007C
:109E80000125ACD5D944F07A40D53BC00040D92259
:109E9000E4512D020000DFC27900DF0267809120CB
:109EA000F1D97B0001A57B0001B5D9DDF8AA1BCA59
:109EB00099A31B0B9EB36DFF4DFF40A4DF02120060
:109EC0006DFF5BFF54A4764B4B44114240D46D00B0
:109ED000B72BDFC2F27FDF02F0FF3C2900A03C007D
:109EE00060A282142D02000040FEDF021F80B9FF35
:109EF0000E3060B240A42D0200006EF8B9E40C30C0
:109F00008F0F0130C2FF8F0F01F0A64FA643531FE2
:109F100040408F0F40810F35A09049D8C0080B8377
:109F20001031AB1280233CE2DF12C7FF9120F149D0
:109F300091000125D944C89A40C53BC0004040A6C5
:109F4000D922D0712D020000022FF62654A28BC216
:109F50000022F6253C0ADFC209803C17B9C308007D
:109F6000B9F224305F320400829F3C04C212F9F23D
:109F700024309120F149D944E0AA6D00A02A762826
:109F800000A03C00828F3C043B40FFFF3CF302F208
:109F900000909120F1F999F2D4BA00904DC0E1FF00
:109FA000B70F10F8821553CF20F01B0F10469B34CB
:109FB000004F6D00121D6DD7C3537BE0FE4F912003
:109FC000F1491BF4A9448215D944D4BA6D00BB24CD
:109FD0001D008D009120F1492030D944E0AA6D0088
:109FE000002A762300A03C009120F149D944F8AA28
:109FF00082046D00D22A762300A03C004DC0E1FF10
:10A00000B70F10F87B3005B81B0F10F07B103D80A8
:10A010009100F15B9120F1699B9F00F03BC000A093
:10A0200082191B2BD3B91B080089D9A41000D9555C
:10A03000C49CD966C89A780459A2140059AA180079
:10A0400059A91C0059A2200059AB240059A228008C
:10A0500059A82C006DFF84E19120F1F9DF023880CE
:10A060004DC0E1FFB70F10F859A220009B9F00F0F0
:10A0700080F278049120F159823F7805D9A410002C
:10A080001BC2DEFAD955F07A59AA180059A91C004A
:10A0900059AB2400780A59A82C006DFF6BE1DF0250
:10A0A0001780D9A404004042820F642F642F642FCC
:10A0B0004DC0E1FFB70F10F8D9A510001B0F10F02D
:10A0C0009B9F00F078016DFF7CFE7626822FE9FFD2
:10A0D000EC7A3B60FF2F009091300548D944EE495F
:10A0E000A0056D00EA1F8202009020086DFF53FF5B
:10A0F0007B1000F8D9AE08001BCF73F489EF3CF554
:10A10000402F6DD71D53C80FC80FC80F40E4DC0F98
:10A110002010404F024B025A0254D9A40400824539
:10A12000405C406D6D00162E829FDF02A8801B4AA6
:10A13000008002848215D9A40C006D000B2E022F22
:10A14000DF02228039A20C008B522A22DF02188003
:10A150001B5A00408215D9A401006D00FB2DDF02BF
:10A16000138039A20100DF0289001B6A00408225AA
:10A17000D9A402006D00EE2DF6263C072CA1F9AB08
:10A1800002003C03829F3C7AB9A90200BF59768045
:10A190004842762848341B4900300B4280403F3407
:10A1A0006D80485376389A490B2380200BF230F1AA
:10A1B000325FEE6478020CA16E1A02848245D9A443
:10A1C0000C006D00C72DDF02DFFFD9A5100082FF54
:10A1D000895F38F58244D9A40C006D00DA28C9A93A
:10A1E00002001B8A0080C2C9370970900BB9909198
:10A1F0003709709040C40B8910486D00AB2D022FB9
:10A20000DF02C2FFB9A20200D9AE1000C242422A48
:10A2100019A208000294460289E238F540C440E5DC
:10A220006D00B7284298B4D97FA8178002848215A0
:10A23000D9A40C006D008E2DDF02A6FF19A2080024
:10A2400082144602D9A40C0040E559A20800C218A5
:10A250006D009F283CEA19A3080019A204005F239F
:10A260000D8039A2010008035F3209000B2330F191
:10A270008284ABE49FFF3C0282FF02F20090820FD7
:10A28000200814420B4510887801404F9A48DF029D
:10A290004200D9AE08003B50FA2F89E239F402F4AB
:10A2A000821540E46D00592D829FDF025F80D9AC9A
:10A2B000080082F289C23CF5821440E440C56D007A
:10A2C00068281B580040821540F46D00462DDF02BF
:10A2D0004D8058018214460F40F440C5C2497801B0
:10A2E000F9A902006D0055281B6800408225D9A4F9
:10A2F00002006D00322D829FDF02388058018224D7
:10A30000460FD9A4020040C578016D0042281B8881
:10A3100000F0820A48127F2A20804822D9A5040032
:10A3200013CA203219A2040060324602992C04009C
:10A33000B929000059A20400029440C46D002928E4
:10A340000BF9104840C46D00082D7623829F3C0D08
:10A35000429FC21A3CE002848245D9A404006D00E9
:10A36000FC2C022FDF02F4FF02F20090CC41820F9E
:10A370008208FDF003003C0D1942080013CF203283
:10A38000C21F6032B92200004228370870803CF2B8
:10A3900019421000762919430C003B60FFFF0B3275
:10A3A00080303F8320804C456E0652223B60FFFF89
:10A3B0003F821980404F483402856DFF62FF484458
:10A3C000AB92BFF2764740F402856DFF5AFFAB9F18
:10A3D000BFF24854764740F402856DFF52FFAB9FB1
:10A3E000BFF202F200904C4213C4202F602FC8121B
:10A3F00000904C4213C4202F602FC81200904C4292
:10A4000013C4202F602FC814B9F40000910001F587
:10A41000D9FF2861DC0F40AE200899420400404F6C
:10A42000024A820F8208FD2003003C0C482213CF11
:10A430002032C21F6033B9320000422837087080D2
:10A440003CF3A00DD9DDF6FFDF086E009A788F7F10
:10A45000C0F160F240AC012A20A040F440A5028483
:10A46000D9E6FEFF48356DFF55FE80AD602DDFF269
:10A4700018804845DF05150040F440A50284D9E660
:10A48000FEFF6DFF47FEDFF20B804855765940F422
:10A4900040A50284D9E6FEFF6DFF3CFE602D80D210
:10A4A000D2088B921FC28BF2FFC448127F282580EE
:10A4B00053C820B0F6C880D3DFE31080B9E2FEFFB6
:10A4C0003F290C80C82260B340F43032992508003F
:10A4D00002846DFF96FF3C0E1A9D60F540F40284E5
:10A4E0006DFF8FFFC82260B33032942242293709B2
:10A4F0007090C2183CDB80D2DFF20B00DF0A130041
:10A500001B82002037027020FF2206803C0BA00D2A
:10A51000B0DD76A840F46DFF2BFF80D32B324032A4
:10A52000603D40CA80D200909120F1F9D9FFE0BA95
:10A5300039FF30301E379120F149D944E8EA1D0037
:10A54000BF28009020584DC0E1FF1B0F08F09BAFC3
:10A5500000F07B3005D89120F14978063B000120BE
:10A56000820FD944D0EA8214821C1B8D52DA82FAFF
:10A57000780759A2200059AC2400780A59AD2C0064
:10A58000780C59AA34006D0008289120F1D9D9DD42
:10A59000E8EA40D48204022B6D00FF279120F1C924
:10A5A000D9CCF8CA9120F1F99100F15B42B2D9FF00
:10A5B000E0BAD9A41800D955F09C40C6370270B053
:10A5C000E9FF30306DFFCCDE42B23702702080CB25
:10A5D000DF0267804DC0E1FF9BAF00F0780ED9AC81
:10A5E0003800823F780F40C4DA0840F5781059AC43
:10A5F000041059A2081059AD0C10F81459AA1410DF
:10A600006DFFB8DEDF024D804DC0E1FF40C21B0F81
:10A6100008F0E9A20C00D2028922480189224801EF
:10A620009BAF00F091000125780240F43B50D0F040
:10A63000D9A508003B800040D922E451ACA72D02E7
:10A640000000DFC22E00DF022C8091000125D922FC
:10A6500098112D020000DF022D00D9A404006DFF27
:10A660003BDB9120F1E9022F19E2D8BAF62D9100D7
:10A670000125D9A41000D922A4112D02000019A28D
:10A68000140059E2D8BAEE1519EFD8BA40D41B7F9E
:10A690003E404BF411426D00D327DFC20880823F59
:10A6A000E9FF30303B60FFFF3C55DF022C003CF8F7
:10A6B000910001E5D9EE00612D0E000080FC022A18
:10A6C0003B803ED0A2A27FD2ECFFB9FF0A30820EBF
:10A6D0006E1560C28F0F0120B9230830C2FF8F0FA3
:10A6E00001F0A63F531F4040A6328F0F40810F2537
:10A6F000A09049D8C0080B8200E12D0E0000DF0EAB
:10A70000E37F60B49100012540C53B000140D9A61C
:10A710001000D922D0712D020000022FDF02C1FFEC
:10A7200019A210008B020122DF02BB7FB9A2041024
:10A730003B50D0305F32B5FF8212E9F2303019A2BF
:10A740003C0019A3380059F234309120F1F959F343
:10A75000DCBA02F200901D0070022028D9A40C007F
:10A760004042820FA06F642FFCFF822F40A5E9AF0B
:10A77000220059A50C00F9A61000F9A420006D00D4
:10A7800092018CA22BF2402200902028D9A40C0028
:10A790004042820FA06F642FFCFF823F40A5E9AFCB
:10A7A000220059A60C0059A71000F9A51400F9A41D
:10A7B00020006D0078018CA22BF24022009020280E
:10A7C000D9A40C004042820FA06F642FFCFF826F5F
:10A7D00040A5E9AF220059A50C00F9A61000F9A484
:10A7E00020006D0060018CA22BF2402200902028F6
:10A7F000D9A40C004042820FA06F642FFCFF827F1F
:10A8000040A5E9AF220059A60C0059A71000F9A5F0
:10A810001400F9A420006D0046018CA22BF2402206
:10A8200000902028D9A40C004042820FA06F642F12
:10A83000FCFFDA0B40A5E9AF220059A50C00F9A7EF
:10A840001000E9A61200F9A420006D002C018CA2D2
:10A850002BF2402200902028D9A40C004042820F05
:10A86000A06F642FFCFFDA0C40A5E9AF220059A6C7
:10A870000C0059A71000F9A51400F9A420006D00E0
:10A8800012018CA22BF2402200902028D9A40C00A7
:10A890004042820FA06F642FFCFFDA0F40A5E9AFA2
:10A8A000220059A50C00F9A71000E9A61200F9A48E
:10A8B00020006D00F8008CA22BF24022009020288E
:10A8C000D9A40C004042820FA06F642FFCFF580AED
:10A8D00040A57805580B59A60C007806DA10E9AFA8
:10A8E000220059A71000F9A51C00F9A420006D0052
:10A8F000DA008CA22BF2402200909120F1F999FF0E
:10A90000043BC81FDC0F9120F1F999FF043BC85F9D
:10A91000DC0F9120F1F999FF043BC88FDC0F9120E7
:10A92000F1F999FF043BC8BFDC0F9120F1F999FFC1
:10A93000043BC8DFDC0F910001252010D9229811BB
:10A94000404F024A2D020000F629910001C5D9CCE2
:10A9500000612D0C0000022B3C30D9A404006DFFD7
:10A96000BBD99120F1C9022F19C2DCFAF62D910052
:10A970000125D9A40800D922A4112D02000019A292
:10A980000C0059C2DCFA19C2DCFADF02E07FEEDE0D
:10A990008B0200410B4A90A11BF2FF4F42A44B24B3
:10A9A000114240F46D004C26022F8BCF3FF2ABF2E8
:10A9B000BF22AB429FFF3C25DF0A1F80B9FF020088
:10A9C000820C6E14B9F300008F0F0120C2FF8F0FAD
:10A9D00001F0A63F531F4040A6328F0F40810F2544
:10A9E000A09049F8C0080B8200C12D0C0000DF0CBC
:10A9F000E57F820F3C06A2B23FA2E2FF3B40FFFF91
:10AA000002F200909120F1F9D9FFE0FA39FF2030ED
:10AA10001E379120F149D944282B1D005126009062
:10AA20009120F1F9D9FFE0FA9100012540453BC0A2
:10AA3000014040F4D922E4512D020000DFC205801C
:10AA40003B40FF2F0090DFE20D80910001C5D9CC83
:10AA5000C49140F482142D0C0000DFC2FC7F3CF155
:10AA60000090404F9120F1492008D944282B6DFFD8
:10AA700064FFDF0217809120F14940F5910001F554
:10AA8000D944380B3BC00040D9A60400D9FFD0718F
:10AA90002D0F0000F62658018BCF00F2AB629F2FDE
:10AAA00000909120F1F9D9FFE0FA39F2203040FD11
:10AAB000828FDF2233807B20F1891B08098B404C79
:10AAC0006084405E3BA00F406DFF37FF022FDF0226
:10AAD0002580C9FF223040C4ACCC6DFFA3FF022FFC
:10AAE000F62E40E482046DFFBEFF022FF628B9E384
:10AAF0000800B9F222305F230C803C048B4F1F22E8
:10AB0000F629C9D22230C212F9D222303C033B606E
:10AB1000FFFF60846D00D42502F2009020504DC0EC
:10AB2000E1FF1B0F08F09B6F00F07B3005A8912020
:10AB3000F14978043BC00020820FD944102B8214C5
:10AB400082181B4AA0AA3BA00F90780559A21800B2
:10AB500059A81C00780859AA2400780A59A92C0081
:10AB60006D001B259120F149D944282B82046D00EA
:10AB700014259120F1F99100F15B9120F169D9FF41
:10AB8000E0FAD9A41000D955E0ACD966380BE9FF3A
:10AB900020306DFFE5DB40FDDF0249804DC0E1FF65
:10ABA0009B6F00F0780CD9AC3000823F780D40C428
:10ABB000DA1C40F5780E59A83C0059A2001059AA99
:10ABC0000410F81259A90C106DFFD4DBDF022F809E
:10ABD00040C2820FA063642FFC3F825F780C4DC09F
:10ABE000E1FF1B0F08F09B6F00F0780D40C43B5055
:10ABF000D0F0F9AF08106DFF15FFDF0218807B2041
:10AC00000040D9A404001B046A486DFF2CFFF62EF7
:10AC1000B9AF0C003B50D0307E395801E9F82030F4
:10AC20009120F1F959FF043B0090823FE9DF203089
:10AC30003B60FF2F00909120F1C9D9CC102B201040
:10AC4000024840C43BA00F406DFF77FE022FDF0299
:10AC500025809120F1F9D9FFE0FA39F220308B22DA
:10AC60000032AB6F9FF3DF121680D9A40400028478
:10AC70006DFFF9FE022FF62E39A20A00DF120680C0
:10AC80008222E9F220303C06823FE9FF20303B601F
:10AC9000FFFF40C46D00142502F200901D00050363
:10ACA0009120F1F999FF207B99FF0410DC0F2030EF
:10ACB000D9A414004042820FA06F642FFCFF822FA2
:10ACC000D9A50400E9AF2A00F9A428006D00030209
:10ACD0008CA62BF2402200902030D9A414004042D0
:10ACE000820FA06F642FFCFF823FD9A50400E9AF5B
:10ACF0002A00F9A51400F9A428006D00EC018CA627
:10AD00002BF2402200902030D9A414004042820F40
:10AD1000A06F642FFCFFDA0AD9A50400E9AF2A006E
:10AD2000F9A428006D00D7018CA62BF240220090D8
:10AD30002030D9A414004042820FA06F642FFCFF82
:10AD4000DA0BD9A50400E9AF2A00F9A51400F9A48B
:10AD500028006D00C0018CA62BF24022009020300C
:10AD6000D9A414004042820FA06F642FFCFFDA14B4
:10AD7000D9A50400E9AF2A00F9A428006D00AB01B1
:10AD80008CA62BF2402200902030D9A4140040421F
:10AD9000820FA06F642FFCFF580CD9A5040078081F
:10ADA000821FE9AF2400DA15E9AF2A00F9A51400E3
:10ADB00059A6180059A71C00F9A428006D008B01A2
:10ADC0008CA62BF2402200902030D9A414004042DF
:10ADD000820FA06F642FFCFFDA20D9A50400E9AF31
:10ADE0002A00F9A51400F9A428006D0074018CA6AE
:10ADF0002BF2402200902030D9A414004042820F50
:10AE0000A06F642FFCFFDA22D9A50400E9AF2A0065
:10AE1000F9A51400F9A428006D005D018CA62BF2A1
:10AE2000402200902030404CD9A414004042820FB0
:10AE3000A063642FFC3F404F40C2A043442F64FFF7
:10AE4000FC3EDA29D9A50400E9AF2A000248F9A49A
:10AE500028006D004001022FF626028454C58CA6FE
:10AE60006D005C0202F200902030D9A41400404230
:10AE7000820FA06F642FFCFFDA2AD9A50400E9AF86
:10AE80002A0059A51400F9A428006D0024018CA6FD
:10AE90002BF2402200902030D9A414004042820FAF
:10AEA000A06F642FFCFFDA30D9A50400E9AF2A00B7
:10AEB000E9A51400F9A428006D000D018CA62BF261
:10AEC000402200900248025F0D0AC0039120F1F970
:10AED00099FF207B99FF10106D0019020284402415
:10AEE00002F52D0F00000229F6250B8F10486D008A
:10AEF00015020D0A8003029200900248025F0D0ABB
:10AF0000C0039120F1F999FF207B99FF14106D0087
:10AF1000FE010284402402F52D0F00000229F625CF
:10AF20000B8F10486D00FA010D0A80030292009009
:10AF30000248025F0D0AC0039120F1F999FF207BBE
:10AF400099FF18106D00E3010284402402F52D0FD3
:10AF500000000229F6250B8F10486D00DF010D0A55
:10AF6000800302920090910001252010D9229811AF
:10AF7000404F024A2D020000F629910001C5D9CCAC
:10AF800000612D0C0000022B3C30D9A404006DFFA1
:10AF9000A3D69120F1C9022F19C2083BF62D9100CA
:10AFA0000125D9A40800D922A4112D02000019A25C
:10AFB0000C0059C2083B19C2083BDF02E07FEEDEFD
:10AFC0008B0200410B4A90A11BF2FF4F42A44B247D
:10AFD000114240F46D003423022F8BCF3FF2ABF2CD
:10AFE000BF22AB429FFF3C25DF0A1F80B9FF020052
:10AFF000820C6E14B9F300008F0F0120C2FF8F0F77
:10B0000001F0A63F531F4040A6328F0F40810F250D
:10B01000A09049F8C0080B8200C12D0C0000DF0C85
:10B02000E57F820F3C06A2B23FA2E2FF3B40FFFF5A
:10B0300002F200909120F1F9D9FF0C3B39FF084052
:10B040001E379120F149D9442C6B1D003923009003
:10B050009120F1F9D9FF0C3B9100012540453BC0FF
:10B06000014040F4D922E4512D020000DFC20580E6
:10B070003B40FF2F0090DFE20D80910001C5D9CC4D
:10B08000C49140F482142D0C0000DFC2FC7F3CF11F
:10B090000090404F9120F1492008D9442C6B6DFF5E
:10B0A00064FFDF0217809120F14940F5910001F51E
:10B0B000D944244B3B000140D9A60400D9FFD071EC
:10B0C0002D0F0000F62658018B0F01F2AB629F2F67
:10B0D00000909120F1F9D9FF0C3B39F2084040FD76
:10B0E000828FDF2233807B20F1891B48198B404CF3
:10B0F0006084405E3BA00F406DFF37FF022FDF02F0
:10B100002580C9FF104040C4ACCC6DFFA3FF022FC7
:10B11000F62E40E482F46DFFBEFF022FF628B9E35D
:10B120000C00B9F210405F230C803C048B4F1F22AF
:10B13000F629C9D21040C212F9D210403C033B603C
:10B14000FFFF60846D00BC2202F2009020504DC0D1
:10B15000E1FF1B0F08F09B7F00F07B3005A89120DA
:10B16000F14978043B000120820FD944146B82140A
:10B1700082181B4A03AB82F9780559A2180059A816
:10B180001C00780859AA2400780A59A92C006D00DF
:10B1900004229120F149D9442C6B82046D00FD21D9
:10B1A0009120F1F99100F15B9120F169D9FF0C3BFD
:10B1B000D9A41000D955C8DCD966244BE9FF084052
:10B1C0006DFFCED840FEDF026A804DC0E14F910096
:10B1D000F14B1B0410409120F1599B7400403BC07F
:10B1E0000750D944CCBCD9553C5B6DFF28DADF024F
:10B1F00056804DC0E1FF9B7F00F0780CD9AC300049
:10B20000823F780D40C4DA1C40F5780E59A83C0006
:10B2100059A2001059AA0410F81259A90C106DFF78
:10B22000A9D8DF023C8040C28202A0636422FC3FB6
:10B230004DC0E1FF1B0F08F09B7F00F0780C4DC064
:10B24000E1FF1B0F10F09B7F00F040A2780DD202AF
:10B2500089224801892248013B50D0F040C4F9AF0F
:10B2600008106DFFF7FEDF021A8040A43B803E40CD
:10B270006DFF11FFDF021380B9AF0C003B50D030DF
:10B280007E3D19A304005800E9F8084059F30C402A
:10B290009120F1F959FF207B0090823FE9EF0840AF
:10B2A0003B60FF2F00909120F1C9D9CC146B201086
:10B2B000024840C43B401F406DFF57FE022FDF0293
:10B2C00024809120F1F9D9FF0C3B39F208408B2200
:10B2D0000032AB6F9FF3DF12158040A402846DFF34
:10B2E000DAFE022FF62E39A20A00DF120680822231
:10B2F000E9F208403C06823FE9FF08403B60FFFF5F
:10B3000040C46D00DD2102F200909120F1F9D9FFD7
:10B310000C3B99F20C4000909100F1FBD9FFCCBCA2
:10B3200001F402F66805009091300548D9447C95F7
:10B3300082046DFF72F8F626821F9130F1F9E9FF61
:10B3400003B400909130F1F939FF03B46E079130E6
:10B350000548D9447C951DFF0BF882920090200887
:10B36000D9A508009130054889543FF4D9447C950B
:10B3700082041DFF46F8404F91300548D9447C9522
:10B3800082446DFF32F840F4910001F5402582348B
:10B39000D9FF2861DC0F404F91300548024FD94456
:10B3A0007C9582546DFF21F8D0220922400989F250
:10B3B000400982020090404F91300548024FD94425
:10B3C0007C9582546DFF17F809F24009D02289223A
:10B3D000400982020090404F91300548024FD94405
:10B3E0007C9582646DFF01F890228202842FA4FF75
:10B3F000842FA4FF0090404F91300548024FD9445C
:10B400007C9582646DFFF7F79022820284FFA42F5F
:10B4100084FFA42F0090404C91300548536420F0E5
:10B42000D9447C9582746DFFE0F71022A003A05FE1
:10B43000013210401442013C10403442B013FCF978
:10B4400082020090404C913005488F5400F0D9445E
:10B450007C953B8000406DFFC8F71022A004C50F0B
:10B460001E00014210300C30014C10502C50B01412
:10B47000FCF9820FE9CF1F0082020090404F91300B
:10B480000548024FD9447C953B9000406DFFADF7D5
:10B4900090228202842FA4FF842FA4FF0090404FAB
:10B4A00091300548024FD9447C953B9000406DFF98
:10B4B000A2F79022820284FFA42F84FFA42F009081
:10B4C000404F91300548024FD9447C953BA0004045
:10B4D0006DFF8BF7D02290228202A053842FA4FF0D
:10B4E000FC3E0090404F91300548024FD9447C9576
:10B4F0003BA000406DFF7FF7D02290228202A05334
:10B5000084FFA42FFC3E00906DFF2BFF6DFF1CFFFE
:10B51000AB92BF220090FF4404801DFF3EFF82B229
:10B520000090F6431DFF79FF82B20090F6431DFFA5
:10B530008BFF82B20090F6431DFFC4FF82B20090E1
:10B540001D0002008B4560228B040024022482B27D
:10B55000DF041300404F91300548D9447C953BC02F
:10B560000040025F6DFF41F7D02290228202A023AB
:10B57000442564F5FC3E009091300548D9448C0583
:10B5800082046DFF4AF79100F1F9F9F23A06F626C6
:10B59000821F9130F1F9E9FF04B400909130F1F984
:10B5A00039FF04B46E0791300548D9448C051DFF5E
:10B5B000DFF6829200909100F1F9C9F23A061B324F
:10B5C00000301B820020370370308F82C021370289
:10B5D00050208B2360F28B02E0F46E0C404F9130D0
:10B5E0000548D9448C0582046DFFFFF60C20280F16
:10B5F0000090821F2C4000902008D9A508009130AF
:10B60000054889543FF4D9448C0582041DFFF9F69E
:10B610009100F1F9C9F23A061B3200301B8200207A
:10B62000370370308F82C021370250208B2360F2A5
:10B630008B02E0F482926E4D407C406D405E404F44
:10B64000BD06130091300548D9448C0582146DFF66
:10B65000CCF640259100012540D43B000840D9227A
:10B6600028612D020000BD0C120091300548D9441C
:10B670008C0582246DFFB9F640259100012540C458
:10B680008244D92228612D020000010E9094010FFE
:10B6900090840F89A0F06E1C91300548D94C8C0520
:10B6A00040C482446DFFA1F60C2040C48B4F21F3AF
:10B6B00076922CE0768D82346DFF97F640F49100FF
:10B6C00001F5402502F4D9FF28612D0F0000820208
:10B6D00000902018D9AF0400913005C840F2D9CCB1
:10B6E0008C05406E820FA043642FFC3FE9A4030049
:10B6F000404D821440C46DFF84F640C4822440E56E
:10B700006DFF7FF60CA38B5F61F2EE03DA142CA3BE
:10B7100040C48244D9A503006DFF73F69100012552
:10B7200040F440D539A40300D92228612D0200003D
:10B7300040C4823440F51DFF64F64042995308200E
:10B7400099540C204025DC03995314004042BC3529
:10B75000995418004025DC03009099531C00404286
:10B76000BC35995420004025DC03009099532400F7
:10B770004042BC35995428004025DC030090995381
:10B780002C004042BC35995430004025DC03009029
:10B79000820F2C602C702008404E405D0B451088B5
:10B7A000406C407F820F921A99E400108FFA0FF1DB
:10B7B00002F4D9A5020040A6D9A701006D00902A85
:10B7C000DF021280D9A4020040D582646D00143AD1
:10B7D000F62F14A25F820D8039A201005F920980CA
:10B7E0002CC03C06DF8205800802F622280F0CC020
:10B7F0006E030CF0EE068BFA212202AFDF02D5FFBA
:10B800000090CC41C80F820F8257BBE0FF6F19F345
:10B8100040C157036137370F70508FF30F318B13CF
:10B8200000220B651022C21FDF02F3FF82C2F63C2A
:10B8300059F458C18212D9FF40C1825F572021CFED
:10B8400049FC4008820200907B90DB4E82F2A0030C
:10B850001B043248A05F013410200C20A072C62FB8
:10B8600016FF8F1F005106FF0F4FC0302BF340F51E
:10B87000FC290682C6F2B013FDF0EF7F46028FF27C
:10B880000341A05FD202821F0F3F00F0264F6E07D8
:10B890008B530051821F0F5F00F016FFA6F2C213F8
:10B8A000FCF30090202082BFDF04CC809100F1F9EE
:10B8B000D9FFC08548434CF5D9A404003B000240A1
:10B8C00059A3040078026D00C20FD9A408003B0000
:10B8D0000240022F6D00BB0FA6F2370250203B60E2
:10B8E000FFFFDF02AF80580219A30400685F6843BE
:10B8F0008204D9A414006D007027022FDF02A280F9
:10B9000099A414006D00932799A414006D0080275A
:10B9100099A414006D006F2799A414006D002628C7
:10B9200099A414006D005D2999A2140099230400C4
:10B93000D43382138202D9330002573021C2493CEA
:10B94000400899220400D42391100020B0E219325B
:10B9500000026F02748099A2140099230400D4326B
:10B96000C89419321400192310019120F1C9A6328C
:10B97000D9CC34AB59221001B9F42800B5CF04104A
:10B980006D00850699CF0410B9F20000F9A21400E9
:10B990008813B5AC1800F9A316007B0001351B0312
:10B9A0001C3359A31C004813F9A2100059A30C0022
:10B9B0004DC0E12FD9A41400F9A212006D00FB10B4
:10B9C000D9A40C006D00A31899CF0410B9F2080097
:10B9D000DF022000F9A214008853F9A21000F9A395
:10B9E00016007B0001351B030D3359A31C0048339F
:10B9F000B5AC180059A30C004DC0E12FD9A4140018
:10BA0000F9A212006D00D710D9A40C006D007F18A8
:10BA100099CF0410C874C845B9F41800B9F52000CE
:10BA20006D00902999CF0410C8549130F1F96D0040
:10BA3000A9298212E9F205B43C04FD208A7F829F85
:10BA400002F2009082041DFF2FFF9130F1F9D9FF1F
:10BA500005B401F400262010820F1422780380FE22
:10BA6000828876278B2200823B60FF3FABB39F88A2
:10BA70008B0400228BB81F24DF02B4017B20F1C9A4
:10BA800060C253042D90D92C34AB404D01C900F64F
:10BA900059A40400EC50D9F30400A0520942480113
:10BAA00089324801FC2C7B00F1291B02E02513841C
:10BAB0002322D9A40C00820459F204106D008D26B3
:10BAC00080CC0228DF028E81883519A20C008F05F8
:10BAD000C3513705705099F20410992C340059F273
:10BAE0000010A835D4C29922100040C4084448264A
:10BAF0002D0200000228DF02758199F2041040C473
:10BB0000B92B3000D4C2992214002D0200009100FC
:10BB1000012540F414D4B9D50200D92224032D0202
:10BB2000000091000125B9D5020040F414D4D922B7
:10BB3000F8F22D02000099A20C0099220400D422F0
:10BB400019220001B7F2812C5922000119220001AB
:10BB5000B7F281275922000119230002BB000828EF
:10BB6000A632592200021BC900201AC260F33932E2
:10BB70000400B7F2813F393205008F820020A632DF
:10BB80005922001139350300393202008F850150E6
:10BB90008F020120A65208C5A625393201008F82E6
:10BBA00000300F35A02059220411192200418F8244
:10BBB0004021592200413B404020592204011922D2
:10BBC0001802B7F2012C592218020D0AC0037BF0AB
:10BBD000EE2140F31B320228893210013BE05E2047
:10BBE000F932020099F304108202E9F234003B00BA
:10BBF0000420F9F83800F9F83A00F9F83C00F9F8AF
:10BC00003E00F9F23600F9F80810193210008206E9
:10BC100059F20C104C34820259FF1010D9F3041061
:10BC200082F58204370270307FB32880D43253C249
:10BC3000203099222C00C21201230026F92604008C
:10BC4000D43299222C0001230026B425D432992223
:10BC50002C0001230026F9250200D43299222C0061
:10BC600001230026E9260600D43299222C00012364
:10BC70000026592408003CD71A9C60F27B30053816
:10BC80001B83743B592320107B3005381BA3753B65
:10BC9000592328107B3005381BC3763B8202592379
:10BCA00030107B300538F9221410F9221610F922D1
:10BCB00018101BE3773B82025923381059221C10BD
:10BCC00059220020592204205922082059220C20F0
:10BCD000992C001099C20400D4228213D92240C1A9
:10BCE000573021C2492C400899C20400D4223B801D
:10BCF0000040D92240C1573021C4492C400899C284
:10BD00000400D4223BA00040D92240C1573021C4B6
:10BD1000492C400899C20400D4223B900040D9220B
:10BD200040C1573021C4492C400899C20400D42294
:10BD30003BB00030D92244C1573028C2492C4008BA
:10BD400099F400107BA08B4E1BC4E8426DFF5BFD95
:10BD50000228DF02338099C20400D4228212D92241
:10BD600040C1572021C2492C400899C20400D42266
:10BD70008223192240C1570261238FF20F21DF0273
:10BD80001C80D92254C157203FC2492C40083BF0A7
:10BD90000130572021C3492C400899C20400D42205
:10BDA00082138222592850C1D92240C1573021C262
:10BDB000492C40083C0282C899A40C006D002E2535
:10BDC00040F4910001F5D9FF0C132D0F00000D0A6E
:10BDD0008003F68799A2040060EF822F302F280F8E
:10BDE00002820090994F0010C81FC80F820219FFED
:10BDF0001802960259FF1802821F59FF080219FF04
:10BE00000001960459FF00010090994F0010C81FCF
:10BE1000C80F820219FF1802B7FF81F659FF1802F6
:10BE2000821F59FF040219FF0001960859FF000103
:10BE30000090994204107BF0EE2154431B320228FB
:10BE40002008404FB92A300082BF5F2392803942D8
:10BE50003400828FDF128D80406D0259405E0248AF
:10BE60000D0BC00399420410B94F141019222C0075
:10BE700013CF2032820F603CDF042F009100012598
:10BE8000D9A50400D92208E32D020000B9A20400BC
:10BE90007F281E80B9CF0400EE05B9FF1810ACC092
:10BEA0003C028CC191000125028440F4D9A5060012
:10BEB00040E6D92220F3ACA32D0200008CC242F848
:10BEC0008CA3F9C80400ACC1820F3C06ACC282FF4F
:10BED000ACC0ACC182AF8B0920228B0F0024DF02E3
:10BEE00046006F190400821F2CC68CC1F9FF181080
:10BEF000C9FF3E00C21FF9FF3E0019FF1C10C21F00
:10BF000059FF1C10BCD26CD019F41C1091000125F3
:10BF100059C40800D9F4141002A4D922E4F22D0265
:10BF20000000B9F23E00820FDF12218099F2041066
:10BF3000B9F2161040F419232C0013C220433BB071
:10BF40005E306042B92204007F320980910001F521
:10BF5000D9FF20332D0F00003C09910001F5A00509
:10BF6000D9FF34532D0F000082EF0D0B800302F236
:10BF700000907BF0EE3154441B330238404F405C5C
:10BF8000820F82B25F343E8082244D40E0FF370F43
:10BF900062F53E43ADD08F004DC0E28F028F16FF99
:10BFA0008B7FA3F2EE088FF8CFF19637CDCFE20F5B
:10BFB0000D00C004B9F33800820F82B2DF031E0007
:10BFC00099F21010192214000E25370270F0820227
:10BFD0003C149100012540F4D92238C32D02000001
:10BFE000C9F23C00C212F9F23C00C9F23800C2F2B8
:10BFF000F9F238003B50FF2FCDC8E20F0D00C0040E
:10C00000ACC000907BF0EEF154431B3F02F82008D7
:10C01000404F0242406C407D5FF33780B94F38009B
:10C020006E3582244D40E0FF370F62F53E43ADD0C0
:10C030008F004DC0E28F028F16FF8B7FA3F2EE08B8
:10C040008FF8CFF19637CDCFE20F0D00C004580224
:10C0500091000125780040F4022440C640D7D9223F
:10C0600078032D020000CDC8E20F0D00C00499FF37
:10C070000010C81FC80F821F59FF08027629820FBF
:10C08000ACC02CD0009082B23CFB82823CF9009084
:10C090007BF0EEF154421B3F02F85FF213800D0279
:10C0A000C003D94F3400A05284FFA45FFC2E820F3E
:10C0B000F94F3A00F94F3C000D02800382020090D4
:10C0C000820FA0B2245FFC2F82B200907BF0EEF1D1
:10C0D00054421B3F02F85FF20780B94F38008202DA
:10C0E000AC500090820FAC5082B200907BF0EEF129
:10C0F00054421B3F02F85FF20780B94F3E008202B4
:10C10000AC500090820FAC5082B200907BF0EEF108
:10C1100054421B3F02F85FF20E800D0FC0039100E6
:10C1200001F5D9FF08E32D0F00000D0F80038202F7
:10C130000090820FAC5082B200907BF0EEF154423E
:10C140001B3F02F85FF20B80B044A05F0942480138
:10C1500089524801FCFC82020090820FC50F2F001B
:10C16000245FFCFF82B20090994F0010C812D422C5
:10C170008222192F40C1570F61F216FF82C2EE1DB5
:10C18000D92254C11952040057203FCF492C4008EE
:10C190003BF0012057F021C2492C4008C81FC80FAE
:10C1A0004C50821259FF50C1D9FF40C1822F5720F5
:10C1B00021CF49FC400882020090994F0010C8121C
:10C1C000D4228232192F40C1570F61F216FF82C26A
:10C1D000EE224C517BB0B9231BF29F2C0B2F90F118
:10C1E000D92254C1820257F03FC2492C4008DA1FBD
:10C1F000574021CF492C4008C81FC80F4C5082120D
:10C2000059FF50C1D9FF40C1823F572021CF49FC7F
:10C21000400882020090994F0010C81FC80F820288
:10C220008200BBE0FF7F19F348C119F44CC15704E9
:10C230007F4019FF48C1370270600B3F10510B76E9
:10C240001052C212DF05F1FF82927E356C505954B4
:10C250000400820200907B4000F01BFFD7F87FF4BF
:10C2600018008B1F00F13FF428004B0441F1FF043C
:10C2700014007B90084C1BF405474B4F41F07BA00A
:10C280008B4E4B0F71F11BC4E842A2F43C117B3082
:10C2900086F41B0FF8F57B9008441BF405474B4FC1
:10C2A00041F04B0F71F11BCFE8429BA48B4E994498
:10C2B00000101DFFA8FA7B3086FC1B0FF8F53CDA56
:10C2C0007C56B5450420B54500203C097B3005F877
:10C2D0001BAF73FBB5470420594F0020B54508201C
:10C2E000B5460C2082020090994F0010C81FC80F5D
:10C2F0004C51821259FF60C14C5059FF5CC1D9FFAB
:10C3000040C1824F572021CF49FC40088202009053
:10C31000994F0010C81FC80F820219FF5CC16C50F2
:10C3200019FF60C1B70F81FF6C510090200840A534
:10C33000404F0B4510A87BB0B9836DFFEBFF580051
:10C340001B08A08C038F688A58017BB0B963131F48
:10C35000408882071B06A06C0B8910486D000137CE
:10C360000B8910487BB0B96382071B06A06C74A2CE
:10C370006D00473740F440A559A204006DFFB6FF99
:10C3800082020090B54524100090B5452C10009015
:10C39000B54534100090B5453C10009082244D40C6
:10C3A000E0FF370F62F53E43ADD08F00994F041088
:10C3B000C81F824F30FF30FFD9FF0008114F00FF28
:10C3C000283F00902008404C405F02498B1500A296
:10C3D00082244D40E0FF370F62F53E43ADD08F0021
:10C3E0004DC0E28F028F16FF8B7FA3F2EE088FF80D
:10C3F000CFF19637CDCFE20F0D00C00440C440F519
:10C400000B9A1048D9A60600D9A707006DFFC2F9FC
:10C410000CA68202EE0D39A4070082A2764999C4C7
:10C42000001040F5029502A682076D000324CDC8D6
:10C43000E20F0D00C00400902008404F02428B150F
:10C44000005282244D40E0FF370F62F53E43ADD0ED
:10C450008F004DC0E28F028F16FF8B7FA3F2EE0894
:10C460008FF8CFF19637CDCFE20F0D00C004022434
:10C4700040F4D9A60600D9A707006DFF8BF939A4AF
:10C4800006008282764599F400106D001224CDC812
:10C49000E20F0D00C0040090404F40546DFFD6F9EC
:10C4A0007BF0EE3148041B330238022F82B25F3436
:10C4B000238010F239221020DF02158099FF00102E
:10C4C000C81F8B0FA242161F48021BC200311B82DD
:10C4D00000212B324024602F8213573021CF49FC9A
:10C4E0004008392F102082028BFF0F32F634C21F12
:10C4F000E92F10200090404F40546DFFA7F97BF0CA
:10C50000EE3148041B330238022F82B25F3421809F
:10C5100010F2392210207624C2F2E92210203923A9
:10C5200010208202DF03158099FF0010C81F8B0FB7
:10C53000A252161F48031BC300411B8300312B432B
:10C540004035603F8204574021CF49FC40080090AD
:10C55000820F6C50203882BFDF047780405E9140AC
:10C560000558404FD955DD69D944080082646D00F3
:10C570004333820FDF021B80D9AC0200820440C427
:10C580006D008C00022FDF021280D9A20800402328
:10C59000A05409F2480189324801FC4CD9AF10007F
:10C5A000A02384C2A4F2FC3E402FB9F30E008B03FB
:10C5B00000228B0F00243B60FFFFDF02460091301A
:10C5C000052880229120F1C99922A015D9CD04EB2C
:10C5D0001B0286F56CD1820440F440D52D02000088
:10C5E00099CC04EB022F7626BD0C2F00820274E258
:10C5F0003C2BCCD199F2141040C440D52D02000040
:10C6000099F2181040C440D52D02000099F21C1078
:10C6100040C440D52D02000099F2201040C440D5FE
:10C620002D020000F4ED99F22C10BC2440C42D0220
:10C63000000099F2241040C42D02000099FF281038
:10C6400040C42D0F000002F20090CC41C81FD4441A
:10C65000DC0FCC41C82FD444DC0FCC41C84FD444AC
:10C66000DC0FCC41C85FD444DC0FCC41C83FD4447C
:10C67000DC0FCC41C88FD444DC0FCC41C8BFD444BC
:10C68000DC0FCC41C8CFD444DC0F9100F1FBD9FFC3
:10C69000F8DCE824A86400906DFF45F7AB62BF2288
:10C6A0000090DF1410809AF58BFFA3F23B60FF2F00
:10C6B000EE1D8202DF071B808FF50051AB629F25C4
:10C6C00000903B60FF2FDF041280820F76549AF5B2
:10C6D000265FBA0F8F1F80F18B0584F53B60FF2F1B
:10C6E000EE058F050351AB6FBF25009082071DFF3C
:10C6F000DAFF82171DFFD7FF91400528D922E36991
:10C70000009082020090820F6C508202009082178B
:10C71000404C0B5410886DFFC6FFDF022380912030
:10C72000F1F919FF0CEBD9FF0CEBCEF64CF18213AB
:10C73000BF0F16003C028203B7FF81FF01F302F630
:10C74000680FDF1909800F08B0818BF80181D71FAE
:10C7500001F83C02A68F680FECC300903B60FF2FEE
:10C760000090CC4382024CF0EFEF0680B7FF01FF50
:10C770008212680F0090CC437B0000F44802262F01
:10C78000AB02842F37027020009082020090F64B9B
:10C79000404F6D00BF017629DF220A00820440F479
:10C7A0001DFE7AE882B20090828200903B60FF2FEB
:10C7B0000090024F404F6D003A01F62502F440F41C
:10C7C0001D0003000090024F404F6D005A01D4231A
:10C7D0008FFF00413B60FF2F0C387FF412800D0F5C
:10C7E000C0031922040013C422426043D93214004A
:10C7F0008424A4F48424A4F40D0F80038202009006
:10C80000CC400248404D4CF11344212F4C41602C48
:10C8100013C4222FB9441200820F602F6D008107CC
:10C820007629D4C29922180040C42D0200008B0240
:10C8300020F24882F62548928B0200F56E61910045
:10C840000125D92218512D0200004CF90229EE09C8
:10C85000D4C299221C0040C42D020000022F3C03C8
:10C86000B9FF28006F7F19004882F6261B893E9089
:10C870006889820F3C0D820F7F920B803B00042061
:10C88000E9FF1400688FA8B2F9F22800821F820223
:10C890006892EE3000908FFF0331DF03240048924E
:10C8A000DF021780B9F328005FF31300D4D2992276
:10C8B0000C0002F61B490690012801261424392594
:10C8C00001006D00F027F9FF2800689900907F9221
:10C8D00018808202A8BF821F6892E9FF1400688254
:10C8E0003C09DA40A8BFE9F3140068836893F9FFB4
:10C8F0002800C832BC25C844D9F51400DC020090D9
:10C900002008604F820348324CF259A30400D2F849
:10C91000D9FE0C005FF2278039FF10004832570221
:10C92000612F8FF20F21DF02760040F402F46DFFD9
:10C9300069FF3C705801192C040016FF02FAC81D4B
:10C9400048235703613F4CF3570F61FA8FF30F31C0
:10C9500016FF8B0320228B0F0024F62C5801C21FD8
:10C960007801C80258018FFF0FE10C283FFEE4FF59
:10C970003CD491000125D92200612D02000053CA48
:10C9800022B0C81260B3303219241C004C260B436D
:10C9900000510B2F50520B43A052DF05E1FF134A09
:10C9A000212C91000125D9221851602C2D02000064
:10C9B000D4C201DB00D69922100040C439D4020051
:10C9C000B9D5040019D60800022F2D020000DF029D
:10C9D0001880D4C29922140040C42D020000821293
:10C9E000572021CA49EC4008C81260B31B8F3EF0A3
:10C9F00030326C2840F402E46DFF04FF3CB08B320F
:10CA00001F22DF02ADFFC81260B3303289285809F7
:10CA10003CA6C802C21F16FF392208000B2F302186
:10CA2000AB0F80F2E9FF10000090B7040CF0BB00E0
:10CA3000003A3B60FF2F5F3F2380370464F2EE1F14
:10CA40009120F1F999FF1CEB9130F1298FF400410D
:10CA50004CF1392306B46E0A08827F2408801344FF
:10CA6000212F602282824C206E0A8282DF2308807E
:10CA700039F210000B245021AB62BF220090370422
:10CA800064429120F129534423F0D9221CEB102257
:10CA900000909120F1F9D9FF1CEB820440F46D0065
:10CAA000C70576238292009040F46D007E27DF0256
:10CAB000FBFF821F9130F1F9E9FF06B4009091204D
:10CAC000F1F980F282081BC239FB1344232F602F37
:10CAD000C80FC85439F41C006D00E60239F21C007E
:10CAE0008FF80FF17F2F118002F46D00E602F62E11
:10CAF00002F46D009903F62A02F46D002A06C218AA
:10CB0000DF02EE7F3C05820200903B60FF2F009029
:10CB10009130F1F980F260421B622CF4102F080270
:10CB200000900C43394302008FBF00D00C443947BA
:10CB300001008F0F01C00C4506378F3F01B00C4636
:10CB40008F8300E08F8F01A00C473B0030308FBFF8
:10CB500001900C4826E38FAF01800C4939420B004D
:10CB60008F2F01100C4A132520448FAF00008F87B0
:10CB700001F10F3FA070144306228F3300F10FF72D
:10CB8000A0303B0080710FD780F00FF3A0707B3096
:10CB900000300FC380F00FF7A0307B8001700FB71B
:10CBA00080F00FF3A0707B0030300FA380F00FF700
:10CBB000A0307B0080710F9780F00FF3A0707B0096
:10CBC00040300F8380F00FF7A0307B4000700F17CC
:10CBD00080F00FF3A0703B00C0F0260F20080FF785
:10CBE000A0308F4200210F23A0F0D9A40800894F64
:10CBF0003CF51B0480F0821502649B0F01601D0050
:10CC0000B8011442BB0000F8AB0F800239420100AA
:10CC10003B00C0178FA200202621394202003B00B2
:10CC200020F0AB0F8072394203003B0010F0AB0FD5
:10CC30008062394204002008AB02A8323942050064
:10CC400006228FC207F10FF1A020394107000C46E0
:10CC5000A612A602A672A662A632AA2F1B048160A3
:10CC6000A62FD9A408000254894F3CF582159B06D3
:10CC700001601D007E012008404F820FD9A40800EA
:10CC80001B048160894F3CF502549B0601608215AC
:10CC90006D0049015801370FE1372803370F65351B
:10CCA0002813370FE1342823370F61342833370F27
:10CCB000E1332843370F65312853370FE130160130
:10CCC0002863287F00909AF48202FF3F08809140F9
:10CCD00005F8D9FFCC7910FF080200909AF482027F
:10CCE000FF3F0880914005F8D9FFC97910FF08027D
:10CCF00000908B1400220090132520442008404F00
:10CD0000820FD9A40800894F3CF51B0480F08215DE
:10CD100002649B0F01606D000601580102288F3FDD
:10CD200000416DFFD2FF370FE24128026DFFD8FFAF
:10CD3000370F624428126DFFC8FF370FE2452822E3
:10CD40006DFFCEFF370F624828326DFFBEFF370FF1
:10CD5000E24928426DFFC4FF370F624C28526DFF35
:10CD6000B4FF370FE24D28626DFFBAFF370F614DF8
:10CD700028726DFFC0FF370F614928826DFFBBFF2E
:10CD8000370F624528926DFFB6FF370F614128A229
:10CD90006DFFB1FF28B202820090820276468B14AA
:10CDA0000042821FAB2F802400902008404F820F4A
:10CDB000D9A408001BF44364894F3CF502549BC678
:10CDC000FD6382156D00AF005801914005280228CF
:10CDD000370FE229D92CC57901C20036370FE13A65
:10CDE0001432370FE2482803281328226DFFD7FF9B
:10CDF0002832370F6128370FE2442842370F612766
:10CE00002852370FE1262862370FE22501C200269B
:10CE1000142228726DFFC3FF2882370F61248233EA
:10CE20002892370F6222DF32090091400528D9226B
:10CE3000FF69012200261423160F28A38BFF00325E
:10CE40003BF00020F63791400528D922F0691022E6
:10CE5000142228B202820090820276468B1400428D
:10CE6000821FAB2F802400902008404F820FD9A44E
:10CE700008001B049060894F3CF502549B0601603A
:10CE800082156D00500058010228370FE1288233C7
:10CE90002802370F622ADF32090091400528D92283
:10CEA000C279012200261423370F624928136DFF2F
:10CEB00076FF2822370F612882332832370FE1248A
:10CEC0002842370F6226DF32090091400528D92217
:10CED000C279012200261423370F624528536DFFC3
:10CEE0005EFF2862370F6124370FE24128726DFF21
:10CEF000B5FF160728823BF000201E7791400528D9
:10CF0000D922E969102214222892028200909120ED
:10CF1000F1F9B5F414FB00909120F1F9B5F410FB90
:10CF200000909120F1F919FF18FB1384212F602F35
:10CF300008020CF16F2205009E1282020090EEFDA5
:10CF4000820F370F70207F52FAFF6062102F30FF80
:10CF500030FF4802904FC21F68023CF49120F1F963
:10CF600099FF14FB2D0F00008B02202200909120CE
:10CF7000F1F919FF18FB1384212F602F08020CF11F
:10CF80006F2205009E1282020090EEFD820F370F85
:10CF900070207F52FAFF6062102F904230FF5422BF
:10CFA00030FF6802C21F3CF49120F1F999FF10FB99
:10CFB0002D0F00008B02202200907B000026C21261
:10CFC00020080248025F538421D03F25268091200B
:10CFD000F1F999FF18FB01FD00F608036F230880A3
:10CFE0005F250D00C2125F2508803C0D5F251100F2
:10CFF000C2125F251000824200907B00FCF31B5F91
:10D0000005F03C0A7B10FCF31B7F00F83C05DA536B
:10D010003C03BB7000F8910001F5D9FF18512D0FAA
:10D020000000022BBB7000280B2F00A17B00FC230B
:10D030008B3FE5A41BC20220820C0B2F70A202843E
:10D04000821502F6D9A404006DFF6DFFDF022B806C
:10D050009120F129992218FB19A30400012D002623
:10D060008F131E9014246F2408008BAF03428B6F24
:10D07000E444F645F6A43703E14E76C43703614F26
:10D08000821C3F490C802D0F00001B1B00303F23EA
:10D090000880DF09D6FF820200908212009082325F
:10D0A000009000909120F1F9B5F418FB9130F1F95E
:10D0B000E9F407B400909120F1F919FF18FB1384EB
:10D0C000212F602F0CF02E231D0014251D0042255A
:10D0D0002020D9A40800024F6D009125DF02A38013
:10D0E000538F21809120F1F999F218FB608319A4E4
:10D0F0000800303299220800D42440FD8242544373
:10D100005F34918002F482157B20FC636DFF31FF58
:10D11000DF028980910001F58212D9FF1851E9A23E
:10D120000600E9A207002D0F0000D9DC18FB1B1236
:10D130000090D9A40E0002F46D00CA25DF027380AE
:10D14000D9A4140002F46D008525DF026C80D4C2DE
:10D150006083303214236F2307002D0F00007F29D6
:10D1600012803C25D9A4060002F46D001E2ADF02BD
:10D170002180D9A4070002F46D00292ADF02EF7F85
:10D180003C1839A30700F63439A306007637D4C219
:10D190006083303214236F23CE7F39A31900DF035D
:10D1A000CAFF39A31100DF03C6FF3C05823200909D
:10D1B000DF02398099D218FB7B20FC6302F401283E
:10D1C0000026C21699220800D42419250400B04470
:10D1D000C2F5370570506DFFCCFEDF0224802D0FA5
:10D1E00000001B120090D9A4140002F46D00162553
:10D1F0000228F62B39A315008218F63739A216003B
:10D2000039A317002B8350822D0F00000B295021CA
:10D21000AB38808239A314008B0800223F23E5FF3E
:10D2200002820090538421809120F129992F18FBCC
:10D23000608382122008303F59A204000802024F86
:10D24000402C6F22080002F46DFF44FFDF02120041
:10D2500000900812DF02F97F7BC0016082151BD6A7
:10D260004166D9A404006DFF84FEDF02EE7F0090CA
:10D2700099CF18FB01F800F608036F23050002F4AC
:10D280006D00662400901DFE63E89130F1F939F2DB
:10D2900007B400909120F1F919FF18FB1384214F76
:10D2A000744400909120F1F919FF18FB1384212F89
:10D2B000602F4CF313C5202F602F0CF22C400090F0
:10D2C0009120F1F999F23CFB200840A414246D0050
:10D2D0000B26F62A99FF3CFB821F2CA02CA340A40E
:10D2E00008046D00CD2500909120F1F999F23CFBE6
:10D2F000200840A414246D00F725F62B99FF3CFB71
:10D30000821F2CA0E9A2030040A408046D00B825E8
:10D3100000904C407B3077601945040002F482078E
:10D320001B069465405F6D001C2FA8437B3077304F
:10D330001B039435681223320A2F063268020090CC
:10D3400054524C5106D2531240407B3077201B027E
:10D350009425032F6824B95F08007B3077401B04B5
:10D360009445734F6840023F7442424F6C410090B5
:10D370002010404CD9A4080002486D00B525022FAA
:10D38000DF022F808212D9A4080002842CAEE9A209
:10D390000800E9A20F006D007325022FDF02218033
:10D3A00040C540A46DFFCEFF09A440098206028754
:10D3B0006D00C5259120F129C9231CFBD92F1CFB29
:10D3C000C213D204F9231CFBD9F20400A02344C3E6
:10D3D0006423FC3EE9FF100089F45409022F02F295
:10D3E00000902010404CD9A4080002486D007C2514
:10D3F000DF022C80821FD9A4080002842CA8E9A295
:10D400000F002CAE6D003C25DF02208040C540A4FB
:10D410006DFF98FF09A44009820602876D008F25E1
:10D420009120F129C9231CFBD92F1CFBC213D20464
:10D43000F9231CFBD9F20400A02344C36423FC3E5F
:10D44000E9FF100089F45409009020300248404F51
:10D450006DFF38FFDF02B4806DFF48FFDF02B08050
:10D46000D9A40400820402856D008928DF0235807A
:10D47000D9A40C00821402856D008128DF02A080EF
:10D480009120F129992238FB09A24C090128032691
:10D490008922400909A2440909A64C093A730B26BE
:10D4A00050F20B73A0F2EE100B62C0200B73D03061
:10D4B0008B0300F189A25C09ABFF1FF28B020031E4
:10D4C0006803681F3C090B26C0200B37D03089A2A7
:10D4D0005C0989F240096DFFDAFE9120F1F9912093
:10D4E000F1D9D9FF38FB022B8209D9DD18FB40FCAA
:10D4F0008FF90FF17FBF63805FF85F0002F440A4F3
:10D500006DFFCAFE54D213892132603214226F2279
:10D5100054808F3900A0C80260A3303254221923EE
:10D520000400A632DF023B80D9A41400820402F575
:10D530006D002528DF02448009A0540909A644098A
:10D540000B7100310B6050320B17A032DF031480D7
:10D550000B06C0600B17D070D9A41C00D9A52400FD
:10D5600089A65C096DFFD7FE02F4D9A424006DFFE3
:10D5700001FF3C120B60C0600B71D070D9A41C007D
:10D58000D9A5240089A65C096DFFC5FE02F4D9A4C3
:10D5900024006DFF28FFDF021380D9A40C00821441
:10D5A00002F56D00EC27F62BD4C260A309A24C094A
:10D5B000303289224009C2193C9C8202009020101E
:10D5C0009120F1299120F1C9404FB5C43CFBB5250C
:10D5D00038FB6DFF5CFE022839F21C00820F8213BB
:10D5E000E9A30800E9A309002CAA2CAB2CACE9A202
:10D5F0000D00E9A30F002CAE82098FF90FF17F8F88
:10D600001080D9A4080002F46D003A24F62F488453
:10D6100002F56D009523C219DF02F17F3C0799CF17
:10D620003CFB40A408046DFF12FF00907B20F1F941
:10D630001B0F41FB6C417B20F1F91B0F40FB6C4A37
:10D640007B3005F81B4F91F5130422FF82B26C402A
:10D65000DF044680914000FFD9FF004B7B2000F0A3
:10D66000681F40F482143B0001506D009B09D214E6
:10D6700040F46D00CF097B0080F0681F40F43BB0A0
:10D6800000403B0001506D008D09FBB0004040F4AC
:10D690006D00C0097B0000F8681F40F43BF00040BB
:10D6A0003B0001506D007E09FBF0004040F46D002E
:10D6B000B1097B1000F040F482043B000150681F68
:10D6C0006D00700940F4D2046D00A4099140004F30
:10D6D000D94400CBD2446D006509820200907B00E2
:10D6E000F1F99120F1F91B0FE6F5D9FF403B681FD6
:10D6F000913005F880F2404C1B4291F51304222F23
:10D70000602F08046D004E1B802F9100F129D92253
:10D71000DCA56C248202ECC0AB623F2F00909140EC
:10D7200000FFD9FF00CB489207220422009000900E
:10D73000914000FFD9FF004BBB0000F8681F822F0B
:10D74000681F3B0080F0681F821F681F00908202E4
:10D750000090A002009082020090202882046D00B8
:10D760005F00910000D5D9DCFCE6820FF9CF2C00D8
:10D77000B5D2FCE61424402F6D00F21299D4FCE6D9
:10D78000B5C23000094444006D003113B9FF2600D2
:10D7900099D2FCE6ACA2ACA37B0001F51B0F6EF3A3
:10D7A0007803B9FF2800D9A40400ACA8ACA97B0079
:10D7B00001F51B8F68F37806B9FF2A001424ACAE7C
:10D7C000ACAF7B0001F51B0F57F3D9A51000D9A60C
:10D7D0001C00B5AC0800B5AC1400B5AC200078094D
:10D7E0006D00C012C8B4BD04170039F4300039F51B
:10D7F00031006D00D708C8B439F4300039F5320073
:10D800006D00080939FF3000C8B27B1000200FF20C
:10D8100000F06C21821FE9CF221000902078D9A45B
:10D820000400024F6DFF53E0D9A23810102FA00260
:10D8300039F2F5FF6F020A009130052880231B039F
:10D840009A2513CF233260320090404CD44491008B
:10D8500001F5D9FF9C0302482D0F0000820FDF1253
:10D860004880CCC080F28FF2012182BFDF0241806C
:10D870008FF8C1315F833D8080F48F441E408FC498
:10D8800000F18B8F2052022FDF0533804D0010F8FE
:10D890003B00B0218F248041262F570F61F48FFF6A
:10D8A0000F213B60FFFFDF022480CCC080FF3BC024
:10D8B0000150574F045580F2B7021DF07B000078ED
:10D8C0008B0320620B7F00628FF2C141766DC2F341
:10D8D0008FF20121423206B2604D602F89D0600381
:10D8E000FCFE0D008004604F605F820FECC002F20E
:10D8F00000908FF40F2191300528200837046844E8
:10D90000D92294C5FF821780913005F8D9FF9C7504
:10D9100001F203F60CF23FF40E805AF4081216FFDF
:10D920007F2F0980080491300528424FD9229C8519
:10D93000D022009040424C50195304001952080064
:10D940004D40E26F3B400150DF023100570261055C
:10D950000B6350718B00007476790B6380708B07BA
:10D96000B002F6043707E8523C25570261F55E1C09
:10D97000570261F5DF1F28808FC200F8372F10F3A0
:10D9800060FF48373C0A570261F5EE208FC200F86D
:10D99000372F10F360FF48178FC200F8372F10F3AE
:10D9A00060FF023F480202733CD082033BF00F50FD
:10D9B000820F3425E92401006C21592308005922E3
:10D9C0000C000090850F0C003C03850F04006D00D7
:10D9D000882E00A03C00604F8B05205248138F75A5
:10D9E00000F0A6F33B0001404CF04826570F70446E
:10D9F0008222570F6E228FF28321370270206F76BA
:10DA00001E008F1200F0B70F12F7370F70F03BD0E7
:10DA10000000570261003BC00010570261113BB08B
:10DA20000070570261778216570261660F01C020AD
:10DA3000C672C662A6F2370270208F0401F0062279
:10DA4000A6F28F1240F1680F8F224021680254FF26
:10DA50000D00C004827FD9F20400575021CF492C19
:10DA600040083B0001404CF04825570F704482228B
:10DA7000570F6E228FF28321370270206F751E00C0
:10DA80008F1200F0B70F12F7370F70F03BD0007015
:10DA9000570261773BC00000570261003BB0006055
:10DAA000570261668215570261550F70C020C66229
:10DAB000C652A6F2370270208F0401F00622A6F2A9
:10DAC0008F1240F1680F8F324021680254FF0D0021
:10DAD000C0044CF15FF309004815913005F8821439
:10DAE000D9FF927DDC0F00901B0400F89B1F00F013
:10DAF0008F0F1FF03BC0002057F030C2494C400848
:10DB0000BB00002F8F6400F026F23B00FC308FC476
:10DB10001FF0263FA62F8FF40341A6F4B044DA107D
:10DB2000574030CF494C40080090202091300528C4
:10DB300040AFD922E6A60242A0F3842FA4FFFC3E08
:10DB400082244D40E0FF370F62F53E43ADD08F0099
:10DB50004D40E0FFB70F02F6CD4FE00F91000145B9
:10DB6000D94400008044820FA0FF8F1F0030603531
:10DB7000D9A22000305201430036C923E0FFC21F62
:10DB8000B4330243FCF37BD003407B002450821F5C
:10DB90001B04004A1BD500507B0000683FF20A803E
:10DBA000130F2273C21F607F6804686568763CF7B4
:10DBB00000904D00E2FFB9420000130222FF60FF17
:10DBC00082244D40E0FF370F62F53E43ADD08F0019
:10DBD0004D40E0FFB70F02F6CD4FE00F994208002D
:10DBE000BD02138091300558820FD955DEB6A0B220
:10DBF00060F4C21F01441030013F10403053943292
:10DC0000B442FC273C26802491300568820FD966F7
:10DC1000C6B6A0B260F5C21F01551030013F1050CA
:10DC200030639432B452FC27404CD9F404006DFFA9
:10DC30005DFF99C204008024D9F40C006DFF56FFEB
:10DC4000B9CF02003B80002057F028C249FC4008B1
:10DC500080F2B7021DF07B0000488FF2C1317E4D8B
:10DC60008FF201211BF2012006B2603D602F89D0A6
:10DC70006003FCFE0D008004603F009082B2FF84D0
:10DC800080814D40E23F7B1000686062D92F0044E4
:10DC900080F60D05C0034DC0E1FFB70F10F83B0043
:10DCA000017053CF20F060F2D92F0046113F00FFE2
:10DCB0004CF04820570F70778222570F6E228FF258
:10DCC0008321370270206F701E008F1200F0B70F93
:10DCD00012F7370F70F03BD00080570261883BC0CD
:10DCE0000090570261993BB00010570261118210F9
:10DCF000570261000F89C020C612C602A6F2370281
:10DD000070208F0701F00622A6F28F1240F1680FF3
:10DD10008F224021680254FF0D00C004CD46E20F5F
:10DD20000D00C0044DC0E1FFB70F10F83B000160CB
:10DD300053CF20F060F2D92F0046113F00FF4CF086
:10DD40004827570F70668222570F6E228FF2832169
:10DD5000370270206F771E008F1200F0B70F12F796
:10DD6000370F70F03BD00010570261113BC00080AC
:10DD7000570261883BB000005702610082175702CA
:10DD800061770F18C020C602C672A6F23702702053
:10DD90008F0601F00622A6F28F1240F1680F8F3233
:10DDA0004021680254FF0D00C00413042243604F59
:10DDB000BD04138091300558820FD955D6C6A0F204
:10DDC00060F4C21F01441030013F104030539432C0
:10DDD000B442FC273C33804F913005588202D9551C
:10DDE000F6B6A0F26024C21201441030013F104088
:10DDF00030539434B444FC271B0F00289B1200209E
:10DE00008F021F203BC00040572030C449FC40080F
:10DE1000BB00004F8F6F002026243B00FC608FCF9B
:10DE20001F202662A642163FA62FD9F204003B000F
:10DE3000012057F030C2492C400880F2B7021DF093
:10DE40007B0000688FF2C1417E6D8FF201211BF2D1
:10DE5000012006B2604D602F89D06003FCFE0D00EA
:10DE60008004604F4DC0E1FFB70F10F83B00014048
:10DE700053CF20F060F2D92F0046113F00FF4CF045
:10DE80004826570F70448222570F6E228FF283214B
:10DE9000370270206F761E008F1200F0B70F12F756
:10DEA000370F70F03BD00000570261003BC00010FC
:10DEB000570261113BB0007057026177821657021A
:10DEC00061660F01C020C672C662A6F237027020DA
:10DED0008F0401F00622A6F28F1240F1680F8F2204
:10DEE0004021680254FF0D00C004CD43E20F0D0035
:10DEF000C0044DC0E1FFB70F10F83B00013053CF15
:10DF000020F060F4D94F0046113F00FF4CF0482448
:10DF1000570F70338222570F6E228FF28321370200
:10DF200070206F741E008F1200F0B70F12F7370FBA
:10DF300070F03BD00070570261773BC00000570281
:10DF400061003BB000605702616682145702614471
:10DF50000F70C020C662C642A6F2370270208F033F
:10DF600001F00622A6F28F1240F1680F8F32402195
:10DF7000680254FF0D00C0040D058003820200906A
:10DF80004D40E22F8F5400F016FFA62F60FFB9FF1F
:10DF90000000BB00002A0B2F00218203ABE33F22CD
:10DFA000009082088B84603274488B642034024F66
:10DFB00082B2DF032B00404C6DFFE4FFDF0226003E
:10DFC0004D40E22F065FA62F60FF3BC000204CF0C3
:10DFD000570F70223B0001304CF1570F70F33B009C
:10DFE0003C508FAF1F408FFF03312654064FBB00BC
:10DFF000C05F265FA64FA63F570F50888F020120B3
:10E000004228608F8202ECC000901B04F1FF8B0F4E
:10E01000A1F282B2EE138FF40041910000F5D9FF16
:10E0200008978F2400F010FFBC43E8043C067B00F7
:10E0300001F51B8F55F4680F820200904D40E2FFFE
:10E040001B0F0C20602FB9F30400BBF0F74E3B60B0
:10E05000FF2F5F431C807B0001356033D932485469
:10E0600080238BCF1321423282234B320122BB000B
:10E0700000381B020044022F3B60FF2F7F340780D3
:10E08000883237F20FF08202A83F0090910000F52D
:10E090007B0001F5D9FF08971B8F95F368DF7B00A4
:10E0A00001F51B4F99F368BF7B0001F51B8F97F3B8
:10E0B00068AF1DFFC5FF20184DC0E18FDA7FACA609
:10E0C000ACA71B4834F0370F70F0B5A41400D9A4E6
:10E0D0000C00B5A510006DFF6EFD78018CA6ACA4F8
:10E0E0004DC0E1FFD9A40400ACA56D00100582026B
:10E0F00000906DFF03AD7B40B7F44B0261211B0F15
:10E1000040F24BF251209120F1F97B00F8F459F2E2
:10E11000583B4B2F51204B0221219120F1F959F20C
:10E120005C3B00907B0000FF910000F51B0F20F08E
:10E13000910000259130055859FF3407592F2407C5
:10E140008203D9F434078204D9559CC5820253C393
:10E1500020F01052104F4C21A8C4685FA8D4E87278
:10E1600060FFB92F00009F0F03803C08680268120F
:10E1700068326822D9FF10003CF7C213DF33E9FF91
:10E18000009020183B8012208229804859A2040068
:10E19000F9A908004DC0E12FF9A20A007B00202058
:10E1A00082BA7F2434808B0400228B08E024AB04E5
:10E1B000A0F219A40400AB08A0826D00E304D2040D
:10E1C00082066DFF32AC910000F57B000125D9FF7E
:10E1D00024071B42A523D9A40C0059A21400F9A9B5
:10E1E0000C00F9A90E00F8046DFFE5FC820402F5AD
:10E1F00082066DFF1AAC68120D0080046838820A2E
:10E200007685D9A404006D00820402A2009020202B
:10E210003B9012F07801DA790248ACA44DC0E12FAE
:10E2200019A40400F9A20A006D00AC04D2148216ED
:10E230006DFFFBAB910000F5ACAAACAB7B0001F528
:10E24000D9FF3407D9A414001B8FABF3F806780765
:10E250006DFFB1FC8214028582166DFFE6AB681279
:10E260004DC0E1FF91000025B70F10F8D922B88604
:10E2700090226828D4224C24683F0D008004C8D224
:10E28000B92F00006E1E3B0041F07803DA4CACA8B9
:10E290004DC0E12FACAAACAB7B0000F51B0F06F71D
:10E2A00078067B0001F5D9A414001BCFA6F3F9A2D0
:10E2B000120078076DFF7FFCD9A40C006D002704C5
:10E2C000C8A2B92F00006E1E3B1041F07803DA3768
:10E2D000ACA84DC0E12FACAAACAB7B0000F51B4F46
:10E2E00005F778067B0001F5D9A414001BCFA6F32F
:10E2F000F9A2120078076DFF5EFCD9A40C006D0036
:10E300000604C87FB9FF00006E1E3B2041F0780371
:10E31000823FACA84DC0E12FACAAACAB7B0000F5AE
:10E320001B8F04F778067B0001F5D9A414001BCFDE
:10E33000A6F3F9A2120078076DFF3DFCD9A40C00EA
:10E340006D00E503D9A404001D00E1030B561088FD
:10E35000024F027A6DFFD8AB02268202DF06400030
:10E3600037086332821006130F3000003708633518
:10E37000821506130F3500503708E3338FE800117C
:10E38000E23503010A358FF9035103A50A7A16FF16
:10E39000037F0A7737096244370962F3821242F435
:10E3A000370863F837096295061F3708E3860FF2CE
:10E3B0000020C2144294E22803470A2854A482078A
:10E3C00003420A437BF000201B0224240324682616
:10E3D0008BF29F408BF3BF506D00C32600905344D7
:10E3E000229091300528D92280D5012900F6C80C49
:10E3F0009120F1F980F21B024EFB1344212F602F74
:10E400008202E81C68026822683282244D40E0FFE4
:10E41000370F62F53E43ADD08F004DC0E1FFB70F1F
:10E4200010F83B00016053CF20F060F3D93F004665
:10E43000113F00FF48044CF25704706682225704D3
:10E440006E228FF2832137027020402D6F7F1E00D5
:10E450008F1200F0B70F12F7370F70F03BD00000AB
:10E46000570261003BC00010570261113BB00070C1
:10E47000570261778214570261440F01C020C672AF
:10E48000C642A6F2370270208F0601400622A6423D
:10E490008F12404168048F224021680254FF0D0012
:10E4A000C0048202572021C249CC40080D00C0049C
:10E4B0004CC06F1FFFFF4DC0E1FFB70F10F83B00CE
:10E4C000016053CF20F060F2D92F0046113F00FFCA
:10E4D00048044CF257047066822257046E228FF271
:10E4E0008321370270206F7F1E008F1200F0B70F5C
:10E4F00012F7370F70F03BD00000570261003BC0AD
:10E500000010570261113BB000705702617782140E
:10E51000570261440F01C020C672C642A6F23702FC
:10E5200070208F0601400622A6428F1240416804E7
:10E530008F324021680254FF0D00C00401D900361B
:10E54000D9C204008203D93F08000C3857F023C316
:10E55000492C400882123B5001407B0010F0572F9D
:10E5600001449AF557F408333BE000400CF157F3AF
:10E5700001F40823763B3BF00030572F01230CF3C6
:10E580003B000130C2FF57F205F301D90036CC330E
:10E59000BD0F120039381000D93E100040F402843B
:10E5A000393511006D00FE0140F4028439E50200A6
:10E5B0006D00300201D90036CC35BD0F120039385C
:10E5C0001800D93E180040F40284393519006D0056
:10E5D000E90140F4028439E502006D001B0201D913
:10E5E0000026CC27BD0F12003928200040F40284F9
:10E5F00039252100D92D20006D00D40140F402847A
:10E6000039D502006D0006027B1000211B0260203C
:10E6100059C214006CC40090913005F880F2144087
:10E620001B02B4F51344222F39470100C2F0602FBA
:10E63000C2F78FF00321C80F8260577202003B803F
:10E6400000600C4257F002763BA000400C4357F7A5
:10E6500002643BC000300C4457F601433BD000300D
:10E660000C4557F401333BE000200C4657F301F210
:10E670003BE0013039420700572F022382244D40EE
:10E68000E0FF370F62F53E43ADD08F008F7500512C
:10E690001B85005001F502F66802820200900B54BF
:10E6A0001088534922A0913005E8D9EE80D501EABF
:10E6B00000262018404F405CD42D82244D40E0FFBE
:10E6C000370F62F53E43ADD08F000C469E2919D21C
:10E6D000081057F2012882131B0801F0573201FF7E
:10E6E00059DF08100C2AEE0C9944080008C408D51C
:10E6F0006D005801C82408C408E56D008B018FC85F
:10E7000001300CF03B50018057F3018808127B0068
:10E71000FC308F62012026230F38A0200CF23B3002
:10E72000018057F201880CF43B00F831067F263F48
:10E73000083306138FE307210F2FA03008528FD222
:10E740000020B70286F6C6F20F23A0F0A68F6CC099
:10E7500019D210003B90013057026223DF024200C1
:10E76000D9D2140082133BC00020573021C2492C5B
:10E77000400882533B700120573023C2492C400887
:10E780007B0001251B42C52359A214007B20F129DF
:10E7900001EA00E61B024E2B13492192B9E2060062
:10E7A000D9A40C00F9A20C00F9A20E0059A910007E
:10E7B0006DFF01FAB9E20400C23259A20400C9A2F5
:10E7C0000C00F9A208004DC0E12FD9A40400F9A261
:10E7D0000A006D009C0159DF2010DA5559DF241022
:10E7E00082020CF1E9C2040008126F02098006FFE0
:10E7F0002E43822F3C032E33821F2CC44CF4820202
:10E800006CC20090913005F880F29120F1291B0232
:10E81000B4F51344222F2020602F8022C80F1B0242
:10E820004EFB1344212F602282C24C20EE463B60F7
:10E83000FF2FDF054300BBF0FFF959A5100059A5D4
:10E840000C00B5A51400B5A6180059A61C0059FF68
:10E8500014103B00012019FF0010570F63F2FF4F07
:10E86000FCFF8B0620228B1500244C40762582026B
:10E87000960159A21C00404C59FF20103BC00120BA
:10E88000570F64228F7200211B82002001F20226A2
:10E8900048443B800070542674A502F56DFF58FD76
:10E8A00040F4910001F540C502F4D9A60C00022500
:10E8B000D9FFE8232D0F00000090404F1444394544
:10E8C0000100B024405C6DFFA9FEF628080408157D
:10E8D000D9F40C0040C51DFFE4FE00906DFF81FDE2
:10E8E00082020090914000F699F2C0FBB042821C77
:10E8F000820D0D008004492CC008DF0CFEFF99F248
:10E90000C0FB82038282B9260000828037037070C8
:10E91000BA820B6730F26E14B70310F819220800A0
:10E9200013CF2072607F4CF00B4F1021AB609F2201
:10E93000EE056804A825E8248202C2133CE86C2195
:10E940000090914000F699F2C0FBB042821C820D0B
:10E950000D008004492CC008DF0CFEFF99F2C0FBBB
:10E96000820F40F3B9220000370F70307F231480EC
:10E970001923080013CF2063606F48035F430A80A8
:10E98000B9F304005F5306804CF282026C403C04F1
:10E99000C21F3CEB8282993FC0FB820F681F009030
:10E9A000024282244D40E0FF370F62F53E43ADD076
:10E9B0008F000D0FC00391000025D9220CA7821CE7
:10E9C000820D0D008004492CC008DF0CFEFF910071
:10E9D00000358223D93F08A7F93308A78203A8137B
:10E9E00080439140003F6832682368458242D933B2
:10E9F0000C19E9320300821C820D0D008004492CA1
:10EA0000C008DF0CFEFF820268120D0F8003009029
:10EA1000024282244D40E0FF370F62F53E43ADD005
:10EA20008F000D03C00391000025D9220CA7821C82
:10EA3000820D0D008004492CC008DF0CFEFF910000
:10EA40000035822FD93F08A7F93F08A7821FA81FCA
:10EA5000804F682F6832684582244D40E0FF370FB1
:10EA600062F53E43ADD08F009140003F824FD933D5
:10EA70000C192C33821C820D0D008004492CC00817
:10EA8000DF0CFEFF820F681F0D038003009002421F
:10EA900082244D40E0FF370F62F53E43ADD08F003A
:10EAA0000D03C00391000025D9220CA7821C820D02
:10EAB0000D008004492CC008DF0CFEFF91000035DA
:10EAC000822FD93F08A7F93F08A7A81F804F682FBA
:10EAD0006832684582244D40E0FF370F62F53E43BF
:10EAE000ADD08F009140003F824FD9330C192C33A9
:10EAF000821C820D0D008004492CC008DF0CFEFF33
:10EB0000820F681F0D038003009082244D40E0FFB8
:10EB1000370F62F53E43ADD08F000D0FC00391005B
:10EB20000025D9220CA7821C820D0D008004492CDF
:10EB3000C008DF0CFEFF910000358212F93208A7F1
:10EB4000D93F08A7820291000035A812D93310A737
:10EB5000A07504422432FC5E9140003F8242D933CA
:10EB60000C19E9320300821C820D0D008004492C2F
:10EB7000C008DF0CFEFF820268120D0F80030090B8
:10EB8000024282244D40E0FF370F62F53E43ADD094
:10EB90008F000D03C00391000025D9220CA7821C11
:10EBA000820D0D008004492CC008DF0CFEFF91008F
:10EBB0000035D93F08A7821FF93F08A7A81F682280
:10EBC00082244D40E0FF370F62F53E43ADD08F0009
:10EBD0009140003F824FD9330C192C33821C820D97
:10EBE0000D008004492CC008DF0CFEFF820F681F57
:10EBF0000D03800300906DD7A32D6D00C01E6D0026
:10EC00006D006DD79D2D6DFF65A76D0074006DFFC4
:10EC100032D76DFF9FBF6DD7932D1D00C21E4D00D3
:10EC2000E08F6DFF35FA3BF007406DFF80F78FC82E
:10EC300000F8378F10F360FF0D0080047B0030F088
:10EC4000B04F3B0088201BFFFFF3022C02FD49FC64
:10EC500040080D00000300904D00E02F8FC200F827
:10EC6000372F10F360FF0D0080043B004022B04FAF
:10EC70003B00C0F7022C02FD49FC40080D000003D8
:10EC80000090910000F539F23C770090910000F57A
:10EC900039FF3C773B50FF2FEE1F7B100055605330
:10ECA000D9320814802591100055D9550814805F79
:10ECB00091000045D94400873B800040A2F56D00DB
:10ECC0000B03F625821FE9FF3C770090822FE9FFB6
:10ECD0003C773B60FF2F00904DC0E14F91300548DD
:10ECE0001B04F3469BA48A448215D94488E51DFF82
:10ECF000FBFD7B20BC429120F1491B044F4782154C
:10ED0000D944484B1DFF1FFE910000458274D94431
:10ED100020876DFF48F9910001458274D944E4834E
:10ED20001DFFAEF77354686082F006F08BF69F30DB
:10ED30008BF7BF20BA020B0350F28B0200F582B2B0
:10ED4000EE440D02C0036C435A56105F5944040050
:10ED500059450800B5451400EC46B5451C00B545BD
:10ED600020008F3500F1EE0C7B0001F51B0F59F4EC
:10ED7000DF451E007B0001F51B8F59F43C186F0521
:10ED80000D807B0001F51B8F57F4DF2511007B0000
:10ED900001F51B0F58F43C0B7B0001F51BCF55F41C
:10EDA000DF1506007B0001F51B4F56F46C445443FD
:10EDB0007B5016FB1BAFD3F75FF305008BFF1FF1F2
:10EDC0006C400D028003820200907354682082F12F
:10EDD00006F18BF29F008BF3BF70BA070B1050F255
:10EDE0008B0700F5A00FEE16025F024802651B427A
:10EDF00002406DFFB0A8402FBC2D7B50162B402544
:10EE00001BA2D3278952240140240B8F10486DFF89
:10EE10008BFF40F20090CC4180F2D4628025804389
:10EE20004C5080546A4360347F5209804CF0EE02AB
:10EE3000C81F820FEC416C400090746300908053B7
:10EE4000806F1BFF00F08F7FC0F160FFB04F80FF2D
:10EE500082823FF30980B5460400820F6C60B5657D
:10EE60000400820200900242F64B912005F83BC05C
:10EE70000040D9FF38242D0F0000A00D3C789130C0
:10EE80000528192F04D5D92F04D57FF5F0FF4CF1B3
:10EE900013C5203F603282244D40E0FF370F62F5FA
:10EEA0003E43ADD08F004DC0E28F028F16FF8B7FA7
:10EEB000A3F2EE088FF8CFF19637CDCFE20F0D0019
:10EEC000C004D42CA00DBD0C45004C2260F301C33E
:10EED00020F080F30B30C0311B8200403F433A806A
:10EEE000C2328F32C0B1CC2180F31B7600C08B06BA
:10EEF000009142C32693603D80D242B23F2F0780EB
:10EF0000E80D6812592204003C2480FA80CFA00D3D
:10EF100080D20BAF30318B020034DF031B004CC0BA
:10EF2000A00DEE1399C50400805380CF42CF269FD9
:10EF300060FD01DB0066806F3FF30780F4CD40C4C5
:10EF40006DFF7FFF3C02A00D99CC040080CF3CE117
:10EF500082244D40E0FF370F62F53E43ADD08F0075
:10EF6000CDC8E20F0D00C004BD0D817F40D20090DE
:10EF7000913005F819F304D5D9F204D5023F1923CD
:10EF80000400C2FF13CF204380422008604FA0023C
:10EF900080248B0F80328B040034DF032000C802F2
:10EFA00080237F23178048237F3214808023C81357
:10EFB000803440237F430E8054235F320580F45316
:10EFC0006C603C08992404008043402340423CF399
:10EFD000A002C2FFD9FFF4FF3CDC0090913005286D
:10EFE000192F04D5D92F04D57FF469804CF113C4AF
:10EFF000202F602282244D40E0FF370F62F53E4310
:10F00000ADD08F004DC0E23F023F16FF8B7FA3F2D1
:10F01000EE088FF3CFF19637CDCFE20F0D00C0048D
:10F02000D42382B2BD033D0099250800013520F0AC
:10F0300080F40B40C04199260400016520F080F562
:10F040000B50C05180328066820F403282077F624F
:10F0500011805422992704007628012720F080F29D
:10F060000B20C021422F3C02C217807240723CF03C
:10F0700080621BF200208F72C0216026B0460165BD
:10F08000302442276C425AF47444594704006C43BC
:10F0900059451000B5431400B5451800820282247A
:10F0A0004D40E0FF370F62F53E43ADD08F00CDC33A
:10F0B000E20F0D00C004F623009082B2820FA06F11
:10F0C000644FFCFF00908202024F7442025482B2ED
:10F0D0006E1B92F38F33403126F3DF03168091309D
:10F0E00005F819F304D57F3610804BF5112282B252
:10F0F0000238F63A026502F6404F6DFFB6FE8022F6
:10F10000E802AB889F2200901BF401408FF4C1F10C
:10F11000200802563B00024002F56D006C1CB5A2AF
:10F120000400BC2DD9A4040002F46DFF90F37627EF
:10F1300099A40400820F6DFFD0A6780199A2040063
:10F1400000908B85A0F28B84A0228B86A0F4262FC2
:10F1500082B26E0F9AF626F626F58B060032264FFF
:10F160008B050034BA0F0F3F802082B5AB05A0227B
:10F170000090805F8202605F7442FDF003000090A7
:10F1800060F25443742259230400F442424F3CF687
:10F19000405C024382244D40E0FF370F62F53E435E
:10F1A000ADD08F004DC0E22F022F16FF8B7FA3F250
:10F1B000EE088FF2CFF19637CDCFE20F0D00C004ED
:10F1C0008FF30080B7081088A6280D038003CC4178
:10F1D00040F46DFFB4A7C822C83540F440C62D02E4
:10F1E000000082244D40E0FF370F62F53E43ADD072
:10F1F0008F00CDC8E20F0D00C00400901DFF35FE4A
:10F200008045B7051D507B0000F840425FF51D802A
:10F210008042B7021DF08B0420620B5F00628FF208
:10F22000C131766DC2F48FF20121424206B2603DD7
:10F23000602F89D06003FCFE0D00800460328023C3
:10F24000B7F3813E603200908B87A0F28B86A0F4EA
:10F2500082B26E159AF74B65110226F726F68B07D8
:10F26000003226F48B0600348B0400428B010052DE
:10F2700076360F45802082BFAB0FA0220090024956
:10F28000025F02680B5610480276404F6DFF5BFF2D
:10F29000DF02128054A36802681968286832684245
:10F2A0006852A8D2E9F31D000F0FB0F18BFF01F1F6
:10F2B000E9FF1C0000900F54A0F0161F2008404FDB
:10F2C00082B2EE08580278006DFFDBFFF623821F42
:10F2D000A8DF0090025C805A82B8DF042D009AF407
:10F2E000264FEE290249029602A43B800070405C42
:10F2F000404F6DFFABFF0228DF021E800F09B0F107
:10F300008BFF01D102DF16FF8B0F00B10FBC00B0E5
:10F310009130052840F440C50B9B1048D922325F3C
:10F320002D020000681A42CA682A683BE9FD1000F5
:10F330006858686802820090404FD9441C00024817
:10F34000405C025F6DFFDEA640F4028440C502F51A
:10F350001DFFC2FF404E405F406C407D0D0FC0035B
:10F3600091000125D92200542D020000BC270D0F69
:10F37000800340F440D54026DC0CE82CE83DD9E47D
:10F380001C0040F56DFFC2A60D0F80030090913068
:10F3900005284C50D922D4359F040580460F6C5067
:10F3A00000900442C6F28FF20F21012202F6068F6E
:10F3B0004802C62F3CF2024F0258404F6DFFBCB5C9
:10F3C0008B621F328B02E034763A0B8F10486DFF50
:10F3D000DAB53B60FF2FBC23E802820200904D406B
:10F3E000E0FF3B002020262F8282EE1991000125AC
:10F3F000D922FC01404F2D0200003B000230A8033F
:10F40000A81F681F682F683F684F685F910001F56B
:10F410000224D9FFEC112D0F000082020090B94F99
:10F42000000002438B0F22F23B60FF2FEE46822446
:10F430004D40E0FF370F62F53E43ADD08F004DC029
:10F44000E28F028F16FF8B7FA3F2EE088FF8CFF1C9
:10F450009637CDCFE20F0D00C004BBF00FF8268F1A
:10F46000BB0000488282FE4D4C41910000F5EE0544
:10F4700019FFAC966C413C0C19F2AC967E2BB94F3F
:10F480000200BBF0FF3F82A23E3CC21FAC418202A1
:10F490003C08910001F50234D9FFB4812D0F000022
:10F4A00082244D40E0FF370F62F53E43ADD08F0020
:10F4B000CDC8E20F0D00C0040090B94F00003B60C2
:10F4C000FF3F8B0F22F2EE6682244D40E0FF370FA4
:10F4D00062F53E43ADD08F004DC0E29F029F16FF04
:10F4E0008B7FA3F2EE088FF9CFF19637CDCFE20FE5
:10F4F0000D00C0044D40E0FF82836F9F408091006B
:10F5000000F51942040019FFAC965FF23880B94843
:10F5100002007685C2F8F94802003C2F910001F5FF
:10F52000404CD9FFB441D94408002D0F0000BBF076
:10F53000FFFF5FF22100910000F5D9FFB09601F2C4
:10F5400002F691000125C80FD922808140F4ECC158
:10F550002D02000040F4910001F5D9FF80B12D0F7C
:10F5600000008203762B914000FF824FD9FF68088C
:10F57000283F3C0459C80400820382244D40E0FF28
:10F58000370F62F53E43ADD08F00CDC9E20F0D00BD
:10F59000C00402320090404F02484D40E0FF3B0063
:10F5A0002020262F8282EE1891000125D922FC010D
:10F5B0002D0200003B000130A803A818681F682F27
:10F5C000683F684F685F910001F50224D9FFEC1194
:10F5D0002D0F000082020090B94F0000404F8B0FAA
:10F5E0002122024A3B60FFFFDF0228804D40E0FFFE
:10F5F0003B00208026F8828FDF08208091000125C3
:10F60000D922FC012D02000091000125D9F4080047
:10F61000D922B44102292D020000BBF0FF3F82CF66
:10F620005F320580A81A6818820F910001F50294D4
:10F63000D9FFEC112D0F000002F20090B94F00002D
:10F6400002438B0F21F23B60FF2FEE3882244D40A6
:10F65000E0FF370F62F53E43ADD08F004DC0E28F23
:10F66000028F16FF8B7FA3F2EE088FF8CFF196374B
:10F67000CDCFE20F0D00C004BBF00FF8268FBB000A
:10F68000004882827E4FB94F02006E05C2FFAC4136
:10F6900082023C08910001F50234D9FFB4812D0F9C
:10F6A000000082244D40E0FF370F62F53E43ADD0AD
:10F6B0008F00CDC8E20F0D00C0040090B94F0000CC
:10F6C0003B60FF5F8B0F21F2EE5582244D40E0FF3F
:10F6D000370F62F53E43ADD08F004DC0E28F028FF1
:10F6E00016FF8B7FA3F2EE088FF8CFF19637CDCFC0
:10F6F000E20F0D00C00491000125404FD922B44112
:10F70000D94408002D020000BBF0FFFF5FF220008B
:10F71000910000F5D9FFB09601F202F691000125A3
:10F72000C80FD922808140F42D02000040F49100DE
:10F7300001F5D9FF80B12D0F00008205762F914091
:10F7400000FF824FD9FF6808283F3C08B9FF02003C
:10F7500082A53E24C21FA81F820582244D40E0FFDF
:10F76000370F62F53E43ADD08F00CDC8E20F0D00DC
:10F77000C004025200904D40E0FF3B002020262FA5
:10F780008282EE1B91000125D922FC01404F0248E4
:10F790002D0200003B000430A803A81F6082E8127D
:10F7A000682F683F684F685F910001F50224D9FF18
:10F7B000EC112D0F00008202009082B2DF0467007E
:10F7C000B9420000405F8B0204F28B4560F40247AF
:10F7D00082033B60FF2F6E4E82244D40E0FF370FC7
:10F7E00062F53E43ADD08F004DC0E28F028F16FF11
:10F7F0008B7FA3F2EE088FF8CFF19637CDCFE20FD3
:10F800000D00C004BBF00FF8268FBB000048820338
:10F8100082825F4F248099420400802F0F7F8030C6
:10F820006F0505005F7305803C28DF03278091008A
:10F8300000C599C3AC966072B5323C0091000125B9
:10F84000593500100264D922B4812D0200008203D0
:10F85000F62599C2AC961923001082244D40E0FF92
:10F86000370F62F53E43ADD08F00CDC8E20F0D00DB
:10F87000C004BCFC680300906F1507000F3FE0F068
:10F8800060F2B542040082023CE90090405D024F04
:10F890006DFF33B282B2402CBD022700B9D3000005
:10F8A000B9D402003F342180CC267CFB02F46DFFEA
:10F8B00011B5B5C21800402F3B60FF2FBD021500E7
:10F8C00040F2A02384DFA42FFC3E820F82F291003D
:10F8D0000125682F6832A8BFA8AFD92218512D0280
:10F8E00000006842820200904DC0E15F9130F13922
:10F8F0003704E3F2D93F08B410F28FF40141342405
:10F90000393208B43BF00F300B2390F116FF081387
:10F910000B3F90F116FF08220B2F9031025F16FF6C
:10F9200010FF8FF30FF108025FF21380023F16FF02
:10F93000921382140F340040C2F49120F1499100D7
:10F9400001F5D9444C4B0245D9FF0864DC0F009007
:10F950002008405FD9A504006DFFFCB2F62A5801CB
:10F96000EFAF06008F5F1EF0280F00903B60FF2F67
:10F9700000909130F1F9D9FF08B49120F149820F3C
:10F9800024FF24FF24FFD9444C4B82046DFFF5FE75
:10F99000022F3B60FF2FEE0E913005487B00204088
:10F9A0003B00F05FD944A83FA0056DFF15B8AB6FD1
:10F9B000BF2200908B04A2F2200882B8DF0F818062
:10F9C000D9A40400025B02496DFF86B13B60FF8F42
:10F9D000DF02778099A40400D9A502006DFFBAFF69
:10F9E0000228DF026C8082244D40E0FF370F62F571
:10F9F0003E43ADD08F004DC0E2AF02AF16FF8B7F0C
:10FA000063F26E088FFACFF19637CDCFE20F0D007B
:10FA1000C0040CA27F9F0A8099A404008FB9014002
:10FA20007B00805F6DFFA1B2820FD9A40400780132
:10FA30006DFF81B1DAFF99A40400BD041100D9A5BE
:10FA400003006DFF87FFF62639A203000B2F90F10C
:10FA500016FFD9A404006DFF6EB13CEE39A302007D
:10FA600082027FF30F804DC0E12F9B0F20401302D5
:10FA700022448275ED58AC0F02287683821282E808
:10FA800082244D40E0FF370F62F53E43ADD08F003A
:10FA9000CDCAE20F0D00C004DF0213809120F149AE
:10FAA0008214D9444C4B0F9400408205A00502B645
:10FAB0006DFF85FEABC2BF823C033B60FF8F0282BD
:10FAC00000907B202BF354531B0F1FFF3B60FF2F35
:10FAD0005FF31B804C52DE48195204006C43821FB6
:10FAE0006C449A5259420800062F3FF40980F445AD
:10FAF000D9551400B545040082020090820F6C4075
:10FB00006C413B60FF2F0090C27506248FE51F20DB
:10FB1000E2421B42012000900249025F0B5610484E
:10FB2000404C405F02686DFFF1FF3B60FF3F3F29A3
:10FB30001A801B78002006E2D9F214006CC259C862
:10FB40000C0059C21000ECC0B5C20400681F820F3F
:10FB5000683F684F7BE051F01B0F1FFF6828680F5C
:10FB60008203023200907BE051F054531B0F1FFFC1
:10FB70003B60FF2F5FF3218019550800024F1B7572
:10FB800000201954040006E25944080059450C00AD
:10FB900059421000405C404F6DFFB8FF3F2F088076
:10FBA000E80CD9CC1400E81C82020090820F680F88
:10FBB000681F3B60FF2F00902008F9A704008FF416
:10FBC0000FF15E1719A70400D9AA08009D58EA147E
:10FBD000EE0719A70400D9AA08001DFF72BB0CA4E8
:10FBE0005E1300A03C000090405691300558D95556
:10FBF000B8EF6DFFE4B7DF0247004DC0E1FFB70F7C
:10FC000010F83B00013053CF20F060F2D92F0046AE
:10FC1000113F00FF4CF04824570F70338222570FDA
:10FC20006E228FF28321370270206F741E008F12B4
:10FC300000F0B70F12F7370F70F03BD0006057029B
:10FC400061663BC00070570261773BB000505702BD
:10FC500061558214570261440F67C020C652C642E4
:10FC6000A6F2370270208F0301F00622A6F28F124F
:10FC700040F1680F8F224021680254FF0D00C0043C
:10FC800000A03C0000901BF4014006B40F04B0211A
:10FC9000825F8BF201214BF21122821F0226535206
:10FCA00020200F2F00F00BF4B0411BE401400BF4B7
:10FCB00080203BF001504B521122820476634B5F4F
:10FCC000114242420090024F6DFFDFFF1BFF0140D7
:10FCD00006B4424200906DFFF8FF06220090404FAC
:10FCE000024F405C02586DFFF8FF82B35F820D80C7
:10FCF00002F4682F6DFFC9FF02F468126DFFE5FF83
:10FD0000E80C6832820302320090CC4048028B0239
:10FD1000202200904C4282B27FF41B8019420400E2
:10FD2000D4428FB41FF0422F902F8FF4014148022C
:10FD3000D712014468046E0BC2FF8FFF012106BF7A
:10FD4000902F4803D713012268023CF682020090EC
:10FD500082161DFFE4BC82161DFF04BD1D00330189
:10FD6000404F2008024F4054406CBD05150053C45D
:10FD700020201B0208203702702174A29452F9A29D
:10FD800004004DC0E12FF9A206006DFF14EF40A45E
:10FD90006DFFBDF6BD0F160053CF20201B4208207B
:10FDA0003702702174A28802F9A204004DC0E12F2D
:10FDB00040F4F9A206006DFFFEEE40A46DFFA7F629
:10FDC000BD0C140053CF20F01B8F08F0370F70F1DB
:10FDD00078008CC0ACA24DC0E1FF40C4ACA36DFF65
:10FDE000EAEE40A46DFF93F60090404F6D00EB00EB
:10FDF000402C82244D40E0FF370F62F53E43ADD0EA
:10FE00008F004C206F1F97000D03C0034DC0E1FF12
:10FE1000B70F10F83B00014053CF20F060F3D93208
:10FE200000461132002F4C2019250800570F70444E
:10FE30008222570F6E228FF28321370270206F7556
:10FE40001E008F1200F0B70F12F7370F70F03BD083
:10FE50000070570261773BC00000570261003BB061
:10FE60000060570261668215570261550F70C0200D
:10FE7000C662C652A6F2370270208F0401F0062235
:10FE8000A6F28F1240F16C208F2240217422542F51
:10FE90000D00C0044CC08F1FC0F16CC00D00C00429
:10FEA0004CC06F1FFFFF4DC0E1FFB70F10F83B00C4
:10FEB000014053CF20F060F3D93200461132002FB9
:10FEC0004C2019250800570F70448222570F6E22CC
:10FED0008FF28321370270206F751E008F1200F0A1
:10FEE000B70F12F7370F70F03BD0007057026177F1
:10FEF0003BC00000570261003BB0006057026166E2
:10FF00008215570261550F70C020C662C652A6F214
:10FF1000370270208F0401F00622A6F28F1240F102
:10FF20006C208F3240217422542F0D00C0040D0329
:10FF3000800319CF0C1082058FFFC1F159CF0C102F
:10FF4000C80408446DFF2EF5C84439F4140039F58F
:10FF500015006DFF27F5C84439F4140039F5160073
:10FF60006DFF58F5C824BD04140008C482056DFF58
:10FF700019F54CC108D2372F02F86CC14CC108E208
:10FF8000672F19F06CC14CC1B71F81FE6CC1C864EA
:10FF9000BC4E39F41C0039F51D006DFF03F5C86433
:10FFA00039F41C0039F51E006DFF34F508524CC1C0
:10FFB000372F03F06CC108524CC1372F03F06CC1CE
:10FFC0000090913005F8D9FF143601F402F6C8020A
:10FFD000009002430D05C00382244D40E0FF370F1F
:10FFE00062F53E43ADD08F004DC0E1FFB70F10F872
:10FFF0003B00014053CF20F060F2D92F0046113F63
:02000004805327
:1000000000FF4CF04826570F70448222570F6E2293
:100010008FF28321370270206F761E008F1200F05E
:10002000B70F12F7370F70F03BD000005702610096
:100030003BC00010570261113BB00070570261775E
:100040008216570261660F01C020C672C662A6F210
:10005000370270208F0401F00622A6F28F1240F1C1
:10006000680F8F224021680254FF0D00C004DF1387
:100070000E80820FA5FF000385FF00036F1FFEFFA8
:100080003BF03FF4A5FF0C033C08821FA5FF0003D3
:1000900085FF00036F1FFE7F4DC0E1FFB70F10F813
:1000A0003B00013053CF20F060F2D92F0046113FC2
:1000B00000FF4CF04824570F70338222570F6E22F6
:1000C0008FF28321370270206F741E008F1200F0B0
:1000D000B70F12F7370F70F03BD0007057026177FF
:1000E0003BC00000570261003BB0006057026166F0
:1000F0008214570261440F70C020C662C642A6F245
:10010000370270208F0301F00622A6F28F1240F111
:10011000680F8F324021680254FF0D00C0040D05A6
:10012000800300909130053854458202820FD93304
:100130002436A07F8F2F003001330026D7F20433FE
:100140005424C21F26542B234024FCF500909130E8
:10015000F1F939FF0BB43B60FF2FDF1F9780BFF42D
:10016000048082B200908F6400306032820FD92FF9
:100170000043110F00FF682F686F68BF3BF0FF233B
:1001800068A2680F681F8202BD0480009120F129D7
:10019000192F684BC5F2000301230026592F304068
:1001A0009120F129821FD922644B57F021C4492C98
:1001B00040080C40C2FF16FF8BAFA5F2EED30C41F6
:1001C0008B0FA1F2EECF404C02486DFF919C0CC00A
:1001D0004B0261214B0F61F14BF241207B1030F358
:1001E0001B2F96FD4BF241F04B0F21F17BB0863374
:1001F0001BB3183E4B3241204B0F61314B32512023
:100200004B0221213B000031C2FF0B3F30413BD06C
:10021000A9501B02DD3F0B5330312643DF03A37F80
:10022000913005288023680F1BC311461388215481
:100230004CC268126052687F54227BF000F01B3F72
:1002400030F026F20CC191000025D9223C87064FE0
:10025000A62F1922040091000025D9223087685F5B
:100260004C2191000025D9222487A62F19220400B1
:10027000A62F19C20C00262F68BF4CC1820296011E
:10028000682FB9CF100068DF00902018404F4DC094
:10029000E1CF7B30F199BD041901910000D580DFD9
:1002A0006092910000C51BCF23E780CF39220BB4A9
:1002B0001B0F23B77B0000F51B4F22A7DF02C08076
:1002C00082146DFF88FE99D23C877B0001251B823A
:1002D000492459A21400C9220400D9A40C00F9A28F
:1002E0000C00C922060059AE1000F9A20E006DFFE5
:1002F00062EC914005283928662A3B400D20768320
:100300003B800D2099D23C8759A20400D9A4040057
:10031000C9220400F9AC0A00F9A208006DFFF7F346
:1003200099C23087D9A40C0059AB1000C92204002F
:10033000F9A20C00C9220600F9A20E006DFF3BECE9
:100340003B500D2076833B900D2099C2308759A2F7
:100350000400D9A40400C9220400F9A208006DFF1A
:10036000D6F360F3D9A40C009932248759AA10005F
:10037000C9220400F9A20C00C9220600F9A20E004D
:100380006DFF19EC3B600D2076833BA00D2060F3E0
:1003900059A2040099322487D9A40400C922040078
:1003A000F9A208006DFFB3F39120F1E9D9EE684B93
:1003B00099D43C87DF0820806DFFB6FE8203023CA3
:1003C000022D49EC400899C430876DFFADFE7B10CB
:1003D00011311B131131023C022D49EC40089100F0
:1003E0000025992424876DFF9FFE7B2022321B234A
:1003F00022323C216DFF98FE7B4044341B43443441
:10040000023C022D49EC400899C430876DFF8CFEF8
:100410007B5055351B535535023C022D49EC4008A5
:1004200091000035993424876DFF7EFE7B6066362F
:100430001B636636023C022D49EC4008480260E22C
:1004400060E35922080099D23C87542260B25932A5
:100450000400481260B35922080099C230879130D5
:1004600005C8D9CC1C46542260A25932040060F35E
:100470004822993F248759220800820F480240CD24
:1004800059220400538F218001C8002699240400BA
:10049000BC4739240800392509006DFF83F201D8D3
:1004A00000F6C834BC4739F4100039F511006DFF6F
:1004B00079F2C21F8BFF2022DF02E6FF6092821FCB
:1004C000E92F0BB4820F3C2D6093820F39320BB4AD
:1004D000DF122880910000F5D9FF3C87681F91004A
:1004E00000F5D9FF3087681F910000F5D9FF2487F8
:1004F000681F820837087040A0046DFF2AFEC218EA
:1005000042F2370250F08BF82022DF02F5FF82041E
:100510006DFF61FD609F8202AB6FBFFFE9F20BB41C
:1005200002F20090F6431DFF29C382B2009020081A
:10053000024FF65E60F4910001F5D9FF9C032D0F88
:100540000000820F8B122022AB6F9F22009091201F
:10055000F1F999FF484BC84FD9A40800820289429B
:100560003FF4924582162D0F0000F62739A20700AE
:10057000DF02E27F3B60FF2F0090404C4054024F6F
:10058000405F6DFFD1FFDF0213807CF702F440C4AF
:100590006DFF6FBF7628009080C482156DFFC9FF84
:1005A000F6263CF502F440F41DFFEAC20090404FED
:1005B0004054024F405C6DFFB7FFF62C7CC502F43F
:1005C00040F41DFF91BF80F482156DFFB2FFDF0282
:1005D000F87F0090404F40540248025F0269405C3F
:1005E0006DFFA2FFF62E7CC70B8F1048029640F4D9
:1005F0001DFFB2BF80F482156DFF9BFFDF02F67F07
:100600000090024F02586DFF8FFFF6250BF810483F
:100610001DFFDABF0090404F40540248025F02695C
:10062000405C6DFF81FFF62E7CC70B8F1048029651
:1006300040F41DFF17C080F482056DFF7AFFDF02D2
:10064000F67F0090404F40540248025F0269405CD0
:100650006DFF6AFFF62E7CC70B8F1048029640F4A0
:100660001DFF63C080F482056DFF63FFDF02F67F2C
:100670000090F6431DFF1CC682B200902008024F76
:10068000F65E60F4910001F5D9FF9C032D0F000088
:10069000820F8B122022AB6F9F2200909120F1F9E4
:1006A00099FF484BC84FD9A40800820289423FF401
:1006B000924582162D0F0000F62739A20700DF02AF
:1006C000E27F3B60FF2F0090024F404F6DFFD3FF52
:1006D000F62902F46DFF7EC3F62502F440F41DFFF7
:1006E000E9C50090404F4054024F0B561088405CC3
:1006F0006DFFC1FFDF0212807CCA02F46DFF7CC374
:100700000B891048402440F51DFFBFC480F48215BA
:100710006DFFB6FFDF02F37F0090404F4054024F61
:100720000B561088405C6DFFA6FFDF0212807CCA6A
:1007300002F46DFF61C30B891048402440F51DFF92
:100740004DC480F482056DFF9BFFDF02F37F0090B4
:10075000404F4054024F405C6DFF8DFFF62F7CC828
:1007600002F46DFF49C340F540241DFF2DC480F401
:1007700082156DFF85FFDF02F57F0090805F404CA2
:100780001304218F405F80FF5F8F2600C804084458
:1007900008556DFF07F1C804084408C56DFF3AF11C
:1007A0004822DFF2100082244D40E0FF370F62F54F
:1007B0003E43ADD08F004CC2A6F259C208000D00D6
:1007C000C00408657655C80408446DFF62F1D9FF7E
:1007D00010003CDA009082B2F64C404F6D00F802F7
:1007E0009120F139D9336C4BB5320400E803820211
:1007F0000090CC41C804C8350CF43B60FF2F5E1656
:100800003B8000406DFFBCFF82020090CC41C804D9
:10081000C84582241DFFB4FFCC41C80F7B2000F0E7
:100820001B1F07F859FF1C020090CC41C80282240C
:100830004D40E0FF370F62F53E43ADD08F000D0312
:10084000C0034DC0E1FFB70F10F83B00014053CF8C
:1008500020F060F3D93F0046113F00FF4CF04825DF
:10086000570F70448222570F6E228FF28321370276
:1008700070206F751E008F1200F0B70F12F7370F40
:1008800070F03BD00070570261773BC00000570208
:1008900061003BB0006057026166821557026155E6
:1008A0000F70C020C662C652A6F2370270208F04B5
:1008B00001F00622A6F28F1240F1680F8F2240212C
:1008C000680254FF0D00C004820F57F021CF492C5D
:1008D00040080D00C0044C206F1FFFFF4DC0E1FF1A
:1008E000B70F10F83B00014053CF20F060F2D92F32
:1008F0000046113F00FF4CF04825570F70448222FC
:10090000570F6E228FF28321370270206F751E0001
:100910008F1200F0B70F12F7370F70F03BD0007056
:10092000570261773BC00000570261003BB0006096
:10093000570261668215570261550F70C020C6626A
:10094000C652A6F2370270208F0401F00622A6F2EA
:100950008F1240F1680F8F324021680254FF0D0062
:10096000C0040D0380030090CC41C80282244D4096
:10097000E0FF370F62F53E43ADD08F000D03C0039B
:100980004DC0E1FFB70F10F83B00014053CF20F0FE
:1009900060F3D93F0046113F00FF4CF04825570F48
:1009A00070448222570F6E228FF28321370270200B
:1009B0006F751E008F1200F0B70F12F7370F70F02F
:1009C0003BD00070570261773BC0000057026100C6
:1009D0003BB00060570261668215570261550F7087
:1009E000C020C662C652A6F2370270208F0401F002
:1009F0000622A6F28F1240F1680F8F224021680272
:100A000054FF0D00C004820FD92F1400821257200A
:100A100021CF49FC4008D92F1800572021CF49FC8D
:100A200040080D00C0044C256F1FFF7F4DC0E1FF43
:100A3000B70F10F83B00014053CF20F060F3D93FCF
:100A40000046113F00FF4CF04825570F70448222AA
:100A5000570F6E228FF28321370270206F751E00B0
:100A60008F1200F0B70F12F7370F70F03BD0007005
:100A7000570261773BC00000570261003BB0006045
:100A8000570261668215570261550F70C020C66219
:100A9000C652A6F2370270208F0401F00622A6F299
:100AA0008F1240F1680F8F324021680254FF0D0011
:100AB000C0040D0380030D04C0034DC0E1FFB70F58
:100AC00010F83B00013053CF20F060F3D93F0046CF
:100AD000113F00FF4CF04825570F70338222570F0B
:100AE0006E228FF28321370270206F751E008F12E5
:100AF00000F0B70F12F7370F70F03BD000705702BD
:100B000061773BC00000570261003BB000605702B4
:100B100061668215570261550F70C020C662C652C9
:100B2000A6F2370270208F0301F00622A6F28F1280
:100B300040F1680F8F224021680254FF0D00C0046D
:100B40008213D9221C00820F573021CF492C400834
:100B50000D00C0044DC0E1FFB70F10F83B0001507D
:100B600053CF20F060F2D92F0046113F00FF4CF028
:100B70004826570F70558222570F6E228FF283211D
:100B8000370270206F761D008F1200F0B70F12F73A
:100B9000370F70F03BD00070570261773BC0000008
:100BA000570261003BB00060570261665702613333
:100BB0000F70C020C662C632A6F2370270208F05C1
:100BC00001F00622A6F28F1240F1680F8F32402109
:100BD000680254FF0D00C0040D0480030090CC4156
:100BE000C80F82244D40E0FF370F62F53E43ADD081
:100BF0008F008212D9FF0800DA18572021CF49FC54
:100C000040080D00C0040090CC41C80406658FB4B4
:100C1000004059461401194F1001910001F5163C8E
:100C20009603A6F5A65459441001D9FF7C34DC0F75
:100C3000CC418B04A232C8023B60FF2FDF03388017
:100C40001B042FF08B04A122D02FF6251B842040FB
:100C5000012403F6F6754CF082C2BF0F29007B0019
:100C600000F4AB0F80F68F8501507B00F0632665A2
:100C70003953040039520500B7F5815F8F82002097
:100C80000F35A060A62639530300A6F60C528F83B9
:100C900001308F0F01F0A63F1453A6F30C518F8F34
:100CA00000200F23A0F0681F680682020090CC414C
:100CB0008B04A2F2C8023B60FF2FEE101B042F2012
:100CC0008B04A1F2012203F6EE051B8420400124CF
:100CD00003F6820F680F681F82020090CC418B04DC
:100CE000A2F2C8023B60FF2FEE2B1B042F208B04C7
:100CF000A1F2012203F6EE051B842040012403F635
:100D00004CF08282FF0F1D004CF08202068F2C55A2
:100D10004CF02C544CF18F8F1EF02C534CF18F0F54
:100D20001FF02C524CF1068F2C514CF12C504CF0F2
:100D3000370F66FC2C604CF0370F61FF2C70009071
:100D4000B7F50137405F82027B0000681BF4FF7F2C
:100D5000370270F07F4F138068066813804F682F4A
:100D6000D9F220005F720480805F3C02802F683FD0
:100D7000C212402F014500463CEC40541D0030009B
:100D80007B0002F46C408212DA1C572021CF494CC0
:100D90004008DA1D572021CF494C40081D0027008C
:100DA0007B20F1F91B4F53FB134420FF60F46DFFD0
:100DB00014FDAB0FA0F260F20090D444910001F555
:100DC000D9FF5444DC0FD4441DFF20FF538421F08D
:100DD00091300528D92204A610220090913005F800
:100DE000D9FF88E5C81FE8140090913005F8D9FFB5
:100DF00088E5C81FE80400901DFFE1FF1DFFE5FF27
:100E00000B56108802863BD00050404F024F405C8A
:100E10006DFFDBFF40F402F402963BE00050022A33
:100E20006DFFD3FFB7F8816740F402F442A23BD0D4
:100E30000050370270A06DFFC8FF40F442A202F4D8
:100E40003BE0005040C5370270A06DFFB8FF42A2E2
:100E500037027020AB92BF2200900B56108802869A
:100E60003BD00050027A404F024F6DFFAEFF40F47E
:100E700002F402963BE00050022B6DFFA6FFB7F88C
:100E8000016740F402F442B23BD00050370270B028
:100E90006DFF9BFF40F442B202F43BE0005002A61B
:100EA000370270B06DFF91FF42B237027020AB92F3
:100EB000BF22009099430800404FD432993410006B
:100EC0002008B9F40400D9A5060082152D020000FF
:100ED000C823D43299341000B9F404008215D9A57E
:100EE00006002D020000C9A2060037026121009011
:100EF00099430800404FD432993410002008B9F4C7
:100F000004008205D9A506002D020000DF0214802E
:100F1000C9A60600C823B7068165370670609932F6
:100F2000040099341000F9A60600B9F40400820503
:100F30002D020000009099430800404FD4329934AC
:100F400010002008D9A504000248025FB9F404008B
:100F5000822502692D020000C823D4329934100082
:100F6000B9F404008235D9A50600022A2D0200003A
:100F700042A2370270308292F63DB9A30400828209
:100F80005F830980C9A2060026920BF21021AB8272
:100F9000BF22009099430800404F993204009934D1
:100FA0001000B9F404008205BB000068DC02820670
:100FB0001DFEEAC62010404F6DFF7EFFDA40DF12B3
:100FC0007380C823D43299341000B9F40400820528
:100FD000D9A506002D020000B9AF06006FCF54005E
:100FE00039F21000820FDF022200C823D432993474
:100FF0001000B9F404003BA00050D9A508002D0250
:101000000000C823D43299341000B9F404003B9096
:101010000050D9A50A002D020000C9A20A00C9A3E8
:10102000080006222632370270F0C823D4329934E1
:101030001000B9F404008255D9A50C002D0200005F
:10104000C823D43299341000B9F404008245D9A5DC
:101050000E002D0200003B00C04026F4B9A20C0097
:10106000B9A30E007644370FE1253C1226328F02D9
:1010700018F1370250206E04370261243C11370208
:1010800061233C0A370F6124AE63AEDA3C05DA20F7
:10109000AB0F81F23C08822FAB1F80F23C04DA08D0
:1010A000AB4F80F202F2009091400528D922672AC6
:1010B0000090F6631DFF1CDB3B60FF2F00903B00A0
:1010C0000042BB00245ABB00FF6F1DFF36FF99434F
:1010D0000800404F99320400993410003B007DF025
:1010E0006C50B9F404003BF00150BB000068DC0216
:1010F0002008404F024A0B6510886DFFE2FFDF02B7
:101100004D80C823D43299341000B9F404003B1048
:101110000150D9A506002D020000DF023F808CA3FC
:10112000C8239601370F706099320400993410007B
:10113000F9A60600B9F404003B1001502D0200008E
:10114000DF022C8040F46DFFD5FEDF022780C8232C
:10115000D43299341000B9F404003B900150D9A561
:1011600006002D020000DF0219808CA3C823B71FE0
:1011700091679932040099341000F9A60600B9F479
:1011800004003B9001502D020000F62740F40BA90B
:10119000104802866DFF0DFF009099430800404FF4
:1011A00099320400993410002008B9F404003B205F
:1011B00001503BC003602D020000DF022380C823E2
:1011C000D43299341000B9F404003B100150D9A571
:1011D00006002D020000DF021580C9A60600C82304
:1011E0008F264061370670609932040099341000F0
:1011F000F9A60600B9F404003B1001502D020000CE
:101200000090994308002008404FD43299341000D0
:10121000D9A50800820F895FBEF4B9F404003B2011
:1012200001502D0200008CA33B00C02326F28B024C
:10123000202200908C4240422E03CC43C8120090E2
:1012400099430800404FD432993410002008024FCF
:101250003B100150B9F40400D9A506002D0200008E
:10126000DF024180C9A60600C8238F4640613706C9
:1012700070609932040099341000F9A60600B9F4A0
:1012800004003B1001502D020000DF022C80B9F356
:1012900004005FF3280040F46DFFCEFF992308009F
:1012A000402F99341000D432B9F404003B1001509F
:1012B000D9A506002D020000DF021580C9A6060090
:1012C000C8238F4640613706706099320400993414
:1012D0001000F9A60600B9F404003B1001502D02DD
:1012E0000000009099430800404FD4329934100018
:1012F0002008024F3B100150B9F40400D9A50600A4
:101300002D020000DF024180C9A60600C8238F46D7
:10131000C061370670609932040099341000F9A654
:101320000600B9F404003B1001502D020000DF025A
:101330002C80B9F304005FF3280040F46DFF7CFFBC
:1013400099230800402F99341000D432B9F40400D6
:101350003B100150D9A506002D020000DF021580C8
:10136000C9A60600C8238F46C0613706706099324F
:10137000040099341000F9A60600B9F404003B10EB
:1013800001502D020000009020086DFF55FF9923A9
:101390000800402F99341000D432B9F404003BB057
:1013A0000150D9A506002D020000DF021780B9A662
:1013B0000600370650F0FF0F1100C823B7069167EB
:1013C0009932040099341000F9A60600B9F404001B
:1013D0003BB001502D020000009099430800404F9F
:1013E000D432993410002008B9F404003B100150A5
:1013F000D9A506002D020000DF021380C9A6060051
:10140000C823B71691679932040099341000F9A6E1
:101410000600B9F404003B1001502D0200000090BA
:1014200099430800404FD432993410002008B9F491
:1014300004003B100150D9A506002D020000DF0278
:101440001380C9A60600C823B70691679932040025
:1014500099341000F9A60600B9F404003B100150BD
:101460002D0200000090200882B2FF2429809943B9
:101470000800404FD4329934100002483B200150FC
:10148000B9F40400D9A506002D020000DF0218807F
:101490008CA3F684B70F91F73C043B000028A62FDD
:1014A000C8239932040099341000ACA3B9F40400A5
:1014B0003B200150B9A606002D0200000090994380
:1014C0000800404FD432993410002008024F3B10DE
:1014D0000150B9F40400D9A506002D020000DF0276
:1014E0001780B9A206003BB0006057F20466C8231B
:1014F000370670609932040099341000F9A606008E
:10150000B9F404003B1001502D02000000906DFF63
:1015100093FE3B0018404024BB00D05DBB00FF6F32
:10152000402C6DFF0AFD9100F1F9D9FF3D06DA313B
:10153000762C40C43B001840BB00C85DBB00FF6F69
:101540006DFFFBFCF623DA32286F40F20090BA04FC
:101550008B8500F402F48B26606226643B60FF2FCB
:10156000AB02A02400906DFF67FE3B0018404024B2
:10157000BB00D05DBB00FF6F402F6DFFDEFC762A05
:1015800040F43B001840BB00C85DBB00FF6F1DFF6F
:10159000D4FC00903B007DF06C501DFFFDFC994D8C
:1015A0000C002008404F3B60FF2FBD0DB9000CD050
:1015B00002686E04DF1FB20000906DFFD6FFDF02ED
:1015C000AF808CF240F48F1FC0F1370F70F002F43F
:1015D0006DFF38FEDF02A48040F46DFFD7FEDF020E
:1015E0009F8040F46DFF1EFFDF029A80C823D43233
:1015F00099341000B9F404003B200150D9A506002D
:101600002D020000DF028C80C9A20600C823BBB0F7
:101610003F6B99320400993410002626F9A6060083
:10162000B9F404003B2001502D020000DF02788055
:1016300040F43BC000406DFF44FFDF02718040F486
:1016400002846DFF12FFDF026B80C823D43299340D
:101650001000B9F404003B200150D9A504002D026C
:101660000000DF025D80B9A204003B8000608213AD
:1016700057320266C82337067060993204009934E5
:101680001000F9A60400B9F404003B2001502D021B
:101690000000DF02458040F46DFFCEFD9923080075
:1016A000402C99341000D432B9C404003BB001502E
:1016B000D9A506002D020000DF023280B9A2060083
:1016C0003BC000605702623637037030DF331700CB
:1016D00082335732026699C3080037067060993228
:1016E000040099341000F9A60600B9C404003BB008
:1016F00001502D020000DF02138040F402F46DFF60
:10170000F3FDF62D40F482346DFFDBFEF628821FD8
:101710002CD03B30FF2F00906DFF61FE009099436D
:101720000800404F9932040099341000B9F40400C5
:101730003B6001503B006060DC0299430800404F71
:10174000D432993410002008B9F404003B50015001
:10175000D9A506002D0200008CA33B00602026F2D4
:101760008B022022009099430800404FD4329934D4
:1017700010002008B9F404003B700150D9A5060000
:101780002D020000B9AF06003B000420370F503097
:10179000CE393B00C021262F3A2F3B800030AB03CF
:1017A000882F0090538421909120F1F999F218FB31
:1017B00060932018303214220248025F6F220E001C
:1017C000D9A40C000B5410486DFF50DB8293DF024C
:1017D000688039A215003C1392F2FF426180D9A4BF
:1017E0000C000B5410486DFFE2DA8293DF0259803F
:1017F00039A217008B820032DF03528099FF18FB59
:1018000001F900F608036F233A008BB200223B6017
:10181000FF3FDF024680D9A402000BF810486DFF9D
:1018200025DBDF022A80D9A40C00820402F502869F
:101830006DFF64DADF02218039A30B00DF230B8008
:10184000E9A30D00E9A30F00E9A31100E9A3130028
:101850003C09E9A20D00E9A20F00E9A21100E9A2EA
:101860001300D9A40C00820402F502866DFF5BD937
:101870008203DF02160082933C138BB22022F628EB
:101880000B8F1048D2166DFE91C302233C0992E2E1
:10189000FF2206800B8F10486DFF5FDF820302324C
:1018A0000090C2F63706706082F28B06A2F2EE1943
:1018B000821F7B1000380F6F00F01B03003826F3E7
:1018C000F6378F8F0831F6361603EE060090822623
:1018D0003C0482163C0282066DFE86C5AB92BF2296
:1018E00000909120F1F999FF784BC8020646200834
:1018F00019221800D9A5080013C422F248A20259DF
:1019000060F2130421F21428404C60FFB70615F270
:101910000284C6F6B7F6816F40F489563CF5A006FE
:10192000821582066DFF70E7F629028440F440C5F7
:10193000A006029582166DFF67E78B0220220090B9
:101940009120F1F999FF784BC80206462008192228
:101950001800D9A5080013C422F248A2025860F268
:10196000130421F27B00E027142960FF8F9501F01A
:1019700026F2B70615F2404CC6F6A62689563CF567
:10198000029440F4A006821582066DFF3DE7F62919
:10199000029440F440C540C6028582166DFF34E7CC
:1019A0008B0220220090404C82093B60FF8FCCC00C
:1019B0008FF90F3139FF1C007FF333804865029F98
:1019C00016FF02F813CF22F599CD2800820260FF9E
:1019D0008FF20F6108047F360A8013C222F5C2120B
:1019E00060F20C205FF4F6FF3C0482156DFFF9E411
:1019F00008040815D9F402006DFF10E6DF02248008
:101A000001D803560158035608040815D9F40C00F0
:101A10006DFF47E6C2190228DF02CB7F3C14DF08C6
:101A2000138091300548D94480516DFF72DA9130AE
:101A30000548D944A2319120F1F96DFF6FDAB5FC68
:101A4000784B3C033B60FF8F02820090913005F899
:101A5000D9FF3CC601F502F62008480B8F861F20EF
:101A6000D9AE080089E23CF5026F1BCB3F608215BE
:101A700006E640E40249027A6DFF7BDA0228829290
:101A8000F68E16FF134F206B0294821506E640E493
:101A900059AA04006DFF6DDAAB98BF220090913017
:101AA0000528D9223CC6012502262008542A8F8603
:101AB0001F20D9AE080089E23CF5026F1BCA3F60C7
:101AC000404F821506E640E402496DFF52DA0228D3
:101AD0008292F68E16FF134F206A0294821506E654
:101AE00040E46DFF20DA5801AB98BF22A80F0090A8
:101AF0002008D9AE08000249820F89EF3CF53BF07F
:101B00001F400295910001F56D006A00D9FF185140
:101B10002D0F00007B00E0AA1B1200B01BEA30A0D2
:101B200040E402946D006B0002282D0F0000580164
:101B30000B2B5021B70F01FCAB3880820BAF10315B
:101B40008B080034DF03EEFF028200901D00760751
:101B50002010820FD9A41000780178037BC00160A7
:101B60007B0001F0894F38F582151B060466910051
:101B700001F50248D9FF18516DFFFBD92D0F000068
:101B80007B00709B1B4200A01BF930907BC0016062
:101B9000028482151B460566D9A40C006DFFC3D9CB
:101BA00019A30C00022F19A2080026235F23088026
:101BB000D9A4040002846D002200022F2D0F000022
:101BC0000B2A5021AB3F80F219A204000B92103176
:101BD0008B0F0034DF03DCFF02F2009020088FF44B
:101BE0001F41D9A408007B00016089443CF51B0615
:101BF0004460025482151DFFBCD92008404F820F5B
:101C0000D9A40800894F3CF582157B00FC636DFF69
:101C10008AD95801680F00902008404F8215D9A436
:101C20000800820F894F3CF59B05FC636DFF7BD953
:101C300058018B0F40322803370F613F2813370FAD
:101C4000E13E2823370F613E160F2833284F0090BE
:101C50002008D202404FD9A40800894278F57B00C1
:101C6000FC638225C23640A46DFF5DD9580019A7D8
:101C700004008F8F1F302803370F61328F071F60DA
:101C80002813370FE1318F0701702823370F613197
:101C90002833370FE13028438F1F00318F0F1FF09B
:101CA000531F404028530F7FA0400F65A0308F8303
:101CB0001FF0286F774300F42873288F774300F8CC
:101CC0007743003C289F28A328B400902008404F69
:101CD000820FD9A408007B00FC63894F3CF5821574
:101CE000C2766DFF20D958018F0F1F30A8038F8F48
:101CF0001F302823370F61322833370FE131370F78
:101D000061F12843285F00902008D9A408007B00D7
:101D1000FC6389443CF51B760160025482151DFF6B
:101D200028D92008D9A408007B00FC6389443CF52D
:101D30001B960160025482151DFF1BD99120F1F9F9
:101D400019FF18FB1385212F602F0CF0AE231DFF08
:101D5000EAFF1DFFDBFF14427B0000F8AB0F80128F
:101D6000394201007B0000F1AB0F800239420200D2
:101D70007B0080F0AB0F8072394203007B0040F0A3
:101D8000AB0F8062394204000C46AB82A05239424C
:101D900005002008AB42A03239420700AA2FA61244
:101DA000A602A672A662A652A632A62FD9A4080041
:101DB0007B00FC63894F3CF582151B8601601DFF8B
:101DC000D8D82008404F820FD9A408007B00FC63BC
:101DD000894F3CF582151B8601606DFFA4D8580120
:101DE0008B0F40322803370F613E2813370FE13D38
:101DF0002823370F613D2833370FE1312843370F50
:101E000061312853370FE13016012863287F009095
:101E100014427B0000F8AB0F8012394201007B00B6
:101E200000F1AB0F8002394202007B0080F0AB0F63
:101E30008072394203007B0040F0AB0F8062394270
:101E400004000C46AB82A052394205002008AB4288
:101E5000A03239420700AA2FA612A602A672A662D5
:101E6000A652A632A62FD9A408007B00FC63894F96
:101E70003CF582151BA601601DFF7BD89120F1F96E
:101E800019FF18FB1384212F602F0CF0AE231DFFC8
:101E9000C1FF1DFF62FF2008404F820FD9A4080038
:101EA0007B00FC63894F3CF582151BA601606DFF2A
:101EB0003AD858018B0F40322803370F613E281360
:101EC000370FE13D2823370F613D2833370FE131CC
:101ED0002843370F61312853370FE130160128634B
:101EE000287F00909120F1F919FF18FB1384212F0E
:101EF000602F0CF0AE231DFFD0FF1DFF64FF533693
:101F00002060200874A41B96016059A50400027487
:101F100082259B06FC6340A41DFF2BD8533620600E
:101F2000200874A41BB6016059A504000274822520
:101F30009B06FC6340A41DFF1CD89120F1F919FFFA
:101F400018FB1387212F602F0CF0AE231DFFE8FF35
:101F50001DFFD7FF144539420100B94302003B0081
:101F600000F2AB0F80558FE200207BE0FFF18F1372
:101F7000013026F3B70203F72020C6F2A6230F5341
:101F8000A0F0394304007B000022AB0280333942C9
:101F90000500A6F37B0000F4AB0F80F20FF3A02046
:101FA000394306007B0000F8AB0F80F3A62F3942BF
:101FB00008007800AB22A0A2394209003B0010F0D3
:101FC000AB42A09239420A0039431500AB82A0828D
:101FD00039420B00394D0700AB02A11239420C0007
:101FE0008F9301C0AB02A20239420D00A6CDAB0215
:101FF000A47239420E00394B1400AB02A862394278
:102000000F008F6B01B0AB0F8052B9421200394EF6
:1020100010008FA20020B7020CC53B0020F0C6C202
:102020000F2DA0C07B001C20262B0FBCA020A6A239
:10203000A692A682A612A602A672A662A652AB0F0E
:1020400080FEA62F7801B94F16000693061FA6F34F
:10205000B94F18008F1F0120A6238F1F1F80394FF3
:102060001A0059A308008203FF3F0880914005F839
:10207000D9FF6F2A10FF080306138F6300613943ED
:102080001B00B9421E0006338F830F1139431C0019
:102090008F9200203B0010F0AB0F8053B7028934C1
:1020A0007BC07F700F23C000B9432000B9422400D9
:1020B0008F23013026378FC20130A683A613A603D3
:1020C00039492200A673A6637B0080F0A653AB0FAC
:1020D00080F9A63F7803B94F2600370265223B00FE
:1020E000FE63065F266FA62FB9422A0039452800F5
:1020F0008FF20030B9422C00394834008F820170D1
:102100000F7FA060B70389F737026124C63F3B0009
:102110000034A66FAB0380550F5FA03059A31000A9
:1021200039432E003BC07F60AB23A053B94330003E
:102130007B0001F0062326630F32A060B942320013
:10214000B94336008FB20020B70289058F53017062
:10215000C620B9423800AB0F80F88FE201100F168D
:10216000A0300F03A0607B00FE332673A663370206
:102170006761B9423C00A6538F820020A63FB70298
:10218000090439433A007805AB03A8530F20C0F087
:10219000B9433E00B94202100FF6A0008F13013080
:1021A0008FB201707BE03F602636394100100F701E
:1021B000A030A6637B0040F0A653AB0F80F1A63F92
:1021C0007806B94F04103B00FF51064F3702E42256
:1021D000265FB9450810A62F8FE50020B9450A10E3
:1021E000394306108F7501600F6FA050B70209F7D1
:1021F0007B00FC63C62F3B000022A65FAB0280334E
:102200000F3FA0203B8000501BB6046040A459A2A1
:102210001C001DFFAED614433B0000F1AB0F8053F2
:10222000B94302000C418F0301307BF0FF202632BE
:102230008FDF00F0BB00003E263F0FF2A030394296
:1022400004007B0000F1A653AB0F80F20FF3A02037
:10225000394305007B0000F2AB0F80F30FF2A03092
:10226000394206007B0000F4AB0F80F20FF3A02090
:10227000394307007B0000F8AB0F80F3A62F3942EB
:102280000900394A1500AB22A08239420A00394CB4
:102290000800AB42A01239420B008F8A01A0AB822A
:1022A000A00239420C000FCAA0B0AB02A1723942A1
:1022B0000D0039491400AB02A26239420E008F5959
:1022C0000190AB02A452B942120039430F008F9221
:1022D0000020B7028CA42020C6A20F2BA0A07B0058
:1022E0000E2026290F9AA020A682A612A602A67268
:1022F000394D1000A662AB03A8337800A6523B000C
:1023000010F0A632AB0F80FDA62F7801B94F180050
:10231000B94216008F0F01F0A62F7802394F1A002C
:102320008203FF4F0880914005F8D9FF722A10FF01
:10233000080339411B00B9421E0006318F9200206C
:102340008F810F71B70289148F73006139431C00AC
:102350003B0010F0C612AB0F80530F27A010B943FB
:102360002000B94224008F2301308FC201007BC0BE
:102370007F7026370F01A03039482200A673A6636C
:102380007B0080F0A653AB0F80F8A63F7803B94FCF
:102390002600370265223B00FE63065F266FA62FEC
:1023A000B9422A00394528008FF20030B9422C008A
:1023B000394834008F8201700F7FA060B70389F71E
:1023C00037026124C63F3B000034A66FAB03805543
:1023D0000F5FA03059A3100039432E003BC07F602F
:1023E000AB23A053B94330007B0001F006232663E2
:1023F0000F32A060B9423200B94336008FB20020DC
:10240000B70289058F530170C620B9423800AB0F5F
:1024100080F88FE201100F16A0300F03A0607B0040
:10242000FE332673A66337026761B9423C00A653A8
:102430008F820020A63FB702090439433A0078058D
:10244000AB03A8530F20C0F0B9433E00B9420210BD
:102450000FF6A0008F1301308FB201707BE03F6058
:102460002636394100100F70A030A6637B0040F083
:10247000A653AB0F80F1A63F7806B94F04103B007E
:10248000FF51064F3702E422265FB9450810A62FF8
:102490008FE50020B9450A10394306108F75016099
:1024A0000F6FA050B70209F77B00FC63C62F3B00FB
:1024B0000022A65FAB0280330F3FA0203B8000507C
:1024C0001BD6046040A459A21C001DFF52D59120C8
:1024D000F1F919FF18FB1384212F602F0CF0AE23A4
:1024E0001DFF9BFE1DFF38FD14427B0000F8AB0F63
:1024F000805239420200394601008FF201317B00DF
:1025000000F20F35A020AB0F80F62008A62FD9A42B
:1025100008007B00FC63894F3CF582151B36056083
:102520001DFF27D514427B0000F8AB0F80523942C3
:102530000200394601008FF200317B0000F40F35B4
:10254000A020AB0F80F62008A62FD9A408007B009E
:10255000FC63894F3CF582151B5605601DFF09D5AC
:102560009120F1F919FF18FB1384212F602F0CF033
:10257000AE231DFFD9FF1DFFB9FF2008D202404F37
:102580001BE40760D9A40800894278F59B06FE6128
:1025900002540616822540A46DFFC5D45801681F59
:1025A0005800680F00902008404F820FD9A40800FF
:1025B0007B10FC63894F3CF582151B0600646DFFA0
:1025C000B2D458011601280F00902008404F820F06
:1025D000D9A408007B10FC63894F3CF582151B16BB
:1025E00000646DFFA0D458011601280F00909AF4E2
:1025F0008242FF4F0880914005F8D9FF792A10FFE9
:1026000008020090202040A27B00FC63404FD202D1
:10261000A03389224801FC3E40A43B8000501BD6D9
:1026200004606DFF80D458000228370F612628020D
:10263000370FE3262812370F6C28A812370F612EA8
:102640002842370FE12E2852370F612FFA0F287FCB
:10265000580128628F1F00212882370FE12028921D
:10266000370F612128A2370FE12128B2370F6122ED
:1026700028C2370FE12228D2370F612328E2370F13
:10268000E12328F2370F6124E9F21000370FEC2420
:10269000A892370FE32A8F8F1EF0E9FF150058022A
:1026A000E9F21400A8BF8F0F1FF0A8CF58038F7F47
:1026B00000416DFF9EFFE9F21A00370FE52119A3D3
:1026C0001000E9F21B00370F6124E9F21C00370FFC
:1026D000E924A8F2370F6929F9F22000370FE12D1C
:1026E000E9F222008FF3012177F200F2F9FF2400D2
:1026F0003703E9F2F9FF2600370361F7E9FF280005
:102700003703E9F7F9FF2A0058058F1F00217732B8
:102710000034370FE120F9F32C00E9F22E00370FD7
:10272000692119A31800F9F23000370FE925F9F2F1
:102730003200370F612AE9F23400370FE92AF9F243
:1027400036008FF3072177F200F1F9FF38003703E5
:10275000E1F3E9FF3A00370369F4F9FF3C0037037E
:10276000E9F8F9FF3E00370361FDE9FF0010580763
:102770008FFF002177328032370F6922F9F3021080
:10278000F9F20410370FE126E9F20610370F692736
:102790008F9F1EF0F9F20810F9FF0A1002820090D4
:1027A0009AF48242FF3F0880914005F8D9FF762ACB
:1027B00010FF08020090202040A27B00FC63404FE5
:1027C000D202A03389224801FC3E40A43B80005045
:1027D0001BB604606DFFA7D358000228370FE1260F
:1027E00019A308002802370F63272812370FEC2897
:1027F000A812370FE12E2842370F612FFA0F286FEA
:10280000580128528F1F00212872370FE12028829B
:10281000370F61212892370FE12128A2370F61225B
:1028200028B2370FE12228C2370F612328D2370F91
:10283000E12328E2370F612428F2370FE124E9F27F
:102840001000370F6C25A892370F632BE9F21400A4
:102850008F13002177F280F3E9FF15008FF31FF04B
:10286000A8BF58038F1F002177328037370FE2400F
:10287000A8C36DFF97FFE9F21A00370FE52119A3EE
:102880001000E9F21B00370F6124E9F21C00370F3A
:10289000E924A8F2370F6929F9F22000370FE12D5A
:1028A000E9F222008FF3012177F200F2F9FF240010
:1028B0003703E9F2F9FF2600370361F7E9FF280043
:1028C0003703E9F7F9FF2A0058058F1F00217732F7
:1028D0000034370FE120F9F32C00E9F22E00370F16
:1028E000692119A31800F9F23000370FE925F9F230
:1028F0003200370F612AE9F23400370FE92AF9F282
:1029000036008FF3072177F200F1F9FF3800370323
:10291000E1F3E9FF3A00370369F4F9FF3C003703BC
:10292000E9F8F9FF3E00370361FDE9FF00105807A1
:102930008FFF002177328032370F6922F9F30210BE
:10294000F9F20410370FE126E9F20610370F692774
:102950008F9F1EF0F9F20810F9FF0A100282009012
:102960009120F1F919FF18FB1384212F602F0CF02F
:10297000AE231DFF49FE1DFF20FF4DC0E1FFB70F35
:1029800010F8910000451B7F89439B5462408215DB
:10299000D94408A76DFFA8DF762200A0009091001F
:1029A0000025D92F08A78202821FF92208A7A812A2
:1029B0008202681F6822683F684282244D40E0FF1F
:1029C000370F62F53E43ADD08F009140002F824F0C
:1029D000D9220C192C2391000025D9220CA7821C86
:1029E000820D0D008004492CC008DF0CFEFF681228
:1029F0000090024F0B5610486E1292F28F32402117
:102A000026F2F62D913005F819F204D57F250880BD
:102A10004BF41122F63402F61DFF27E2A0020090CB
:102A2000913005F8D9FFF6C601F401F608140CF050
:102A300003450A4F1D00B900538421B09120F1C90C
:102A400020080248820CD9CC18FB821D825EA04D62
:102A5000A0BECCC060B28FFC0F51302F39FF1000E8
:102A60007FF53280483302CF16FF13CF20F3820A5E
:102A700060FF79F2090076258B120022AB2D80A22F
:102A800008B9DF190E00769780EF8B390092AB2FD3
:102A900080993C0908A980DFAB0F80993C0408A904
:102AA000AB1E80990284D9A407006DFFFDD339A421
:102AB000070002850BA910686DFE0CBDC21CDF0269
:102AC000CA7F3C028202009014423B0080F08F02D9
:102AD0000180394201003B003010AB0F80023942C7
:102AE00002000C468F820020262139420300200874
:102AF000AB02A87239420400AA2FAB02A462394289
:102B00000500AB42A03239420700D9A40800A682D2
:102B1000A612A602A672A662A6321B440060A62FC9
:102B20009B8600600254894F3CF5821506161DFFF6
:102B300020D23942010014463943020006228FC2D6
:102B400003213B0080F0AB0F80F62008A6321BB4B7
:102B50000060A62FD9A408000254894F3CF58215C5
:102B60009B0601601DFF05D214427B00F0F139473E
:102B70000100394302008F8201201365204426F2B0
:102B80003B0080F02008A632AB0F80F7A62FD9A417
:102B90000800894F3CF51B3401F0821502649B0F3D
:102BA00001601DFFE6D19AF48B5FA1328202F637F5
:102BB000914005F8D9FF7D2A10FF080200906F565A
:102BC0000C808B0602713256174580270F65003046
:102BD0002B42402600908B06026032560F65002083
:102BE00082030090404276466043B0F3045424448C
:102BF000FC3E0090764EC2F460430442045F5FF2F4
:102C000008000BF250218213ABF39F220090FC3698
:102C1000820200907B0002200B2530F1024A025410
:102C2000EE08B70A95F56E05B70A0BA0B7FA81A5AD
:102C30006D007E020B23104882067B001F746D001E
:102C4000140102A40B2310886D0072020B89104836
:102C50000B2310686D00ED000B2310481D004A0285
:102C60002020D9A4200089442CF5D9A510006D009E
:102C70000D0319A21C0039A410008FE21FF08FE28F
:102C8000012074A2780119A5140019A618001D00CE
:102C900022020C404042BF2FCB8014524052BF2230
:102CA000C7805E4E4042DF42C380194204004C514F
:102CB0005FF2BE00913005F8D9F244B60090405260
:102CC000DF42B600DF2211804042DF2FB180406337
:102CD000A04F444F643FFCFE4C2119520400406257
:102CE000262F6C6100904052DF2FA2004C421952F7
:102CF0000800406F52230B30C0C18B0C8442405CF3
:102D0000404D094A4C0909584C09DF043580BF136E
:102D100019000B89104802C66DFF53FFD21402C67A
:102D2000022E023D6D00A5028BF29F208BF3BF3077
:102D300026822693A62302E88B03008502D93C2134
:102D4000DF0320000BAB104802C66DFF3AFFD21420
:102D500002C6022E023D6D008C028BF29F208BF387
:102D6000BF3026A226B3A62302EA42CF8B0300A5DA
:102D700002DB3C073FF20500022FD20A3C02D208D8
:102D800019D4040019C204005F2434000B8AC02047
:102D90000B9BD03076450BA8C0200BB9D0300E3736
:102DA00082046814682F89F24C093C0C682F8B034D
:102DB00000F182148B020031ABFF1FF268146833FC
:102DC000684F82F506C5483248438BF29F608BF30B
:102DD000BF403A548BF63FF40B54A0F26E124CF203
:102DE00077238030C2FF061268326843682F3CECBC
:102DF0000BA84020682F0BB950F068146832684F58
:102E0000823F280F4CF47B0000420B4F3031483298
:102E100040F2F63D8F120031772F802F06FF96008B
:102E2000684F4CF2A632C21F6832682F00902050C3
:102E3000D9A40400D9A5140089A4440989A64C0981
:102E40006D00F502D9A40C00D9A528006D00EF0291
:102E5000D9A41400D9A52800D9A63C006DFF1BFFFA
:102E600040241D005B022050D9A40400D9A5140001
:102E700089A4440989A64C096D00D902D9A40C0083
:102E8000D9A528006D00D30239A31400FF230C80BC
:102E900019A21800580BD9A414000BF210F17806EF
:102EA0001D00B30039AF2800FF2F0C80580B19A26A
:102EB0001800D9A428000BF210F1780B1D00A50012
:102EC000DF43098091300548D94444B6DF2F9D0087
:102ED0003CE05E4891300548D94444B6DF23950074
:102EE0003CE6DF23D77FDF2FE37F580819AB38009C
:102EF000D20019A0340073BF6860820C730F684061
:102F000019AA2400820203CF0A7703B20A77031FAB
:102F10000A5503020A55820D03A0682603D00A331E
:102F200003A10A330B54100842203A730B6250F28B
:102F30000B37A0F28B0F00623A500B4150F20B0599
:102F4000A0F2BA0F531F40400238820903AB682831
:102F5000025F03DB0A33426F03AC0A330B4F106886
:102F60000B6240400B735020580719A3300019A57D
:102F70001800423F19A32C00C24F0B35103159A342
:102F800000107B0000520B525031DF031B008F14E6
:102F9000003176378FF01F307710801FB7F3810F25
:102FA0007742804FC21F06F23CED77428020061424
:102FB000CE048F144051025477108000C2FF0611D6
:102FC0007B0000510B523031DF03F1FF7811024FCB
:102FD00016FF8B0F28F2EE0FA610774200FC8B0035
:102FE00020020FF0E00076078B0488408B02A020BF
:102FF0008FF4CF41D9A41010823F59A4081059A2D0
:103000000C10894F2CF41D008901203840A4D9A54B
:10301000100089A4400989A648096D000802D9A4B6
:103020000800D9A524006D00020239AF10008212F9
:10303000BF2F0C8039AF2400BF2F0880D9A4100007
:10304000D9A524006D0049020090203840A4D9A5DC
:10305000100089A4400989A648096D00E801D9A497
:103060000800D9A524006D00E20139AF10008212DA
:10307000BF2F0C8039AF2400BF2F0880D9A41000C7
:10308000D9A524006D00290200902018823F2CA4AD
:103090008F141EF07802F644822F2CA43C166E0981
:1030A0007B0000F882027B001E3C5FF41300325468
:1030B0000F04B0F11BDF016082056D00DA008BFFA9
:1030C00001F189A250097803D9A404006D002601FA
:1030D0000090201809A25809D9A40400E9A404000A
:1030E00059A5080059A60C0089A250091D00160117
:1030F0002020D9A42000894464F5D9A50C006D00D6
:10310000960119A7180019A21C0039A40C007772A7
:103110000021B707027F02238F12402119A510005A
:1031200019A614002B3240771D00ED002018820FE5
:103130007802F644822F2CA43C0F823F2CA40F046B
:10314000B0F11BDF016082056D0093008BFF01F180
:1031500089A250097803D9A404001D00DF000F677D
:10316000A0200B4510A8026F027CD2F8DF024600B7
:103170008F074021F62D4B6B1182D20402A4429599
:103180006D00FE0182040285131240843C360B7BE5
:1031900000210B6430220B7BA022D208DF022E809C
:1031A000774B805F0F07B0D1605F0B67104802D686
:1031B0006D005F008FFB1FE080F4023602E56D00BA
:1031C000DF018BFD01D18B0D00310F320030023257
:1031D0008BF29F8023F868AA82038BF3BF9023C8E9
:1031E0000ABB23F90ABB0BCB00410BFA30420BCBD5
:1031F000A042F6430B2310880B89102800900F671C
:10320000A090026FD200769C027A0B4510886DFF69
:10321000A8FF23F2680823A20A1123F30A110B0165
:10322000102800908056804240427F620F80604F9D
:10323000A0030132104001360056FDF0030000905B
:103240001452B01334423CF6604F1BF4FF5F02424D
:103250000B4280301A5360F4C2F201421030014632
:103260000046FDF003000090144334333CF26F56E7
:1032700007800F6400201745803600908B061E6083
:1032800082020F64003000905443370377F0370315
:10329000E82B8F131E3059530400DF021880EE0311
:1032A000822F3C193B20F82F5952080082323452A9
:1032B000067F3B10F82F7B000044061F0223C2F25A
:1032C0003F4FFDFF595308003C1B8BF22F32F63F56
:1032D000EE04824F2C5000907B00042026F27622D0
:1032E0008212B70F01FB3452067F3C0A1B12F82FE3
:1032F000067F59520800B7FF01FF823234526C53E7
:103300000090201040A434A459A5040059A6080038
:1033100059A70C001D008201144219490C001948DC
:103320001000194C0400FF220B807798009C06883F
:103330000295B7188D493BF07FF03C6F3BF07FF072
:10334000D204DF426B000F89A0F08B2200328B0F7A
:10335000E034820FDF036280194208003B20C0FF87
:103360007FF23600A22F8B9F83428202DF041880F7
:103370000B98104802F66DFF24FCD21402F60B32B3
:1033800010A86DFF76FF8BF29F208BF3BF302629AC
:103390002638A69802B28B08002502A3022F16FF3A
:1033A0008B0F28F2EE078F0210F16E088B02882037
:1033B0003C038BF287208B03A0307B0000410B4342
:1033C00050F17723005C8F831F403C273B00403047
:1033D0003BF07FF07F322200029F16FF8B0F28F216
:1033E000EE078F0910F16E088B0988903C038BF96A
:1033F00087908B08A0807B0000320B3850F1EE04E0
:103400001BF23FF03C067798809F1B0240F006F8C5
:103410007798005C8F881F40D2023743144037F4FE
:103420000BFA025237CF813F0090194404005442F6
:103430003704745037046BFA8F141E40595404003B
:103440000253EE210F25A0F0EE03822F3C233B20F8
:10345000C0FF6C52823F772500342C508F820020B1
:103460003B10C0FF772380307B0000610B6330513D
:1034700002F40612C2FFDF05F7FF59540800595243
:103480000C003C273BF07F40FE470F25A0F0EE04E8
:10349000824F2C5000907B8000F0265F6E02821FCE
:1034A0002C50B70381F9772F00F48F8200405954D4
:1034B0000C006C5400901B1FC0FF772500346C5229
:1034C0008F820020823FB7F3013E2C5059520C00EE
:1034D00059531000009014438212BF2350800C50A7
:1034E000BF2F4D808B4300428B4F00220F24805012
:1034F0007656195204004C41A2F2009076471942C8
:103500000400821FABFFBF220090762719520400EF
:1035100082FFAB1FA0220090DF2306808202DF2FF4
:10352000F7FF0090DF2FED7F194504004C515FF548
:103530001980194208004C523F2F14003FF21C0022
:10354000194310001954100019470C0019560C00AB
:103550000B4300210B7650220B43A0223A43F62561
:103560008212ABF2BF2500900B6750F20B34A0F231
:103570008202EE0482F2AB12A0250090025382F286
:103580007F654B800F06B0210F26006017458052E3
:103590002B3540328F061F704B731102B70610880F
:1035A0000F240020020523070A13E2808F021FB0B8
:1035B000B7021028820C7B1000907F9509808F0144
:1035C00001F00B0C00A042BF7FAF07804271C2F533
:1035D000A28C3F91F4FF8F030130423B23650A6BBD
:1035E000820A4B7611027B100010020323070A6641
:1035F000E2807F1309808F0601F00B0A0090422FB2
:103600007F9F07804276C2F3A28A3F16F4FF8F05A0
:1036100001500B530020009014454C4319470400FF
:10362000FF250980370FF633B7F3013B3BF00F401E
:103630003C4F3BF00F408203DF454B008B2500627F
:103640008B0FE0648204DF064480194508008B2557
:103650009842DF0424808B2518518BA58142F64CBB
:1036600082120F5200208B050031C2F20F3F003052
:10367000262F8B0F00358FF307F18B0F24F2EE0608
:103680008F0308F1AB03043F3C031BF303307B00C3
:1036900000F40BF3504106933C1B8B0588623BF012
:1036A0000F40DF0616808FFF07318B032432F6367A
:1036B0008F0F0831AB0F04F33C031BFF03F01BF526
:1036C0000740CEF406FF1B0508408F9F1F30820283
:1036D000373217203742882B3772812F009082644F
:1036E0006DFE56B882146D0045009100F1F919F491
:1036F000D0B58FF41FF042F406246DFF30848202AF
:10370000402CBD0236009100F1D99120F1291924F5
:10371000405B99D5CCB540C406246DFF65FA910095
:10372000F1E919E2C8B599D5CCB519F4D0B5122391
:10373000A22401C302460152025606246DFF54FA28
:1037400099D4CCB59120F129D922445B7D24040081
:103750006DFFFF8319E2C8B5B5DCCCB542F259E282
:10376000C8B519F2D0B5422F59FFD0B582120090DA
:103770009100F1D99100F1C99100F1E9024FD9DD31
:10378000C8B5D9CCD0B5D9EECCB554D254C391007C
:10379000F1F97F320C80CCE01B12003074D301F2BF
:1037A00002F6C80F2D0F00003CF19120F1C9D9CCD1
:1037B000405BD9FDCCB554C2762AD4D2C2F274C2D1
:1037C00001220226D4222D0200003CF699F4CCB549
:1037D0009120F1C9D9CC445B7DC404006DFFB9834D
:1037E000B5FCCCB53B0005209100F1F959F2D0B5FC
:1037F0006E097BF0FF2FA6F2602E02F41D00170366
:103800003C088203BBD00029602E02341D000F0348
:1038100002F41D008F00804F1BF4FF3F8BB3A222E8
:10382000A0028BFFFF24B0F2F6299120F1F9D9FF15
:1038300044AB01F402F6C802E8040090794F00009E
:10384000795200007E256E0DB014B0153CF816FFBD
:103850008FF20F210B2F302182F3AB1380220090C7
:10386000820200908042804F60FF79F3000076333F
:10387000C21F3CFB52220090A00F01F5103001F452
:1038800010209F0403803C11792F00007932000042
:103890003E2A16FF8FF20F210B2F302182F3AB133C
:1038A00080220090B01FEEEA820200906043404206
:1038B000024F0BF48020015200F601220066FD3019
:1038C0000500820260FF3C0A79F20000DF02FB7F04
:1038D0003462C2FF3CEF3462B016FCFE0090200858
:1038E000D9A40800894478F540A41D000200B94F0E
:1038F00006003B00FF3726F3370370303B00FF27FD
:103900005F230B80160F8222EE13B94F0400EE10D6
:103910004C40EA120090B70F91F7EE07B94F040040
:10392000EE044C4082026E0482E2ABF2BF230090B0
:103930006D007D022008D9A4080089443CF51D00D3
:103940000200B94F02003B00F83726F3370370300E
:103950003B00F8275F230980167F8222EE0FB94FC4
:103960000000EA120090B70F81F7EE05B94F000092
:1039700082026E0482E2ABF2BF2300902008804AEC
:10398000405D024F406EBC63820274629100F1F9A7
:1039900099F3D4B560AF79F900008FF90F210132A6
:1039A000012694228F4214217623B01F3CF51B5927
:1039B000FD2F8FD20F21F623B01F3C033BB00290A6
:1039C0008B5FA2228B1FE02476268202BD0D810030
:1039D00074DA00906E168B0F2122DF02238079F2B9
:1039E00000008B022322DF021D8079F2010080F3A8
:1039F0008F02C2218B822522AB232032603F3C11F3
:103A000079FF00008B0F2322DA0AF62B79FF0100E1
:103A10008F0FC2F18B8F2522DA08F623B02FDA1030
:103A200040FC79C200008B0203227623B01C3CFAD2
:103A30007B4005E89100F13980CD820C82081B8E15
:103A400057EAD9331806D43279C2000060E4012263
:103A5000012602F59424B5A304006D008C0099A3FF
:103A60000400BC2A8022028CA2E2370248B0B01CBB
:103A700003F80A8B3CE97DCFAA7F914005F8D9FF76
:103A8000535A10FF80C279F30000A2D2A232BF02C3
:103A90001400F6290BB880203F2806804BF2112233
:103AA0005FC20B00DA229120F1F959FF7C4BBCEE8A
:103AB000821F6CE03C0B8BD922928B0800F12B8F7C
:103AC00050890282BCD5F4DC009082F83CFB009067
:103AD000A0061DFF55FF404C405F79CF00006E38B7
:103AE00048424CF67FF206808CF06FAF15003C0820
:103AF00040F46D005B00FF02F97F82F2009040C449
:103B00003BA000406D004300402D01C22020802FCB
:103B1000C21F7CD640C46DFFA7FEA00D022FC84473
:103B200048628043A2327FF20480022FA00D40C57C
:103B300002F46DFF59F8484210CC422F684FBD0D7A
:103B4000CE7F40F46D00E200DF02C97F3CD78CF0ED
:103B5000AEB98CF03B00C020262F6E0A4843686344
:103B60003C0740F46D00D200DF02F57F3CC78202C3
:103B700000908FF40F419F050480A00200900C403C
:103B80003E43B0143CF94042009037044840820F55
:103B90007942000080450B4210312B5F40F37623C1
:103BA000B0143CF760F2009019421000194318005D
:103BB000404F820F3F324D80B94F00003B2000390B
:103BC00026F3DF231000370F50F03B0020208B0F2F
:103BD00040323B0020442B424023A62FAC4082FFC2
:103BE0003C373B000036263F3E358CF06FBF2880C7
:103BF0003C0A4C433FF2FBFF6D00880082FFDF026E
:103C0000F67F3C26D9F20C104CF28022FE283B00B5
:103C100020406DFFA481E8227C27D9F20D10682F87
:103C2000684FE8323C0A8CF0D92300809640A80FF8
:103C3000E842E833E8C2E8D26D000D004CF34824B6
:103C4000686F8CF06854B7FF82F6A80F820F02F2FB
:103C500000909130F1F979FF21C4EE0A91300548C6
:103C6000D944DA33822F6D008F00E9FF21C4009020
:103C7000404F82F2BD0432008C4016036E034C416B
:103C8000CEFB40F46D009C00DA099120F1F959FF58
:103C90007C4B82F200906D003900022F88026F6227
:103CA0000500C8246DFF55818208682848146D00FE
:103CB000AE0099F40010ABFFBFF2BC4B6D00BF002B
:103CC00099F40010ABFFBFF26DFF438159F800106B
:103CD00040F46D00750002F200909100F1C9820F6E
:103CE000D9CCD8B590CFC804BC4A94428F320021B9
:103CF0007626194204000E236DFFBCFFC21F8B4FB6
:103D00002122DF02F1FF0090404FBD041980910095
:103D1000F1C9820F8208D9CCD8B501C802F6C8040F
:103D2000BC476DFFF3FF8B028022ABFF9FF2C218EE
:103D30008B482122DF02F3FF02F200908C408202C6
:103D40006FDF21004C4248457F5F148060F44814C7
:103D5000A2F56D0068004E2B4CF282F2684F686F3E
:103D600068DF8CF0B7FF81F4A80F0090422F3CEC85
:103D70004CF28202684F686F68DF8CF0B70F81F6F3
:103D8000A80F00909100F1F99120F12919FFC8B511
:103D90001922405B404C3FF207806DFFA8FCF623E0
:103DA0006DFF9FFC9100F12919FFC8B59922CCB590
:103DB000C2FF59FFC8B5902FE80C00908C401680C8
:103DC000370F70F06E139100F139820FD933D8B5E7
:103DD000C50F13009032D4257D450580820F6C20DD
:103DE0003C03C21FFCF81DFFB480D94F0C10AC403F
:103DF000EC4282FFEC44EC45EC4CEC46EC4DEC47DD
:103E0000D94F2C006C41EC480090822C1D0005001D
:103E100000905F76696F00A06D001C00742C02B2E8
:103E20000090825C1DFFF9FF00907643604E3C04D9
:103E3000BBD000F960FE00A03C00404F6D000800C0
:103E4000CE2440F41D000B008202009082F200900C
:103E50009120F129D9227C4B0090827C1DFFDDFF4F
:103E60000090910005C8820FD9CCCCF310CFC2CFFF
:103E7000C80F80F2DFF205002D0F00003CF8009023
:103E80000000000070170000280003000A00000076
:103E9000102700008813000002000000F401000059
:103EA0000003000011C0030003000500643F5380BD
:103EB000C43E538084B4109F20B4109FC8475380E1
:103EC0007C505380FE04F00C010800000000360115
:103ED00000000000E0B3109F3C3F5380FEEEFE1850
:103EE000010800000000C20B00000000E8B3109FB2
:103EF000443F5380FEF6FE18010800000000E6056E
:103F000000000000F0B3109F4C3F53801D02FF18CB
:103F1000010802000000000000000000F8B3109F3C
:103F2000543F53801D04FF180108020000000000E8
:103F30000000000000B4109F5C3F538000000800A8
:103F4000A0675380000006007067538000000700E0
:103F50003867538000000900F066538000000200BB
:103F6000E0665380FE00000C0108000000006400C1
:103F70000000000008B4109FAC3F53800300FF18FE
:103F800001080000000064000000000010B4109F51
:103F9000B43F53800301FF180108000000006400D3
:103FA0000000000018B4109FBC3F538000000A00BE
:103FB000E868538000001A0018685380000007006A
:103FC000E06753800103000011C0030001000200FC
:103FD00028405380E83F538010B5109FE8B4109FED
:103FE000C84753807C505380FED6FD0C010800006A
:103FF0000000360100000000C0B4109F184053803C
:10400000A1A1FF1801080200000036010100000014
:10401000C8B4109F2040538000000A00806953807C
:10402000200009003869538003A1EF18010800003F
:104030000000640003000000D0B4109F4040538093
:1040400088000200206A5380B0000800E0695380B5
:10405000B1000200D0695380DB05010000000000C0
:1040600000CB0FBF040001000000436F6E6669675C
:1040700075726174696F6E0000000000000000003E
:104080000000000000000000000006000675B1946A
:1040900000000000204E0000A04053800CCC0FBF59
:1040A000010001000000000004000000B041538046
:1040B00010CC0FBFD041538001000000050000006C
:1040C00001000000A041538014CC0FBF000000008D
:1040D000010000000A000000010000009041538030
:1040E00015CC0FBF00000000010000000F00000011
:1040F000010000008041538016CC0FBF000000007B
:10410000030000001400000008000000504153802C
:1041100018CC0FBF000000000200000028000000C3
:10412000040000003041538020CC0FBF000000008D
:104130000200020020CC0FBF346A5380306A5380E3
:104140000000010022CC0FBF366A5380326A5380D0
:104150000800040018CC0FBFC8415380C0415380F1
:10416000000001001CCC0FBFCC415380C4415380E0
:10417000000001001DCC0FBFCD415380C5415380CD
:104180000000010016CC0FBF397853803878538077
:104190000000010015CC0FBF3B7853803A78538064
:1041A0000000010014CC0FBF3D7853803C78538051
:1041B0000800040010CC0FBFDC415380D84153806D
:1041C000FFFF7F7FFFFF0000FFFF7FFF0000000079
:1041D000D44153800000E144FFFF7F7FFFFF7FFF5A
:1041E000DB0500000000000014CB0FBF040000003E
:1041F000000044617368626F617264000000000037
:1042000000000000000000000000000000000000AE
:1042100000000D00D9834F0F0000000000000000D7
:104220002842538028CC0FBF05000000000000008A
:1042300010000000A04653802CCC0FBF00000000EF
:1042400001000000000000000100000090465380C3
:104250003CCC0FBF00000000010000000000000087
:1042600001000000804653803DCC0FBF00000000DD
:1042700002000000000000000200000060465380C1
:104280003ECC0FBF00000000010000000000000055
:10429000040000005046538040CC0FBF00000000D7
:1042A00004000000000000000C00000010465380D5
:1042B00044CC0FBF000000000A0000000000000016
:1042C0001C0000007045538050CC0FBF0000000060
:1042D00008000000000000000A000000F0445380C5
:1042E0006CCC0FBF000000000500000000000000C3
:1042F0000C000000A044538078CC0FBF00000000E9
:1043000004000000000000000C0000006044538026
:1043100084CC0FBF000000000E0000000000000071
:10432000180000008043538090CC0FBF00000000B5
:1043300001000000000000000100000070435380F5
:10434000A8CC0FBF0000000001000000000000002A
:104350000100000060435380A9CC0FBF00000000A3
:1043600000010100A9CC0FBF3F7853803E785380F5
:1043700000010100A8CC0FBF4178538040785380E2
:104380000800040090CC0FBF08475380F0465380CC
:104390000800040094CC0FBF0C475380F4465380B0
:1043A0000000010098CC0FBF10475380F84653809F
:1043B0000000010099CC0FBF11475380F94653808C
:1043C000000001009ACC0FBF12475380FA46538079
:1043D000000001009BCC0FBF13475380FB46538066
:1043E000000001009CCC0FBF14475380FC46538053
:1043F000000001009DCC0FBF15475380FD46538040
:10440000000001009ECC0FBF16475380FE4653802C
:10441000000101009FCC0FBF17475380FF46538018
:1044200000010100A0CC0FBF184753800047538004
:1044300000010100A1CC0FBF1947538001475380F1
:1044400002010200A2CC0FBF1A47538002475380DB
:1044500000010100A4CC0FBF1C47538004475380C8
:104460000000010084CC0FBF2C47538020475380AD
:104470000800040088CC0FBF304753802447538086
:10448000020102008CCC0FBF344753802847538071
:10449000000101008ECC0FBF364753802A4753805E
:1044A0000000010078CC0FBF444753803847538049
:1044B000020002007ACC0FBF464753803A47538030
:1044C000000101007CCC0FBF484753803C4753801C
:1044D000000101007DCC0FBF494753803D47538009
:1044E0000801040080CC0FBF4C47538040475380E5
:1044F000000001006CCC0FBF426A5380386A5380C1
:10450000000001006DCC0FBF436A5380396A5380AD
:10451000000001006ECC0FBF446A53803A6A53809A
:10452000000001006FCC0FBF456A53803B6A538087
:104530000000010070CC0FBF466A53803C6A538074
:104540000200020072CC0FBF486A53803E6A53805B
:104550000000010074CC0FBF4A6A5380406A538048
:104560000000010075CC0FBF4B6A5380416A538035
:104570000800040050CC0FBF6C4753805047538055
:104580000800040054CC0FBF704753805447538039
:104590000000010058CC0FBF744753805847538028
:1045A000080104005CCC0FBF784753805C47538000
:1045B0000201020060CC0FBF7C47538060475380EC
:1045C0000201020062CC0FBF7E47538062475380D6
:1045D0000201020064CC0FBF8047538064475380C0
:1045E0000201020066CC0FBF8247538066475380AA
:1045F0000001010068CC0FBF844753806847538097
:104600000001010069CC0FBF854753806947538083
:104610000000010044CC0FBF94475380884753806B
:104620000300020046CC0FBF964753808A47538051
:104630000800040048CC0FBF984753808C47538034
:10464000040004004CCC0FBF9C475380904753801C
:104650000800040040CC0FBFA4475380A0475380FC
:10466000000001003ECC0FBF4E6A53804C6A53805D
:10467000000001003FCC0FBF4F6A53804D6A53804A
:10468000000101003DCC0FBF437853804278538036
:10469000000001003CCC0FBF457853804478538024
:1046A000000001002CCC0FBFB8475380A8475380AF
:1046B0000800040030CC0FBFBC475380AC47538088
:1046C0000800040034CC0FBFC0475380B04753806C
:1046D0000001010038CC0FBFC4475380B44753805A
:1046E0000001010039CC0FBFC5475380B547538047
:1046F0000000C8420000C842010101FFFFFF6464DE
:1047000064648813FF000000000000000000000047
:104710000000000000000000000000000000000099
:10472000FF000000FFFF7F7FB0041E0000000000BC
:10473000FFFF7FFF3C000100FF00FFFF08080000B3
:104740000000FA4300000000040400000000000024
:10475000FFFF7F7FFFFF7F7FFF0000000000C84258
:104760007440000374400003FFFF0000FFFF7FFF61
:10477000FFFF7FFF000000000000000000000000BD
:104780000000000000000000FF00FF7FFFFF7F7FB0
:10479000FFFFFFFF00000080FFFF7FFF0000000021
:1047A000FFFF7F7FFFFF7FFFFF000000FFFF7F7F96
:1047B000FFFF7F7F0101000000000000FFFF7FFF7F
:1047C000FFFF7FFF00000000DB050200000000008B
:1047D00028CB0FBF0400020000004A3139333900F2
:1047E00000000000000000000000000000000000C9
:1047F000000000000000000000000800113C6A50AA
:10480000000000000000000010485380B0CC0FBF33
:104810002B0001000000000030000000A04C53807D
:10482000B4CC0FBF5C4F538020000100000000009B
:1048300026000000A04A5380E4CC0FBF584F53809D
:104840000A000100000000000A000000004A538036
:104850000ACD0FBF544F5380130001000000000029
:1048600014000000D048538014CD0FBF504F538028
:104870000000000000000000000000000000000038
:104880000000000000000000000000000000000028
:104890000000000000000000000000000000000018
:1048A0000000000000000000000000000000000008
:1048B00000000000000000000000000000000000F8
:1048C00000000000000000000000000000000000E8
:1048D0000000010014CD0FBF786A5380646A5380D2
:1048E0000000010015CD0FBF796A5380656A5380BF
:1048F0000000010016CD0FBF7A6A5380666A5380AC
:104900000000010017CD0FBF7B6A5380676A538098
:104910000000010018CD0FBF7C6A5380686A538085
:104920000000010019CD0FBF7D6A5380696A538072
:10493000020002001ACD0FBF7E6A53806A6A53805C
:10494000000001001CCD0FBF806A53806C6A538049
:10495000000001001DCD0FBF816A53806D6A538036
:10496000000001001ECD0FBF826A53806E6A538023
:10497000000001001FCD0FBF836A53806F6A538010
:104980000000010020CD0FBF846A5380706A5380FD
:104990000000010021CD0FBF856A5380716A5380EA
:1049A0000000010022CD0FBF866A5380726A5380D7
:1049B0000000010023CD0FBF876A5380736A5380C4
:1049C0000000010024CD0FBF886A5380746A5380B1
:1049D0000000010025CD0FBF896A5380756A53809E
:1049E0000000010026CD0FBF8A6A5380766A53808B
:1049F0000000010027CD0FBF8B6A5380776A538078
:104A0000000001000ACD0FBFA06A5380966A538050
:104A1000000001000BCD0FBFA16A5380976A53803D
:104A2000000001000CCD0FBFA26A5380986A53802A
:104A3000000001000DCD0FBFA36A5380996A538017
:104A4000000001000ECD0FBFA46A53809A6A538004
:104A5000000001000FCD0FBFA56A53809B6A5380F1
:104A60000000010010CD0FBFA66A53809C6A5380DE
:104A70000000010011CD0FBFA76A53809D6A5380CB
:104A80000000010012CD0FBFA86A53809E6A5380B8
:104A90000000010013CD0FBFA96A53809F6A5380A5
:104AA00000000100E4CC0FBFF66A5380D06A538047
:104AB00000000100E5CC0FBFF76A5380D16A538034
:104AC00000000100E6CC0FBFF86A5380D26A538021
:104AD00000000100E7CC0FBFF96A5380D36A53800E
:104AE00002000200E8CC0FBFFA6A5380D46A5380F8
:104AF00000000100EACC0FBFFC6A5380D66A5380E5
:104B000000000100EBCC0FBFFD6A5380D76A5380D1
:104B100000000100ECCC0FBFFE6A5380D86A5380BE
:104B200000000100EDCC0FBFFF6A5380D96A5380AB
:104B300000000100EECC0FBF006B5380DA6A538097
:104B400000000100EFCC0FBF016B5380DB6A538084
:104B500000000100F0CC0FBF026B5380DC6A538071
:104B600002000200F2CC0FBF046B5380DE6A538058
:104B700002000200F4CC0FBF066B5380E06A538042
:104B800000000100F6CC0FBF086B5380E26A53802F
:104B900000000100F7CC0FBF096B5380E36A53801C
:104BA00000000100F8CC0FBF0A6B5380E46A538009
:104BB00000000100F9CC0FBF0B6B5380E56A5380F6
:104BC00002000200FACC0FBF0C6B5380E66A5380E0
:104BD00000000100FCCC0FBF0E6B5380E86A5380CD
:104BE00000000100FDCC0FBF0F6B5380E96A5380BA
:104BF00000000100FECC0FBF106B5380EA6A5380A7
:104C000000000100FFCC0FBF116B5380EB6A538093
:104C10000000010000CD0FBF126B5380EC6A53807F
:104C20000000010001CD0FBF136B5380ED6A53806C
:104C30000000010002CD0FBF146B5380EE6A538059
:104C40000000010003CD0FBF156B5380EF6A538046
:104C50000000010004CD0FBF166B5380F06A538033
:104C60000000010005CD0FBF176B5380F16A538020
:104C70000200020006CD0FBF186B5380F26A53800A
:104C80000000010008CD0FBF1A6B5380F46A5380F7
:104C90000000010009CD0FBF1B6B5380F56A5380E4
:104CA00000000100B4CC0FBF7C6B53804C6B538071
:104CB00000000100B5CC0FBF7D6B53804D6B53805E
:104CC00000000100B6CC0FBF7E6B53804E6B53804B
:104CD00002000200B8CC0FBF806B5380506B538032
:104CE00000000100BACC0FBF826B5380526B53801F
:104CF00000000100BBCC0FBF836B5380536B53800C
:104D000000000100BCCC0FBF846B5380546B5380F8
:104D100000000100BDCC0FBF856B5380556B5380E5
:104D200000000100BECC0FBF866B5380566B5380D2
:104D300000000100BFCC0FBF876B5380576B5380BF
:104D400000000100C0CC0FBF886B5380586B5380AC
:104D500000000100C1CC0FBF896B5380596B538099
:104D600000000100C2CC0FBF8A6B53805A6B538086
:104D700000000100C3CC0FBF8B6B53805B6B538073
:104D800000000100C4CC0FBF8C6B53805C6B538060
:104D900000000100C5CC0FBF8D6B53805D6B53804D
:104DA00000000100C6CC0FBF8E6B53805E6B53803A
:104DB00000000100C7CC0FBF8F6B53805F6B538027
:104DC00000000100C8CC0FBF906B5380606B538014
:104DD00000000100C9CC0FBF916B5380616B538001
:104DE00000000100CACC0FBF926B5380626B5380EE
:104DF00000000100CBCC0FBF936B5380636B5380DB
:104E000000000100CCCC0FBF946B5380646B5380C7
:104E100000000100CDCC0FBF956B5380656B5380B4
:104E200000000100CECC0FBF966B5380666B5380A1
:104E300002000200D0CC0FBF986B5380686B538088
:104E400000000100D2CC0FBF9A6B53806A6B538075
:104E500000000100D3CC0FBF9B6B53806B6B538062
:104E600000000100D4CC0FBF9C6B53806C6B53804F
:104E700000000100D5CC0FBF9D6B53806D6B53803C
:104E800000000100D6CC0FBF9E6B53806E6B538029
:104E900000000100D7CC0FBF9F6B53806F6B538016
:104EA00000000100D8CC0FBFA06B5380706B538003
:104EB00000000100D9CC0FBFA16B5380716B5380F0
:104EC00000000100DACC0FBFA26B5380726B5380DD
:104ED00000000100DBCC0FBFA36B5380736B5380CA
:104EE00000000100DCCC0FBFA46B5380746B5380B7
:104EF00000000100DDCC0FBFA56B5380756B5380A4
:104F000000000100DECC0FBFA66B5380766B538090
:104F100000000100DFCC0FBFA76B5380776B53807D
:104F200002000200E0CC0FBFA86B5380786B538067
:104F300000000100E2CC0FBFAA6B53807A6B538054
:104F400000000100E3CC0FBFAB6B53807B6B538041
:104F5000506A53808C6A5380AA6A53801C6B5380BA
:104F6000E041538058405380C847538001000000FF
:104F7000A7000000C9B9119F48B5109F01000000AB
:104F8000A700000022B9119F24B5109F490200001C
:104F90006CB5109F49020000FCD9109F0000000072
:104FA0006C4F5380944F538001000000A700000015
:104FB00017BB119FB0FE109F01000000A70000006A
:104FC00070BA119F8CFE109F49020000D4FE109F02
:104FD000490200006423119F01000000A84F538084
:104FE000D04F53809C4F5380D84F5380D85C109F34
:104FF00001000000F44F119F1450119F02000000A7
:1050000001000000EC4F538002000000F04F53807D
:10501000E44F53800000000044F0508046F0508080
:1050200042F0508048F050804AF050804CF0508060
:1050300050F050804EF0508052F05080E85C109F4D
:105040000100F606BEBB119F2260109F0100000008
:10505000105D109F0100000001000100005D109F25
:105060005AB7119FF864119F0200000070785380B6
:105070003C0B5180A0065180E60751806A63518045
:10508000B06251804661518014615180DE60518070
:10509000B66251800000FF00B06E119FB46E119F88
:1050A000AC6E119FA86E119FFA00000040935180D2
:1050B000E803000092E55180E8030000D4D7518056
:1050C00060EA000004D25180F4010000ACD35180AA
:1050D000640000007C84508064000000FEE2518087
:1050E000E80300007E115280FFFFFFFF0000000078
:1050F000EC525380D8525380C4525380B0525380E4
:105100009C52538088525380745253806052538013
:105110004C52538038525380245253801052538043
:10512000FC515380E8515380D4515380C051538077
:10513000AC515380985153808451538070515380A7
:105140005C515380485153803F95538034A3119F45
:1051500008062D006ACA119F30A3119F4B955380FA
:1051600048A3119F34021400D5D9129F44A3119F64
:10517000569553805CA3119FB4001E00E805139F51
:1051800058A3119F6195538070A3119FFC050000E7
:10519000031B139F6CA3119F6B95538084A3119FD6
:1051A00010002000061B139F80A3119F7895538049
:1051B00098A3119F34010100091D139F94A3119F0F
:1051C0007E955380ACA3119F10000C00401E139FCE
:1051D000A8A3119F8A955380C0A3119F10000800B7
:1051E000031F139FBCA3119F95955380D4A3119FB8
:1051F00020000800861F139FD0A3119FA295538003
:10520000E8A3119F240004008920139FE4A3119FA9
:10521000AC955380FCA3119F0C0108001C21139F27
:10522000F8A3119FB895538010A4119F2000080087
:105230007F29139F0CA4119FC095538024A4119F14
:105240000C000800822A139F20A4119FCE95538042
:1052500038A4119F34002200E52A139F34A4119F23
:10526000D69553804CA4119F10002000D031139F7D
:1052700048A4119FDD95538060A4119F18000F0072
:10528000D333139F5CA4119FE795538074A4119F9F
:1052900020000A003E35139F70A4119FF1955380A2
:1052A00088A4119F100020008136139F84A4119FB1
:1052B000F99553809CA4119F24000A008438139F01
:1052C00098A4119F08965380B0A4119FA8000A00CB
:1052D000EF39139FACA4119F10965380C4A4119F63
:1052E0002C000A008240139FC0A4119F189653807F
:1052F000D8A4119F200004003D42139FD4A4119F05
:10530000000000000C0000000F0400003504000045
:10531000FD030000960000001600000035040000A8
:10532000EA030000EE030000040400001D04000076
:10533000FFFFFFFFF4030000F60300001D04000060
:1053400005000000040000004C5D109FDC4F5280FF
:10535000EC50528000022C007453538000012B004B
:105360007453538000002A007453538000032D00AF
:1053700074535380000000012800000064A6119FB0
:10538000008001F0040000014002000090535380AF
:105390000003000000A203F00400000000A203F0DC
:1053A000051200000001000000B403F0010000003D
:1053B00000B403F0001500000001000000A203F09B
:1053C0000300000000A203F002150000000100002D
:1053D00000D203F00200000000D203F00315000029
:1053E0000000000001000000B26B52803822105013
:1053F000FE0200000700070040000000E0720050BD
:10540000FF0200000800080040000000F074005097
:10541000400000009C6D0050C06100500100000081
:1054200000C003F0090200000000000000000000BE
:1054300000C003F00A12000000000000000000009D
:105440000A000C000D000000902E1050402E10504D
:10545000DC2E10509D0018600100000000100000BC
:10546000001000000000000000000000000000002C
:10547000000000000000000000000000000000002C
:10548000000000000010000000010000000000010A
:10549000E0930400804A5D05E80300005E895280C5
:1054A00002895280AA885280848852805E88528005
:1054B00026885280FE875280A88752809D00146003
:1054C00001000000000100000010000000000000CA
:1054D00000000000000000000000000000000000CC
:1054E00000000000000000000000000000010000BB
:1054F0000001000000001000E0930400808D5B00BC
:10550000E80300005E89528002895280AA88528096
:10551000848852805E88528026885280FE8752801E
:10552000A8875280001C00F0001D00F0001E00F053
:10553000001F00F0002000F0002100F0010000003A
:10554000A8CD0FBF34000000001C00F0001D00F0CB
:10555000001E00F0001F00F0002000F0002100F00D
:1055600001000000DCCD0FBF34000000000000008F
:105570000C000000845553800000000080000000F3
:10558000000100000600000080AD119F14565380FA
:105590000B00000086AD119F1A56538011000000C9
:1055A00091AD119F2556538004000000A4AD119FBA
:1055B000385653801D000000A8AD119F3C56538003
:1055C00006000000C5AD119F59565380030000002E
:1055D000CBAD119F5F56538003000000CEAD119FED
:1055E0006256538002000000D2AD119F6656538070
:1055F00004000000D4AD119F6856538008000000DD
:10560000D8AD119F6C56538008000000E0AD119F8B
:1056100074565380181234567890413132333435F1
:105620003637383900582D53616D706C65000000B5
:105630000000000000000000785634124553582D39
:1056400034434D2D41000000000000000000000028
:105650000000000000000000004E4F4349440001DC
:105660000118010118000000000000000000000007
:10567000000000000100000001001D070000000004
:105680000E0000009456538080020000C00300000A
:105690000005000001000000E4B1119F3C57538059
:1056A0001C000000E6B1119F3E575380010000002E
:1056B00002B2119F5A5753800400000004B2119F98
:1056C0005C5753800300000008B2119F605753805D
:1056D000200000000CB2119F64575380100000009E
:1056E0002CB2119F84575380060000003CB2119FDA
:1056F000945753802000000042B2119F9A57538064
:105700000400000062B2119FBA5753800C000000E1
:1057100066B2119FBE5753800C00000074B2119FF7
:10572000CC5753803000000080B2119FD85753806F
:1057300004000000B0B2119F085853800000000020
:1057400000000000555345524E414D4500000000F9
:105750000000000000000000000000000000000049
:105760000000000048E801006B03000048E8010069
:105770006B03000048E801006B03000048E80100EB
:105780006B03000001003200010032000100320012
:1057900001003200BADBABE00001484F53544E41E8
:1057A0004D455F4553582D34434D415F4554483175
:1057B0000000000000000000000001013200C0A84D
:1057C0000102FFFFFF00C0A801010000000000006F
:1057D00000000000000000000000080001000000C0
:1057E00000000000000008000100000000000000B0
:1057F00001000F00000000000000000001000F0089
:105800000000000000000000000000000100000097
:1058100005000000245853804006000000070000E7
:10582000C00700000100000072B8119FC66D5380D0
:105830008000000073B8119FC76D53800400000002
:10584000F3B8119F476E538014000000F7B8119F02
:105850004B6E5380010000000BB9119F5F6E5380A7
:105860004ABA528032BE528004C0528072BF528007
:1058700090C05280CCC05280ECC052800CC152808B
:105880003AC15280C4C3528038C4528098C45280F6
:10589000F6C4528068C1528016C25280BAC152808A
:1058A00056C25280C0C25280E8C2528010C3528099
:1058B0002CC3528084C352808AC3528090C35280CA
:1058C00096C35280E4BD52800ABE52809CC352806F
:1058D000F8C65280F2C6528002C7528006C7528074
:1058E0000EC752808AC7528062C7528076C75280E4
:1058F0000000000048E80100000000000000000077
:1059000000000000000000000000F03F0100000067
:1059100040597307000000004C5E109F0400000017
:10592000606E538005000000B05E109F7459538074
:10593000010000000E1553804E15538066155380EC
:10594000941553809E1553801E1753803A17538029
:1059500066175380A8105380B2105380BE10538036
:10596000CE105380F01053809A115380021253804E
:10597000B40F5380000A010302020100000000007E
:10598000013E00201818000000C203F00B140000B4
:105990000000000000000000000000000000000007
:1059A0000100000000C003F0090200000000000038
:1059B0000000000000C003F00A1200000000000018
:1059C000000000000A0017001800190000D403F0BE
:1059D00005100000000000000000000000020000B0
:1059E000CF9D538002070100D39D5380090501001C
:1059F000E79D53800E070100FA9D538015060100B4
:105A00000D9E53801B0201002E9E53801D0000003E
:105A10003E9E53801D010000469E53800100000001
:105A20004A9E538001000000769E538001000000D2
:105A3000A89E538001000000D69E53800100000004
:105A4000049F538001000000339F53800100000039
:105A5000649F5380010000009F9F5380010000005D
:105A6000D59F5380010000000DA05380010000006D
:105A700033A05380010000005FA0538001000000AC
:105A800094A0538001000000C2A0538001000000D8
:105A9000F6A053800100000035A1538001000000F2
:105AA00060A15380010000008CA153800100000020
:105AB000C9A1538001000000FFA153800100000034
:105AC00033A253800100000076A253800100000041
:105AD000ADA2538000000000E2A25380000000004D
:105AE00018A353800100000053A35380000000005E
:105AF00089A3538000000000BCA353800100000074
:105B0000F9A353800100000024A45380000000008A
:105B100056A453800000000084A4538005000000B8
:105B2000AC710050FC7100500A0000000C71005074
:105B3000AC7100500A0000006C7000500C710050F5
:105B4000001C00F0640015000100000000C203F01A
:105B50000900000000C203F00A14000000C203F0B4
:105B600008140000001E00F06A001A000000000087
:105B700000B503F00400000000B503F006130000B8
:105B800000B503F003130000905B538078CF0FBF84
:105B9000FF000000000000000000000057000000AF
:105BA0000000005000100050FF00000040110050A5
:105BB00040770050D700000040770050404001502F
:105BC000570000004040015000801050FF000000CE
:105BD0000000006000801070FF00000000000080E6
:105BE0000000008FD700000020000F9F20C90F9FEA
:105BF000FF00000020C90F9F00901E9FFF000000C3
:105C0000000000A0000012AFFF000000000000AF85
:105C1000008000B0D700000020000FBF20C90FBFD8
:105C2000FF00000020C90FBFF8FFFFFFFFFFFFFFCD
:105C30000000000000000000FFFFFFFF0000000068
:105C400000000000FFFFFFFF000000000000000058
:105C50000D00000000001070008010700D000000AA
:105C600000001060008010600D0000000000105067
:105C7000008010500D0000000000008000008080B7
:105C80000D000000000000A0000080A0FFFFFFFF4B
:105C90000000000000000000FFFFFFFF0000000008
:105CA00000000000FFFFFFFF0000000000000000F8
:105CB000BC5C53800000000001000000C077005071
:105CC000C03F0150A0000F9FA0C80F9F0000000020
:105CD0000000000000000000963007772C610EEEF7
:105CE000BA51099919C46D078FF46A7035A563E933
:105CF000A395649E3288DB0EA4B8DC791EE9D5E05A
:105D000088D9D2972B4CB609BD7CB17E072DB8E758
:105D1000911DBF906410B71DF220B06A4871B9F3AD
:105D2000DE41BE847DD4DA1AEBE4DD6D51B5D4F4E6
:105D3000C785D38356986C13C0A86B647AF962FD4B
:105D4000ECC9658A4F5C0114D96C0663633D0FFA98
:105D5000F50D088DC8206E3B5E10694CE44160D59E
:105D6000727167A2D1E4033C47D4044BFD850DD288
:105D70006BB50AA5FAA8B5356C98B242D6C9BBDB9B
:105D800040F9BCACE36CD832755CDF45CF0DD6DC96
:105D9000593DD1ABAC30D9263A00DE518051D7C83D
:105DA0001661D0BFB5F4B42123C4B3569995BACFC8
:105DB0000FA5BDB89EB802280888055FB2D90CC6E9
:105DC00024E90BB1877C6F2F114C6858AB1D61C162
:105DD0003D2D66B69041DC760671DB01BC20D29881
:105DE0002A10D5EF8985B1711FB5B606A5E4BF9F0E
:105DF00033D4B8E8A2C9077834F9000F8EA8099601
:105E000018980EE1BB0D6A7F2D3D6D08976C64916B
:105E1000015C63E6F4516B6B62616C1CD830658584
:105E20004E0062F2ED95066C7BA5011BC1F4088261
:105E300057C40FF5C6D9B06550E9B712EAB8BE8BA2
:105E40007C88B9FCDF1DDD62492DDA15F37CD38C2B
:105E5000654CD4FB5861B24DCE51B53A7400BCA329
:105E6000E230BBD441A5DF4AD795D83D6DC4D1A45B
:105E7000FBF4D6D36AE96943FCD96E34468867AD32
:105E8000D0B860DA732D0444E51D03335F4C0AAAD1
:105E9000C97C0DDD3C710550AA41022710100BBED4
:105EA00086200CC925B56857B3856F2009D466B91B
:105EB0009FE461CE0EF9DE5E98C9D9292298D0B050
:105EC000B4A8D7C7173DB359810DB42E3B5CBDB7FD
:105ED000AD6CBAC02083B8EDB6B3BF9A0CE2B6037E
:105EE0009AD2B1743947D5EAAF77D29D1526DB0433
:105EF0008316DC73120B63E3843B64943E6A6D0D7E
:105F0000A85A6A7A0BCF0EE49DFF099327AE000AC8
:105F1000B19E077D44930FF0D2A3088768F2011E5B
:105F2000FEC206695D5762F7CB67658071366C19F2
:105F3000E7066B6E761BD4FEE02BD3895A7ADA1013
:105F4000CC4ADD676FDFB9F9F9EFBE8E43BEB717F4
:105F5000D58EB060E8A3D6D67E93D1A1C4C2D8387E
:105F600052F2DF4FF167BBD16757BCA6DD06B53FE4
:105F70004B36B248DA2B0DD84C1B0AAFF64A033623
:105F8000607A0441C3EF60DF55DF67A8EF8E6E31A2
:105F900079BE69468CB361CB1A8366BCA0D26F25EB
:105FA00036E2685295770CCC03470BBBB916022238
:105FB0002F260555BE3BBAC5280BBDB2925AB42B4D
:105FC000046AB35CA7FFD7C231CFD0B58B9ED92C62
:105FD0001DAEDE5BB0C2649B26F263EC9CA36A75C7
:105FE0000A936D02A906099C3F360EEB856707727E
:105FF00013570005824ABF95147AB8E2AE2BB17BE5
:10600000381BB60C9B8ED2920DBED5E5B7EFDC7C6B
:1060100021DFDB0BD4D2D38642E2D4F1F8B3DD68C2
:106020006E83DA1FCD16BE815B26B9F6E177B06FBD
:106030007747B718E65A0888706A0FFFCA3B0666AA
:106040005C0B0111FF9E658F69AE62F8D3FF6B6137
:1060500045CF6C1678E20AA0EED20DD75483044ED9
:10606000C2B30339612667A7F71660D04D47694967
:10607000DB776E3E4A6AD1AEDC5AD6D9660BDF407A
:10608000F03BD83753AEBCA9C59EBBDE7FCFB2472D
:10609000E9FFB5301CF2BDBD8AC2BACA3093B35312
:1060A000A6A3B4240536D0BA9306D7CD2957DE541B
:1060B000BF67D9232E7A66B3B84A61C4021B685DF4
:1060C000942B6F2A37BE0BB4A18E0CC31BDF055A6D
:1060D0008DEF022D000600F0000700F0000800F030
:1060E000000900F0010000000200000004000000B0
:1060F0000800000010000000E03700000008000069
:1061000000200000E03700003300330001000000F1
:1061100032003200000800003100310001000000B0
:10612000000000000000000000000000000000006F
:10613000000000000000000000000000000000005F
:10614000000000000000000000000000000000004F
:10615000000000000000000000000000000000003F
:10616000000000000000000000000000000000002F
:10617000000000000000000000000000020000001D
:1061800000D303F006000000000000000000000043
:1061900001000000000000000000000000000000FE
:1061A00000000000000000000000000002000000ED
:1061B00000D303F004000000000000000000000015
:1061C000000000000200000000D303F00300000004
:1061D00000000000000000000200000002000000BB
:1061E00000D303F0020000000000000000000000E7
:1061F000030000000000000000000000000000009C
:10620000000000000000000000000000000000008E
:10621000000000000000000000000000000000007E
:10622000000000000200000000B003F00A000000BF
:106230000000000000000000060000000200000056
:1062400000B003F00E00000000000000000000009D
:10625000040000000200000000B003F00D00000088
:106260000000000000000000070000000200000025
:1062700000B003F00B000000000000000000000070
:106280000500000000D001F0010000000000000047
:10629000BC6253809C6253800000000000B203F097
:1062A00000160000FFFFFFFF0000000000B203F037
:1062B00001000000020000000000000000B103F037
:1062C0000C160000000000000000000000B103F008
:1062D0000E000000000100000100000000B103F00A
:1062E0000D000000000000000100000000B103F0FC
:1062F0000A000000000000000100000000B103F0EF
:1063000009000000000000000100000000B103F0DF
:1063100006160100FFFFFFFF0000000000B103F0C0
:1063200003160100FFFFFFFF0000000000B103F0B3
:1063300002160100FFFFFFFF000000000000000048
:10634000005070FF006070FF007070FF008070FFF1
:10635000000000000000000000000000000000003D
:10636000000000000000000070635380D5000000B2
:106370000E0300AE000000065A0000000FC5D24E0A
:106380000000FB026470EE000010FB026470EE047B
:106390000020FB026470EE080030FB026470EE0C1B
:1063A0000040FB026470EE100050FB026470EE14BB
:1063B0000060FB026470EE180070FB026470EE1C5B
:1063C0000000FB026470EE200010FB026470EE24FB
:1063D0000020FB026470EE280030FB026470EE2C9B
:1063E0000040FB026470EE300050FB026470EE343B
:1063F0000060FB026470EE380070FB026470EE3CDB
:106400000000FB026470EE400010FB026470EE447A
:106410000020FB026470EE480030FB026470EE4C1A
:106420000040FB026470EE500050FB026470EE54BA
:106430000060FB026470EE580070FB026470EE5C5A
:106440000000FB026470EE600010FB026470EE64FA
:106450000020FB026470EE680030FB026470EE6C9A
:106460000040FB026470EE700050FB026470EE743A
:106470000060FB026470EE780070FB026470EE7CDA
:106480000000FB026470EE800010FB026470EE847A
:106490000020FB026470EE880030FB026470EE8C1A
:1064A0000040FB026470EE900050FB026470EE94BA
:1064B0000060FB026470EE980070FB026470EE9C5A
:1064C0000000FB026470EEA00000FB026470EEA40A
:1064D0000000FB026470EEA80000FB026470EEACEA
:1064E0000000FB026470EEB03077457E00000007CC
:1064F00002000000F2CB0B7D0000000000F03F0026
:1065000085863888000000081A0000005323F66AC8
:10651000000000108DF5FDF7000000108DF57BEFF9
:10652000000000108DF5F7DE000000108DF5EFBDC6
:10653000000000108DF5DF7B00000000000000006F
:106540000000009224000000000000244900000028
:10655000000000B66D00000000000048920000003E
:10656000000000DAB60000000000006CDB00000054
:10657000000000FEFF000000D2C8F30C000000097C
:1065800028000000C93AB40D00000080030000FE9E
:10659000010000000401FC08E44F40BF02FB17E0CB
:1065A000CF40FF06FC3BF0FF00000080030000FE30
:1065B000010000000001FC08E44F40BF02FB17E0AF
:1065C000CF40FF06FC3BF0FF00000080030000FE10
:1065D000010000000001FC08E44F40BF02FB17E08F
:1065E000CF40FF06FC3BF0FF00000080030000FEF0
:1065F000010000000001FC08E44F40BF02FB17E06F
:10660000CF40FF06FC3BF0FF00000080030000FECF
:10661000010000000001FC08E44F40BF02FB17E04E
:10662000CF40FF06FC3BF0FF3C88329D0000000D90
:10663000040000008F8CD012000000020000000057
:106640001080000420000100781DE3340000000EDB
:1066500003000000E6CEA7C800401A32C820830C11
:1066600032C82003564AEF6F000000110B000000F3
:106670005AE6A3EF00004001000004424504000078
:106680000000000000280AFFFFFFFFFFFFFFFFFFE1
:10669000FFFFFF00000000000000000000000040BD
:1066A000F3CA19350000004E01000000245E5D3A77
:1066B00000009A245D59E9960000000000000000E7
:1066C0002EA08E2500000000000000000000000049
:1066D000000000000000000000A001A002A003A034
:1066E0000038080001001E000020010001001F000A
:1066F0000003010001001500000808000100160059
:10670000000601000100170000010100010018004F
:1067100000040100010019000000010001001A003E
:106720000005010001001B000028080001001C00FA
:106730000010100001001D000020080001000E00E4
:106740000018080001000F000038080001001000C8
:1067500000000800010011000028100001001200D4
:1067600000080800010013000010080001001400D8
:1067700000000800010008000008080001000900EE
:106780000030080001000A000038080001000B007A
:106790000010100001000C000020100001000D008E
:1067A00000040400010000000010080001000100C6
:1067B0000008080001000200003808000100030082
:1067C0000018100001000400003004000100050062
:1067D0000000040001000600002808000100070076
:1067E00000200800000024000038080000002500F8
:1067F0000010080000002600001808000000270014
:1068000000001000000028000028080000002900F7
:106810000030080000002A000000080000000A0004
:106820000010010000000B000026010000000C0019
:106830000025010000000D00002E010000000E00E8
:10684000002B010000000F00002C010000001000D0
:10685000002D010000001100002F010000001200B7
:1068600000210100000013000022010000001400BC
:1068700000080800000015000011010000001600CB
:1068800000130100000017000014010000001800B0
:1068900000301000000019000012010000001A0072
:1068A0000023010000001B000024010000001C0068
:1068B0000016010000001D000015010000001E0070
:1068C0000017010000001F00002901000000200047
:1068D0000018080000002100002001000000220034
:1068E0000027010000002300002305000000000035
:1068F000000002000000010000020200000002008F
:106900000008100000000300001808000000040048
:106910000028040000000500003C04000000060000
:106920000038040000000700000402000000080016
:10693000002003000000090000000800030012000E
:106940000012020003000A000008020003000B000E
:10695000000A020003000C00000C020003000D00FE
:10696000000E020003000E000010020003000F00E2
:1069700000140200030010000016020003001100C2
:10698000002E020003000000002C020003000100A2
:10699000002A020003000200002802000300030096
:1069A000003602000300040000340200030005006A
:1069B00000160A0003000600001202000300070090
:1069C0000010020003000800001402000300090088
:1069D0000000080002000900001008000200070083
:1069E0000000080002000900000808000200000082
:1069F0000010080002000100001808000200020058
:106A00000020080002000300002808000200040023
:106A100000300800020005000038080002000600EF
:106A20000000080002000900000801000200080040
:106A3000FFFFFF0000000000FFFFFFFFFF00FFFF60
:106A4000FFFF00000000000000000000FFFF00004A
:106A50000000000000000000000000000000000036
:106A600000000000030303030303FC03030303000C
:106A700000000000000000FF000000000000000017
:106A80000000000000000000000000000000000006
:106A9000000000000000000000000000000000FFF7
:106AA00000000000000000000000000000000000E6
:106AB00000000000000000000000000000000000D6
:106AC00000000000000000000000000000000000C6
:106AD00007FAFAFAFFFA0F0FFFFAFAFAFA00FFFACA
:106AE000FFFAFAFAFAFAFFFAFAFA00640000000074
:106AF00000641027000000000000000000000000FB
:106B00000000000000000000000000000000000085
:106B10000000000000000000000000000000000075
:106B20000000000000000000000000000000000065
:106B30000000000000000000000000000000000055
:106B40000000000000000000000000001F03030020
:106B5000FFFAFA070F0F030700010101010101010C
:106B60000101010001010100FF000101010101011A
:106B70000100010100000000000000000000000012
:106B80000000000000000000000000000000000005
:106B900000000000000000000000000000000000F5
:106BA00000000000000000000000000000002110B4
:106BB000422063308440A550C660E7700881299167
:106BC0004AA16BB18CC1ADD1CEE1EFF1311210020F
:106BD00073325222B5529442F772D66239931883B7
:106BE0007BB35AA3BDD39CC3FFF3DEE362244334DB
:106BF00020040114E664C774A44485546AA54BB507
:106C000028850995EEE5CFF5ACC58DD553367226AE
:106C100011163006D776F6669556B4465BB77AA756
:106C200019973887DFF7FEE79DD7BCC7C448E558FA
:106C30008668A7784008611802282338CCC9EDD9A6
:106C40008EE9AFF9488969990AA92BB9F55AD44A4E
:106C5000B77A966A711A500A333A122AFDDBDCCBF6
:106C6000BFFB9EEB799B588B3BBB1AABA66C877C1A
:106C7000E44CC55C222C033C600C411CAEED8FFD46
:106C8000ECCDCDDD2AAD0BBD688D499D977EB66EEE
:106C9000D55EF44E133E322E511E700E9FFFBEEF96
:106CA000DDDFFCCF1BBF3AAF599F788F8891A98158
:106CB000CAB1EBA10CD12DC14EF16FE18010A10042
:106CC000C230E3200450254046706760B983989332
:106CD000FBA3DAB33DC31CD37FE35EF3B102901292
:106CE000F322D2323542145277625672EAB5CBA5FE
:106CF000A89589856EF54FE52CD50DC5E234C324E2
:106D0000A01481046674476424540544DBA7FAB7D1
:106D10009987B8975FE77EF71DC73CD7D326F23631
:106D20009106B01657667676154634564CD96DC91D
:106D30000EF92FE9C899E9898AB9ABA94458654881
:106D400006782768C018E1088238A3287DCB5CDB71
:106D50003FEB1EFBF98BD89BBBAB9ABB754A545AD1
:106D6000376A167AF10AD01AB32A923A2EFD0FED3D
:106D70006CDD4DCDAABD8BADE89DC98D267C076C21
:106D8000645C454CA23C832CE01CC10C1FEF3EFF11
:106D90005DCF7CDF9BAFBABFD98FF89F176E367E71
:106DA000554E745E932EB23ED10EF01E00A001A08F
:106DB00002A003A0800006000400070008000C00E9
:106DC0000E000B000D00000000000000000000009D
:106DD00000000000000000000000000000000000B3
:106DE00000000000000000000000000000000000A3
:106DF0000000000000000000000000000000000093
:106E00000000000000000000000000000000000082
:106E10000000000000000000000000000000000072
:106E20000000000000000000000000000000000062
:106E30000000000000000000000000000000000052
:106E40000000000000000000000000000000000042
:106E50000000000000000000000000000000000032
:106E60000001000200030004000000010000000017
:106E7000000000010101000001000000000000010D
:106E800000010000020000000000000100010000FD
:106E900003000000000000010001000004000000E9
:106EA000000000010001910000C0D9CC000080B4B6
:106EB0003704E8422D0C20000D0040020080000045
:106EC000000000000000E0FF0000910000C0D9CCED
:106ED000000091000040D94400002D0C200000A0CB
:106EE0003C00000000000000000000000000000066
:106EF000000000000000910000C0D9CC00000D008F
:106F0000000202F42D0C20000D0040020000008061
:106F100000000000000000A03C0000000000000095
:106F200000000000000000000D0040020000008092
:106F300000000000000000020102110100008000BA
:106F40008000800080008000800080008000800041
:106F5000C004C000C000C000C000800080008000ED
:106F60008000800080008000800080008000800021
:106F7000800080008000800080008000800004008D
:106F800008000800080008000800080008000800C1
:106F90000800080008000800080008000800210098
:106FA00021002100210021002100210021002100D9
:106FB0002100080008000800080008000800080078
:106FC00003000300030003000300030002000200AB
:106FD00002000200020002000200020002000200A1
:106FE0000200020002000200020002000200020091
:106FF000020002000800080008000800080008005D
:1070000011001100110011001100110010001000FA
:1070100010001000100010001000100010001000F0
:1070200010001000100010001000100010001000E0
:107030001000100008000800080008008000000090
:107040000000000000000000000000000000000040
:107050000000000000000000000000000000000030
:107060000000000000000000000000000000000020
:107070000000000000000000000000000000000010
:107080000000000000000000000000000000000000
:1070900000000000000000000000000000000000F0
:1070A00000000000000000000000000000000000E0
:1070B00000000000000000000000000000000000D0
:1070C00000000000000000000000000000000000C0
:1070D00000000000000000000000000000000000B0
:1070E00000000000000000000000000000000000A0
:1070F0000000000000000000000000000000000090
:10710000000000000000000000000000000000007F
:10711000000000000000000000000000000000006F
:10712000000000000000000000000000000000005F
:107130000000000000000000000000000000FFFF51
:107140000000010002000300040005000600070023
:10715000080009000A000B000C000D000E000F00D3
:107160001000110012001300140015001600170083
:10717000180019001A001B001C001D001E001F0033
:1071800020002100220023002400250026002700E3
:10719000280029002A002B002C002D002E002F0093
:1071A0003000310032003300340035003600370043
:1071B000380039003A003B003C003D003E003F00F3
:1071C00040006100620063006400650066006700C3
:1071D000680069006A006B006C006D006E006F0053
:1071E0007000710072007300740075007600770003
:1071F000780079007A005B005C005D005E005F0053
:107200006000610062006300640065006600670062
:10721000680069006A006B006C006D006E006F0012
:1072200070007100720073007400750076007700C2
:10723000780079007A007B007C007D007E007F0072
:107240008000810082008300840085008600870022
:10725000880089008A008B008C008D008E008F00D2
:107260009000910092009300940095009600970082
:10727000980099009A009B009C009D009E009F0032
:10728000A000A100A200A300A400A500A600A700E2
:10729000A800A900AA00AB00AC00AD00AE00AF0092
:1072A000B000B100B200B300B400B500B600B70042
:1072B000B800B900BA00BB00BC00BD00BE00BF00F2
:1072C000C000C100C200C300C400C500C600C700A2
:1072D000C800C900CA00CB00CC00CD00CE00CF0052
:1072E000D000D100D200D300D400D500D600D70002
:1072F000D800D900DA00DB00DC00DD00DE00DF00B2
:10730000E000E100E200E300E400E500E600E70061
:10731000E800E900EA00EB00EC00ED00EE00EF0011
:10732000F000F100F200F300F400F500F600F700C1
:10733000F800F900FA00FB00FC00FD00FE00FF0071
:107340004859445F4F494C5F54454D5000434F4F9F
:107350004C5F46414E5F535045454400434F4F4CB0
:107360005F46414E5F444952454354494F4E0049A0
:10737000474E4954494F4E5F535749544348005371
:107380005441525445525F52454C41590048454181
:10739000444C494748545300574F524B4C49474877
:1073A0005453005441494C4C4947485453004149B7
:1073B000525F5245535452494354004655454C5F21
:1073C0004C4556454C004341425F444F4F520048A4
:1073D00059445F464C5549445F4C4556454C005016
:1073E00041524B5F4252414B4500524547454E5F2B
:1073F000414C4C4F57005452414354494F4E5F56F5
:10740000414C56450049474E4954494F4E5F5357EA
:107410004954434800504F5745525F4153534953D5
:1074200054004341425F444F4F52005041524B5F22
:107430004252414B4500574845454C5F53504545E6
:10744000440050524F50454C5F4657440050524FF5
:1074500050454C5F5245560053484946545F434F90
:10746000494C004241434B55505F414C41524D0005
:107470005448524F54544C455F5550005448524F55
:1074800054544C455F444F574E004341425F444F74
:107490004F520049474E4954494F4E5F5357495444
:1074A0004348004155544F5F554E4C4F4144004DA9
:1074B000414E55414C5F554E4C4F41440043414273
:1074C0005F444F4F520049474E4954494F4E5F5316
:1074D00057495443480053484146545F50554D5016
:1074E00000464C4F575F434F4E54524F4C0044564A
:1074F0005F53574545500052454C4945465F5052F1
:107500004553530052494748545F535749544348E1
:10751000004C4546545F5357495443480048454141
:10752000445F4C494D495400484541445F4C4946ED
:10753000545F434F494C00484541445F4C4F5745C9
:10754000525F434F494C0052494748545F53574993
:10755000544348004C4546545F53574954434800F0
:1075600048495443485F52455452414354004849A6
:107570005443485F455854454E4400524F5441527D
:10758000595F54524150004341425F444F4F5200B3
:1075900049474E4954494F4E5F5357495443480059
:1075A000535449434B424F585F4F4E005354494345
:1075B0004B424F585F4F50454E004341425F444F4E
:1075C0004F520049474E4954494F4E5F5357495413
:1075D000434800535449434B5F52454D4F56455223
:1075E0000046414E5F5350454544004341425F448D
:1075F0004F4F520046414E5F485944524F5F4657E5
:107600004400484541445F5052455353555245004C
:107610005448524F54544C455F444F574E005448C1
:10762000524F54544C455F5550004341425F444FC4
:107630004F520049474E4954494F4E5F53574954A2
:1076400043480046414E5F53504545440050415227
:107650004B5F4252414B4500574845454C5F5350A4
:10766000454544004859445F464C5549445F4C45A4
:1076700056454C005452414354494F4E5F56414C7D
:107680005645004655454C5F4C4556454C004149D2
:10769000525F5245535452494354004C4546545F3F
:1076A0005357495443480052494748545F53574938
:1076B00054434800484541445F4C494D49540052A9
:1076C000454C4945465F5052455353004859445F25
:1076D0004F494C5F54454D500046414E5F48594418
:1076E000524F5F46574400535449434B5F52454DF8
:1076F0004F56455200535449434B424F585F4F50E9
:10770000454E00535449434B424F585F4F4E005330
:10771000484146545F50554D5000524F54415259C4
:107720005F545241500050524F50454C5F524556A5
:107730000050524F50454C5F465744004241434B26
:1077400055505F414C41524D0053484946545F43A8
:107750004F494C005452414354494F4E5F56414C9F
:10776000564500504F5745525F41535349535400BB
:10777000524547454E5F414C4C4F5700574F524B77
:107780004C494748545300484541444C49474854A4
:1077900053005441494C4C494748545300484954BC
:1077A00043485F524554524143540048495443486A
:1077B0005F455854454E4400484541445F4C4F573F
:1077C00045525F434F494C00484541445F4C494650
:1077D000545F434F494C0044565F53574545500052
:1077E000535441525445525F52454C415900464C06
:1077F0004F575F434F4E54524F4C00434F4F4C5FD7
:1078000046414E5F535045454400434F4F4C5F4601
:10781000414E5F444952454354494F4E004D414EFD
:1078200055414C5F554E4C4F4144004155544F5FBC
:10783000554E4C4F41440000FF00FF00FF00010087
:10784000FF000100FF004553582D34434D2D4120CA
:107850006F70656E535944452053657276657200AA
:1078600076302E3031723000FEFDFBF7EFDFBF7F48
:1078700001030001FFFFFFFFFFFFFFFF6E6574695B
:10788000665F69737375655F7265706F7274733A62
:1078900020696E76616C6964206E65746966006942
:1078A0006E76616C696420706F696E746572006ECB
:1078B000657469665F696E7075743A20696E766189
:1078C0006C69642070627566006E657469665F69D4
:1078D0006E7075743A20696E76616C6964206E65AD
:1078E000746966006E6574696620616C72656164B6
:1078F0007920616464656400746F6F206D616E79D6
:10790000206E65746966732C206D61782E20737506
:1079100070706F72746564206E756D626572206937
:107920007320323535007261772070636220726592
:1079300063762063616C6C6261636B20616C74655B
:107940007265642070627566207061796C6F616425
:1079500020706F696E74657220776974686F7574D2
:1079600020656174696E67207061636B65740043A4
:10797000616E277420726573746F7265206865612B
:10798000646572207765206A7573742072656D6F07
:1079900076656421007463705F667265653A204C99
:1079A000495354454E0070636220213D204E554C92
:1079B0004C00616363657074735F70656E64696EBB
:1079C0006720213D2030007063622D3E7374617426
:1079D00065203D3D204C495354454E202863616C41
:1079E0006C656420666F722077726F6E67207063BB
:1079F000623F29007463705F7570646174655F72C3
:107A000063765F616E6E5F776E643A20696E766151
:107A10006C696420706362006E65775F7263765F85
:107A2000616E6E5F776E64203C3D203078666666DE
:107A30006600646F6E27742063616C6C20746370E1
:107A40005F72656376656420666F72206C6973741B
:107A5000656E2D70636273007463705F7365675F3A
:107A6000636F70793A20696E76616C696420736522
:107A70006700696E76616C696420736F636B65740F
:107A800020737461746520666F722072656376205E
:107A900063616C6C6261636B00696E76616C6964D2
:107AA00020736F636B657420737461746520666FF7
:107AB000722073656E742063616C6C6261636B002D
:107AC000696E76616C696420736F636B6574207393
:107AD0007461746520666F72206572722063616CD8
:107AE0006C6261636B00696E76616C696420736FB0
:107AF000636B657420737461746520666F722070A7
:107B00006F6C6C007463705F6E6578745F6973731B
:107B10003A20696E76616C696420706362007463F8
:107B2000705F6566665F73656E645F6D73735F6ECD
:107B3000657469663A20696E76616C696420647365
:107B4000745F6970007463705F7063625F72656D0B
:107B50006F76653A20696E76616C69642070636245
:107B6000007463705F7063625F72656D6F76653A13
:107B700020696E76616C6964207063626C697374ED
:107B800000756E73656E74207365676D656E7473D2
:107B9000206C65616B696E6700756E61636B65640F
:107BA000207365676D656E7473206C65616B696EBB
:107BB00067006F6F736571207365676D656E7473B1
:107BC000206C65616B696E6700646F6E277420635B
:107BD000616C6C207463705F61626F72742F746388
:107BE000705F6162616E646F6E20666F72206C6997
:107BF0007374656E2D70636273007463705F61638C
:107C0000636570745F6E756C6C3A20696E76616C3A
:107C1000696420706362007463705F6E6574696686
:107C20005F69705F616464725F6368616E676564F9
:107C30005F7063626C6973743A20696E76616C6917
:107C400064206F6C645F6164647200696E76616C5D
:107C50006964207374617465007463705F636C6F32
:107C600073655F73687574646F776E3A20696E76BA
:107C7000616C696420706362007063622D3E666CA3
:107C800061677320262054465F5258434C4F53453A
:107C900044007463705F667265655F6C69737465D8
:107CA0006E3A20214C495354454E007463705F7303
:107CB0006C6F77746D723A206163746976652070B9
:107CC00063622D3E737461746520213D20434C4FE7
:107CD000534544007463705F736C6F77746D723AD0
:107CE00020616374697665207063622D3E737461F0
:107CF000746520213D204C495354454E00746370F7
:107D00005F736C6F77746D723A2061637469766526
:107D1000207063622D3E737461746520213D205490
:107D2000494D452D57414954007463705F736C6F22
:107D30007774696D723A2070657273697374207418
:107D400069636B696E67207769746820696E2D6658
:107D50006C696768742064617461007463705F7338
:107D60006C6F7774696D723A2070657273697374A1
:107D7000207469636B696E67207769746820656D2C
:107D80007074792073656E64206275666665720032
:107D90007463705F736C6F77746D723A206D696491
:107DA000646C652074637020213D207463705F6192
:107DB00063746976655F70636273007463705F7388
:107DC0006C6F77746D723A20666972737420706399
:107DD00062203D3D207463705F6163746976655F06
:107DE00070636273007463705F736C6F77746D722D
:107DF0003A2054494D452D57414954207063622D16
:107E00003E7374617465203D3D2054494D452D57A6
:107E1000414954007463705F736C6F77746D723A8C
:107E2000206D6964646C652074637020213D20744A
:107E300063705F74775F70636273007463705F7305
:107E40006C6F77746D723A20666972737420706318
:107E500062203D3D207463705F74775F706362736E
:107E600000434C4F534544004C495354454E005336
:107E7000594E5F53454E540053594E5F524356443A
:107E80000045535441424C49534845440046494EED
:107E90005F574149545F310046494E5F574149544D
:107EA0005F3200434C4F53455F5741495400434CA8
:107EB0004F53494E47004C4153545F41434B00548C
:107EC000494D455F574149540003060C183060780E
:107ED0000102030405060707070707070774637015
:107EE0005F6F6F735F696E736572745F7365676DE3
:107EF000656E743A20696E76616C6964206373659F
:107F000067007463705F70617273656F70743A209C
:107F1000696E76616C696420706362007463705F7F
:107F2000696E7075745F64656C617965645F636CBC
:107F30006F73653A20696E76616C69642070636264
:107F4000007063622D3E736E645F71756575656C5C
:107F5000656E203E3D20706275665F636C656E28BD
:107F60006E6578742D3E7029007463705F7265636E
:107F7000656976653A2076616C696420717565750E
:107F800065206C656E677468007463705F7265630A
:107F9000656976653A20696E76616C696420706304
:107FA00062007463705F726563656976653A207715
:107FB000726F6E6720737461746500696E736567B4
:107FC0002E7020213D204E554C4C00696E73616E21
:107FD00065206F6666736574210070627566207433
:107FE0006F6F2073686F727421007463705F7265C5
:107FF00063656976653A207365676D656E74206E9A
:108000006F74207472696D6D656420636F72726540
:1080100063746C7920746F207263765F776E64008E
:108020007463705F726563656976653A207365672E
:108030006D656E74206E6F74207472696D6D656409
:1080400020636F72726563746C7920746F206F6F38
:10805000736571207175657565007463705F726515
:1080600063656976653A207463706C656E203E20A6
:108070007263765F776E64007463705F72656365C8
:108080006976653A206F6F736571207463706C65F3
:108090006E203E207263765F776E64007463705F5B
:1080A000696E7075743A20696E76616C69642070CF
:1080B00062756600702D3E6E65787420213D204EFD
:1080C000554C4C00702D3E6C656E203D3D203000BF
:1080D000702D3E746F745F6C656E203D3D20702D79
:1080E0003E6E6578742D3E746F745F6C656E0074BF
:1080F00063705F696E7075743A2061637469766548
:10810000207063622D3E737461746520213D2043AD
:108110004C4F534544007463705F696E7075743AD8
:1081200020616374697665207063622D3E737461AB
:10813000746520213D2054494D452D574149540037
:108140007463705F696E7075743A206163746976E8
:1081500065207063622D3E737461746520213D203B
:108160004C495354454E007463705F696E7075746A
:108170003A207063622D3E6E65787420213D207038
:10818000636220286265666F72652063616368655B
:1081900029007463705F696E7075743A2070636251
:1081A0002D3E6E65787420213D2070636220286129
:1081B0006674657220636163686529007463705F2B
:1081C000696E7075743A2054494D452D5741495494
:1081D000207063622D3E7374617465203D3D2054B0
:1081E000494D452D57414954007463705F696E7065
:1081F00075743A207063622D3E737461746520213A
:108200003D20434C4F534544007063622D3E736ED6
:10821000645F71756575656C656E203E2030006E1B
:108220006F207365676D656E7420746F206672656C
:1082300065007063622D3E6C697374656E65722DA6
:108240003E61636365707420213D204E554C4C00A7
:108250007063622D3E726566757365645F646174F8
:1082600061203D3D204E554C4C007463705F6F752E
:10827000747075745F7365676D656E745F62757336
:10828000793A20696E76616C696420736567007461
:1082900063705F706275665F707265616C6C6F634E
:1082A0003A20696E76616C6964206F7665727369D5
:1082B0007A65007463705F706275665F7072656185
:1082C0006C6C6F633A20696E76616C6964207063D0
:1082D00062006E65656420756E636861696E6564D1
:1082E0002070627566007463705F637265617465A7
:1082F0005F7365676D656E743A20696E76616C694F
:108300006420706362007463705F6372656174659A
:108310005F7365676D656E743A20696E76616C692E
:1083200064207062756600702D3E746F745F6C65BA
:108330006E203E3D206F70746C656E007463705FDC
:108340006F75747075745F636F6E74726F6C5F734A
:1083500065676D656E745F6E657469663A206E6FF1
:10836000206E6574696620676976656E006368656E
:10837000636B207468617420666972737420706224
:1083800075662063616E20686F6C6420737472750B
:108390006374207463705F686472007463705F6FED
:1083A00075747075745F616C6C6F635F6865616430
:1083B00065723A20696E76616C6964207063620050
:1083C0007463705F6F75747075745F66696C6C5FF1
:1083D0006F7074696F6E733A20696E76616C696450
:1083E0002070627566007463705F7273743A2069FE
:1083F0006E76616C6964206C6F63616C5F6970009C
:108400007463705F7273743A20696E76616C69642C
:108410002072656D6F74655F6970007463705F6F63
:1084200075747075745F636F6E74726F6C5F736573
:10843000676D656E743A20696E76616C6964207050
:10844000627566007463705F77726974653A207054
:1084500062756673206F6E207175657565203D3E8F
:10846000206174206C65617374206F6E6520717576
:10847000657565206E6F6E2D656D7074790074631F
:10848000705F77726974653A206E6F2070627566EE
:1084900073206F6E207175657565203D3E20626F9B
:1084A00074682071756575657320656D70747900E9
:1084B0006D73735F6C6F63616C20697320746F6F91
:1084C00020736D616C6C00696E636F6E7369737499
:1084D000656E74206F76657273697A652076732E87
:1084E00020737061636500696E636F6E7369737486
:1084F000656E74206F76657273697A652076732E67
:10850000206C656E007463705F77726974653A20E1
:10851000524F4D2070627566732063616E6E6F748A
:10852000206265206F76657273697A656400756E86
:1085300073656E745F6F76657273697A65206D69B5
:10854000736D6174636820287063622D3E756E736D
:10855000656E74206973204E554C4C29007463700D
:108560005F77726974653A20636865636B2074682D
:10857000617420666972737420706275662063612D
:108580006E20686F6C642074686520636F6D706C1A
:10859000657465207365676C656E006F76657273D0
:1085A000697A65203D3D203000707265765F7365A5
:1085B0006720213D204E554C4C007463705F7772EC
:1085C0006974653A2063616E6E6F7420636F6E63C9
:1085D0006174656E617465207768656E2070636292
:1085E0002D3E756E73656E7420697320656D7074B1
:1085F00079007463705F77726974653A2065787486
:10860000656E73696F6E206F662072656665726550
:108610006E63652072657175697265732072656637
:108620006572656E6365007463705F777269746507
:108630003A2076616C6964207175657565206C659A
:108640006E677468007463705F73706C69745F75D3
:108650006E73656E745F7365673A20696E76616CE0
:108660006964207063620043616E27742073706CCC
:108670006974207365676D656E7420696E746F2010
:108680006C656E67746820300073706C6974203C90
:108690003D206D737300757365672D3E6C656E20AC
:1086A0003E2030007463705F656E71756575655F3F
:1086B000666C6167733A206E6565642065697468ED
:1086C0006572205443505F53594E206F72205443BB
:1086D000505F46494E20696E20666C6167732028A2
:1086E00070726F6772616D6D65722076696F6C6113
:1086F0007465732041504929007463705F656E7121
:10870000756575655F666C6167733A20696E766141
:108710006C696420706362007463705F656E71756C
:108720006575655F666C6167733A20636865636B46
:108730002074686174206669727374207062756653
:108740002063616E20686F6C64206F70746C656E5E
:10875000007365672D3E746370686472206E6F7479
:1087600020616C69676E6564007463705F656E712B
:10877000756575655F666C6167733A20696E7661D1
:108780006C6964207365676D656E74206C656E67D7
:108790007468007463705F656E71756575655F669A
:1087A0006C6167733A20696E76616C6964207175DB
:1087B000657565206C656E677468007463705F73BF
:1087C000656E645F66696E3A20696E76616C696495
:1087D00020706362007463705F7265786D69745FA6
:1087E00072746F5F707265706172653A20696E763F
:1087F000616C696420706362007463705F72657895
:108800006D69743A20696E76616C69642070636288
:10881000007463705F7265786D69745F666173740C
:108820003A20696E76616C696420706362007463DB
:10883000705F73656E645F656D7074795F61636BA3
:108840003A20696E76616C696420706362007463BB
:10885000705F6F75747075743A20696E76616C69BB
:10886000642070636200646F6E27742063616C6CB7
:10887000207463705F6F757470757420666F7220FA
:108880006C697374656E2D7063627300525354206B
:108890006E6F7420657870656374656420686572B6
:1088A0006521006F7074696F6E73206E6F7420663F
:1088B000696C6C6564007463705F7265786D69746F
:1088C0005F72746F5F636F6D6D69743A20696E7665
:1088D000616C696420706362007463705F726578B4
:1088E0006D69745F72746F3A20696E76616C696449
:1088F00020706362007463705F6B656570616C69A2
:1089000076653A20696E76616C69642070636200F6
:108910007463705F7A65726F5F77696E646F775F9B
:1089200070726F62653A20696E76616C696420705E
:108930006362007379735F74696D656F75743A2053
:1089400074696D656F757420213D204E554C4C2C1B
:1089500020706F6F6C204D454D505F5359535F54DD
:10896000494D454F555420697320656D70747900E9
:1089700054696D656F75742074696D6520746F6FCF
:10898000206C6F6E672C206D6178206973204C57C6
:1089900049505F55494E5433325F4D41582F342072
:1089A0006D73656373007564705F696E7075745F75
:1089B0006C6F63616C5F6D617463683A20696E7699
:1089C000616C696420706362007564705F696E70C9
:1089D00075745F6C6F63616C5F6D617463683A207E
:1089E000696E76616C6964206E6574696600756491
:1089F000705F696E7075743A20696E76616C696437
:108A00002070627566007564705F696E7075743A87
:108A100020696E76616C6964206E657469660070A9
:108A20006275665F72656D6F76655F6865616465C6
:108A300072206661696C656400636865636B2074AD
:108A40006861742066697273742070627566206351
:108A5000616E20686F6C6420737472756374207526
:108A600064705F686472006163645F636F6E666CFC
:108A70006963745F63616C6C6261636B20213D208C
:108A80004E554C4C006163645F72656D6F7665286E
:108A9000293A20616364206E6F74206F6E206C69C8
:108AA00073740A00646863705F6F7074696F6E5FDF
:108AB00073686F72743A206F7074696F6E735F6F52
:108AC00075745F6C656E202B2032203C3D2044483D
:108AD00043505F4F5054494F4E535F4C454E0064D6
:108AE0006863705F6F7074696F6E3A206F7074693D
:108AF0006F6E735F6F75745F6C656E202B20322014
:108B00002B206F7074696F6E5F6C656E203C3D202A
:108B1000444843505F4F5054494F4E535F4C454E6D
:108B200000646863705F6F7074696F6E5F62797400
:108B3000653A206F7074696F6E735F6F75745F6CE8
:108B4000656E203C20444843505F4F5054494F4E7F
:108B5000535F4C454E00646863705F6F7074696F5B
:108B60006E5F6C6F6E673A206F7074696F6E735FC3
:108B70006F75745F6C656E202B2034203C3D204463
:108B80004843505F4F5054494F4E535F4C454E0041
:108B9000646863705F6372656174655F6D73673A83
:108BA00020636865636B2074686174206669727302
:108BB0007420706275662063616E20686F6C64203B
:108BC00073747275637420646863705F6D7367009B
:108BD000646863705F696E635F7063625F7265662D
:108BE000636F756E7428293A206D656D6F727920F8
:108BF0006C65616B00444843503A20686F73746E33
:108C0000616D6520697320746F6F206C6F6E6721D2
:108C100000444843502073686F756C64206265207F
:108C2000656E61626C65642061742074686973208C
:108C3000706F696E742C206275742069742069737A
:108C4000206E6F742100646863705F7063625F728E
:108C50006566636F756E7428293A20726566636F66
:108C6000756E74206572726F7200636865636B2045
:108C70006465636F64655F696478006E65746966D6
:108C800020213D204E554C4C006468637020213DEE
:108C9000204E554C4C006E6574696620616C72659F
:108CA00061647920686173206120737472756374E4
:108CB00020646863702073657400696E76616C6906
:108CC0006420646863702D3E7374617465000103F1
:108CD0001C066172705F7461626C655B695D2E7108
:108CE000203D3D204E554C4C006172705F746162B6
:108CF0006C655B695D2E7374617465203D3D204534
:108D000054484152505F53544154455F454D50546F
:108D100059006E6574696620213D204E554C4C000B
:108D2000636865636B20746861742066697273742C
:108D300020706275662063616E20686F6C642073BA
:108D40007472756374206574686172705F686472B0
:108D5000006E657469662D3E6877616464725F6C4D
:108D6000656E206D7573742062652074686520736C
:108D7000616D65206173204554485F485741444404
:108D8000525F4C454E20666F722065746861727048
:108D900021006574685F72657420213D204E554C3A
:108DA0004C2026262069705F72657420213D204E7C
:108DB000554C4C0069706164647220213D204E5511
:108DC0004C4C006574685F72657420213D204E55DF
:108DD0004C4C006E657469662D3E68776164647200
:108DE0005F6C656E203D3D204554485F48574144C7
:108DF00044525F4C454E006172705F7461626C65F5
:108E00005B6172705F6964785D2E73746174652054
:108E10003E3D204554484152505F53544154455FB4
:108E2000535441424C450074797065206F766572E9
:108E3000666C6F77006172705F7461626C655B690C
:108E40005D2E7374617465203D3D2050454E44494C
:108E50004E47206F7220535441424C45006E6F20A4
:108E60007061636B65742071756575657320616CE5
:108E70006C6F77656421007120213D204E554C4C6C
:108E800000636865636B207468617420666972733F
:108E90007420706275662063616E20686F6C642058
:108EA00069636D70206D6573736167650069636DDB
:108EB000705F696E7075743A206D6F76696E6720A9
:108EC000722D3E7061796C6F616420746F206963EC
:108ED0006D7020686561646572206661696C6564A7
:108EE0000069636D705F696E7075743A20726573A6
:108EF000746F72696E67206F726967696E616C204A
:108F0000702D3E7061796C6F6164206661696C657B
:108F1000640069676D705F73656E643A20636865AD
:108F2000636B207468617420666972737420706268
:108F300075662063616E20686F6C6420737472754F
:108F400063742069676D705F6D73670069676D702A
:108F50005F6C6F6F6B75705F67726F75703A2066CC
:108F6000697273742067726F7570206D75737420E9
:108F7000626520616C6C73797374656D73006967E9
:108F80006D705F6C6F6F6B75705F67726F75703A45
:108F900020616C6C206578636570742066697273FB
:108FA000742067726F7570206D757374206E6F74A6
:108FB00020626520616C6C73797374656D730073E6
:108FC000616E69747920636865636B206C696E6B90
:108FD0006564206C697374007072657620213D2091
:108FE00069707200707265762D3E6E657874203DF2
:108FF0003D206970720070627566735F66726565A8
:1090000064202B20636C656E203C3D2030786666C2
:1090100066660069705F72656173735F7062756622
:10902000636F756E74203E3D2070627566735F6677
:1090300072656564007020213D204E554C4C0070D7
:10904000637220213D204E554C4C00636865636B74
:1090500020667261676D656E747320646F6E27742D
:10906000206F7665726C6170006E6F20707265762D
:10907000696F757320667261676D656E742C2074FC
:10908000686973206D75737420626520746865204B
:10909000666972737420667261676D656E74210013
:1090A00073616E69747920636865636B0076616CC7
:1090B00069646174655F646174616772616D3A6E61
:1090C0006578745F70627566213D4E554C4C006941
:1090D000705F72656173735F70627566636F756EE2
:1090E00074203E3D20636C656E006E6F742066696F
:1090F000727374616C74686F756768206A757374D5
:1091000020656E7175657565640074686973206E9D
:10911000656564732061207062756620696E206FDA
:109120006E652070696563652100702D3E6C656E0B
:10913000203E3D20706F666600702D3E7265662091
:109140003D3D203100636865636B20746861742065
:10915000666972737420706275662063616E206840
:109160006F6C64207374727563742069705F6864D7
:10917000720073656C6563745F63622D3E70726527
:1091800076203D3D204E554C4C0073656C656374F4
:109190005F63622D3E7072657620213D204E554CF6
:1091A0004C00736F636B6574735B695D2E73656CE4
:1091B0006563745F77616974696E67203D3D203037
:1091C000006E7265616479203E3D203000736F63EC
:1091D0006B2D3E73656C6563745F77616974696E4E
:1091E00067203E2030006E6F20736F636B657420C4
:1091F000676976656E00746869732073686F756C53
:109200006420626520636865636B656420696E74C1
:1092100065726E616C6C79007020213D204E554C5A
:109220004C00696E76616C696420636F70796C655F
:109230006E2C206C656E20776F756C6420756E6483
:109240006572666C6F7700696E76616C6964206325
:109250006F70796C656E00756E6B6E6F776E2065E2
:1092600076656E7400556E6B6E6F776E20736F63EC
:109270006B6574206F7074696F6E0066726F6D61DC
:1092800064647220213D204E554C4C0066726F6D17
:1092900020213D204E554C4C0066726F6D6C656E02
:1092A00020213D204E554C4C0062756620213D200A
:1092B0004E554C4C006E6577636F6E6E20213D20DD
:1092C0004E554C4C00696E76616C696420736F6317
:1092D0006B657420696E64657800736F636B2D3EF7
:1092E0006C61737464617461203D3D204E554C4C3B
:1092F00000556E68616E646C6564206E6574636FA2
:109300006E6E207479706520696E20534F5F4249FC
:109310004E44544F44455649434500746370697048
:109320005F7468726561643A20696E76616C696425
:10933000206D65737361676500496E76616C696461
:10934000206D626F78006661696C656420746F20BF
:109350006372656174652074637069705F746872AC
:10936000656164206D626F78006661696C65642078
:10937000746F20637265617465206C6F636B5F74DA
:10938000637069705F636F72650074637069705FAA
:10939000746872656164006E657469662D3E6877F5
:1093A000616464725F6C656E206D757374206265B4
:1093B000203620666F722065746865726E65745F12
:1093C0006F75747075742100000000000000FFFFCD
:1093D000FFFFFFFF46756E6374696F6E2063616CFB
:1093E0006C656420776974686F757420636F72654B
:1093F000206C6F636B00696E76616C6964206D62CE
:109400006F7800556E657870656374656420657269
:10941000726F7200646E7320736572766572206F6E
:109420007574206F66206172726179006172726179
:109430007920696E646578206F7574206F6620628C
:109440006F756E647300756E6B6E6F776E20646EF1
:10945000735F7461626C6520656E747279207374D9
:109460006174653A006D656D5F6D616C6C6F63284A
:10947000293A206E6F20706F6F6C206973207468BA
:109480006174206269672100726D656D20213D2045
:109490004E554C4C00726D656D203D3D204D454D47
:1094A0005F414C49474E28726D656D2900686D65B6
:1094B0006D20213D204E554C4C00686D656D203D62
:1094C0003D204D454D5F414C49474E28686D656DC7
:1094D0002900686D656D2D3E706F6F6C6E72203C5B
:1094E000204D454D505F4D4158006D656D705F6D6D
:1094F000616C6C6F633A206D656D702070726F7077
:1095000065726C7920616C69676E6564006D656D6C
:10951000705F667265653A206D656D2070726F7060
:1095200065726C7920616C69676E656400696E763E
:10953000616C696420706F6F6C2064657363004DAB
:10954000414C4C4F435F31353430004D414C4C4F12
:10955000435F353630004D414C4C4F435F31373619
:1095600000504255465F504F4F4C00504255465FA9
:109570005245462F524F4D004E45544442005359D8
:10958000535F54494D454F55540049474D505F472F
:10959000524F5550004E455449464150495F4D5336
:1095A000470053454C4543545F434200444E535F8C
:1095B0004150495F4D5347004150495F4D5347006B
:1095C00054435049505F4D53475F415049004E4509
:1095D00054434F4E4E004E4554425546004652416C
:1095E000475F504255460052454153534441544110
:1095F000005443505F534547005443505F5043422B
:109600005F4C495354454E005443505F5043420011
:109610005544505F504342005241575F504342000F
:109620007020213D204E554C4C00696E76616C696E
:109630006420706275665F7479706500706275662B
:109640005F667265653A20702D3E726566203E2029
:10965000300070632D3E637573746F6D5F66726565
:10966000655F66756E6374696F6E20213D204E558F
:109670004C4C00696E76616C69642070627566207E
:109680007479706500706275665F616C6C6F633AC7
:10969000206572726F6E656F7573207479706500E6
:1096A000706275665F7265616C6C6F633A207020E2
:1096B000213D204E554C4C00706275665F726561AD
:1096C0006C6C6F633A207120213D204E554C4C004C
:1096D0006D656D5F7472696D2072657475726E650B
:1096E000642072203D3D204E554C4C006D656D5FF1
:1096F0007472696D2072657475726E656420722073
:10970000213D2071007062756620726566206F765B
:109710006572666C6F7700702D3E746F745F6C6558
:109720006E203D3D20702D3E6C656E20286F6620BA
:109730006C617374207062756620696E2063686165
:10974000696E2900702D3E6E657874203D3D204E77
:10975000554C4C00702D3E746F745F6C656E203DEF
:109760003D20702D3E6C656E202B20712D3E746F58
:10977000745F6C656E00702D3E746F745F6C656E07
:10978000203D3D20702D3E6C656E006F66667365F2
:10979000745F746F203C3D20705F746F2D3E6C656C
:1097A0006E006F66667365745F66726F6D203C3D18
:1097B00020705F66726F6D2D3E6C656E0070627515
:1097C000665F74616B653A20696E76616C696420CE
:1097D0007062756600646964206E6F7420636F70D8
:1097E0007920616C6C206461746100636865636BEF
:1097F00020706275665F736B697020726573756C3B
:109800007400706275665F636F7079206661696C61
:1098100065640066726565696E6720636F6E6E20B1
:10982000776974686F75742066726565696E672004
:1098300070636200636F6E6E20686173206E6F20CC
:10984000726563766D626F7800636F6E6E2D3E6138
:1098500063636570746D626F782073686F756C6494
:109860006E277420657869737400636F6E6E20686C
:109870006173206E6F206F705F636F6D706C6574C5
:10988000656400646F5F7772697465206661696CF6
:10989000656420746F20777269746520616C6C2038
:1098A00062797465730062756620213D204E554CC7
:1098B0004C007020213D204E554C4C007265637663
:1098C0005F756470206D75737420686176652061C2
:1098D0002070636220617267756D656E74007265D9
:1098E00063765F756470206D75737420686176654A
:1098F00020616E20617267756D656E7400726563BC
:10990000765F7564703A207265637620666F7220A8
:1099100077726F6E67207063622100636F6E6E2DC9
:109920003E7374617465203D3D204E4554434F4E57
:109930004E5F434F4E4E4543540028636F6E6E2D6D
:109940003E63757272656E745F6D736720213D2092
:109950004E554C4C29207C7C20636F6E6E2D3E69E9
:109960006E5F6E6F6E5F626C6F636B696E675F6375
:109970006F6E6E65637400626C6F636B696E6720F7
:10998000636F6E6E656374207374617465206572B5
:10999000726F7200636F6E6E20213D204E554C4CED
:1099A00000636F6E6E2D3E7374617465203D3D20C3
:1099B0004E4554434F4E4E5F575249544500636FD6
:1099C0006E6E2D3E63757272656E745F6D73672087
:1099D000213D204E554C4C00636F6E6E2D3E7063E2
:1099E000622E74637020213D204E554C4C00636FF5
:1099F0006E6E2D3E63757272656E745F6D73672D4A
:109A00003E6D73672E772E6F6666736574203C20FB
:109A1000636F6E6E2D3E63757272656E745F6D73EB
:109A2000672D3E6D73672E772E6C656E00636F6ECB
:109A30006E2D3E63757272656E745F6D73672D3E39
:109A40006D73672E772E766563746F725F636E74C5
:109A5000203E2030006C7769705F6E6574636F6EB6
:109A60006E5F646F5F77726974656D6F72653A20BF
:109A7000696E76616C6964206C656E67746821003C
:109A8000696E76616C696420636F6E6E00746869DC
:109A90007320697320666F7220746370206E657422
:109AA000636F6E6E73206F6E6C7900636F6E6E20E5
:109AB0006D75737420626520696E207374617465BE
:109AC000204E4554434F4E4E5F434C4F534500701C
:109AD000636220616C726561647920636C6F736589
:109AE0006400436C6F73696E672061206C697374E6
:109AF000656E20706362206D6179206E6F742066E0
:109B000061696C2100726563765F746370206D75A6
:109B100073742068617665206120706362206172D1
:109B200067756D656E7400726563765F746370202F
:109B30006D757374206861766520616E206172674F
:109B4000756D656E740065727220213D204552521C
:109B50005F4F4B20756E68616E646C656400726562
:109B600063765F7463703A207265637620666F7205
:109B70002077726F6E67207063622100756E686176
:109B80006E646C6564206572726F7200636F6E6ED6
:109B90002D3E63757272656E745F6D7367203D3D17
:109BA000204E554C4C00696E76616C6964206F7074
:109BB0005F636F6D706C657465645F73656D006580
:109BC000727220213D204E554C4C006E6574636FBF
:109BD0006E6E5F616C6C6F633A20756E646566696A
:109BE0006E6564206E6574636F6E6E5F7479706508
:109BF00000504342206D7573742062652064656176
:109C00006C6C6F6361746564206F757473696465EF
:109C100020746869732066756E6374696F6E007274
:109C20006563766D626F78206D7573742062652050
:109C30006465616C6C6F6361746564206265666FF6
:109C400072652063616C6C696E672074686973204B
:109C500066756E6374696F6E006163636570746DC1
:109C6000626F78206D757374206265206465616C25
:109C70006C6F6361746564206265666F72652063F2
:109C8000616C6C696E6720746869732066756E63B9
:109C900074696F6E00657870656374206E657770A7
:109CA0006362203D3D204E554C4C206F7220657202
:109CB00072203D3D204552525F4F4B006E657463EC
:109CC0006F6E6E207374617465206572726F7200BE
:109CD000616C72656164792077726974696E67205E
:109CE0006F7220636C6F73696E6700737461746563
:109CF00021007063622D3E7374617465203D3D20C8
:109D00004C495354454E202863616C6C6564206651
:109D10006F722077726F6E67207063623F29006DEB
:109D200073672D3E6D73672E772E6C656E20213D17
:109D3000203000696E76616C6964206E6574636FB3
:109D40006E6E5F7479706500646F5F676574686FCD
:109D5000737462796E616D65207374696C6C2069CF
:109D60006E2070726F6772657373212100000000AE
:109D700000FFFDF8FAF5FFFFFFFFFFF600FFFFFF12
:109D8000FFFFFFFFFFFFF6F7FA7F7F7F7F7F7FC236
:109D9000260800FFFFFFFFFFFFFFFFC000000000DD
:109DA00000000044554D4D59000001020B0405020E
:109DB000000102030405060708090A0B0C0D0E003A
:109DC0000102000102000102030102030102034D2E
:109DD0004D5500496E7465726E616C2050726F74DF
:109DE000656374696F6E00496E737472756374692C
:109DF0006F6E204572726F727300436F6E74657878
:109E000074204D616E6167656D656E740053797382
:109E100074656D2042757320616E642050657269AF
:109E200070686572616C204572726F727300417365
:109E300073657274696F6E20547261707300537928
:109E40007363616C6C004E4D4900436C6173732009
:109E5000302C2054494E20303A2056414620202DA7
:109E6000207669727475616C2061646472657373C5
:109E70002066696C6C00436C61737320302C205435
:109E8000494E20313A2056415020202D20766972CB
:109E90007475616C20616464726573732070726F95
:109EA00074656374696F6E00436C61737320312C49
:109EB0002054494E20313A2050524956202D2070CE
:109EC000726976696C6567656420696E7374727512
:109ED0006374696F6E00436C61737320312C20547E
:109EE000494E20323A204D505220202D206D656D74
:109EF0006F72792070726F74656374696F6E20720F
:109F000065616400436C61737320312C2054494EA9
:109F100020333A204D505720202D206D656D6F72F3
:109F2000792070726F74656374696F6E20777269DF
:109F3000746500436C61737320312C2054494E20AA
:109F4000343A204D505820202D206D656D6F727968
:109F50002070726F74656374696F6E2065786563D5
:109F600075746500436C61737320312C2054494E25
:109F700020353A204D505020202D206D656D6F7298
:109F8000792070726F74656374696F6E207065728A
:109F90006970686572616C20616363657373004307
:109FA0006C61737320312C2054494E20363A204D79
:109FB000504E20202D206D656D6F72792070726F6C
:109FC00074656374696F6E204E554C4C20616464F7
:109FD0007265737300436C61737320312C20544994
:109FE0004E20373A2047525750202D20676C6F6221
:109FF000616C207265676973746572207772697429
:10A00000652070726F74656374696F6E00436C6174
:10A01000737320322C2054494E20313A20494F503E
:10A0200043202D20696C6C6567616C206F70636FD5
:10A03000646500436C61737320322C2054494E20B8
:10A04000323A20554F5043202D20756E696D706C4B
:10A05000656D656E746564206F70636F6465004341
:10A060006C61737320322C2054494E20333A204FB8
:10A07000504420202D20696E76616C6964206F70D9
:10A080006572616E6420737065636966696361748B
:10A09000696F6E00436C61737320322C2054494EFB
:10A0A00020343A20414C4E20202D206461746120E0
:10A0B0006164647265737320616C69676E6D656E4F
:10A0C0007400436C61737320322C2054494E203548
:10A0D0003A204D454D20202D20696E76616C6964D3
:10A0E000206C6F63616C206D656D6F7279206164A7
:10A0F000647265737300436C61737320332C205456
:10A10000494E20313A2046434420202D2066726576
:10A110006520636F6E74657874206C697374206455
:10A1200065706C6574696F6E2028464358203D2029
:10A130004C43582900436C61737320332C205449DD
:10A140004E20323A2043444F20202D2063616C6C16
:10A15000206465707468206F766572666C6F770036
:10A16000436C61737320332C2054494E20333A20C2
:10A1700043445520202D2063616C6C20646570740D
:10A180006820756E646572666C6F7700436C6173EE
:10A190007320332C2054494E20343A204643552016
:10A1A000202D206672656520636F6E74657874205B
:10A1B0006C69737420756E646572666C6F772028A5
:10A1C000464358203D20302900436C61737320338F
:10A1D0002C2054494E20353A2043535520202D2021
:10A1E00063616C6C20737461636B20756E6465725F
:10A1F000666C6F772028504358203D20302900435B
:10A200006C61737320332C2054494E20363A20431E
:10A21000545950202D20636F6E74657874207479C2
:10A2200070652028504358492E554C2077726F6E28
:10A23000672900436C61737320332C2054494E20EE
:10A24000373A204E455354202D206E657374696E45
:10A2500067206572726F723A2052464520776974A2
:10A2600068206E6F6E2D7A65726F2063616C6C2052
:10A27000646570746800436C61737320342C2054DF
:10A28000494E20313A2050534520202D2070726FC6
:10A290006772616D2066657463682073796E6368A8
:10A2A000726F6E6F7573206572726F7200436C61AE
:10A2B000737320342C2054494E20323A20445345A5
:10A2C00020202D20646174612061636365737320B5
:10A2D00073796E6368726F6E6F7573206572726FDB
:10A2E0007200436C61737320342C2054494E203328
:10A2F0003A2044414520202D20646174612061632F
:10A3000063657373206173796E6368726F6E6F75C6
:10A3100073206572726F7200436C61737320342C0A
:10A320002054494E20343A2043414520202D2063BB
:10A330006F70726F636573736F72207472617020D7
:10A340006173796E6368726F6E6F75732065727278
:10A350006F7200436C61737320342C2054494E207B
:10A36000353A2050494520202D2070726F67726168
:10A370006D206D656D6F727920696E7465677269A5
:10A380007479206572726F7200436C61737320344C
:10A390002C2054494E20363A2044494520202D2077
:10A3A00064617461206D656D6F727920696E74658A
:10A3B0006772697479206572726F7200436C6173A1
:10A3C0007320342C2054494E20373A2054414520E4
:10A3D000202D206173796E63682048572074656D65
:10A3E000706F72616C206173796E6368726F6E6FEB
:10A3F0007573206572726F7200436C6173732035E0
:10A400002C2054494E20313A204F564620202D20F2
:10A4100061726974686D65746963206F76657266D0
:10A420006C6F7700436C61737320352C2054494E58
:10A4300020323A20534F5646202D20737469636BA7
:10A44000792061726974686D65746963206F7665DF
:10A4500072666C6F7700436C61737320373A20200B
:10A4600020202020202020202020202020556E6524
:10A4700078706563746564204E4D4920726571750E
:10A4800065737400496E7465726E616C20657272DA
:10A490006F723A20556E7265636F676E697A656494
:10A4A0002074726170000144503833383232000336
:10A4B0000201040302010201000302010001020380
:10A4C000040506070809000B0C0D0E0F10111213DE
:10A4D000141561626F72740061726974686D6574DD
:10A4E0006963206572726F7200696E76616C69646F
:10A4F0002065786563757461626C6520636F64655F
:10A5000000696E74657272757074696F6E00696E41
:10A5100076616C69642073746F7261676520616332
:10A5200063657373007465726D696E6174696F6ED3
:10A530002072657175657374007369676E616C2054
:10A540002300202D2D207465726D696E6174696E13
:10A55000670A0000002115110E0D0C0B0B0A0A09E9
:10A56000090909090808080808080807070707076C
:10A570000707070707070707303132333435363707
:10A5800038396162636465666768696A6B6C6D6EB1
:10A590006F707172737475767778797A00FFFFFF48
:00000001FF
